,level_0,index,TIME_STAMP,Lat,Lon,Smart Phone Smart Throughput Mobile Network DL Throughput [Mbps],Smart Phone Smart Throughput Mobile Network UL Throughput [Mbps],Event 5G-NR/LTE Events,5G KPI PCell RF Frequency [MHz],5G KPI PCell RF Serving PCI,5G KPI PCell Layer1 UL MCS (Avg),5G KPI PCell Layer1 UL BLER [%],5G KPI PCell RF Serving SS-RSRP [dBm],5G KPI PCell RF BandWidth,5G KPI PCell Layer1 DL MCS (Avg),5G KPI PCell Layer1 DL BLER [%],5G KPI PCell Layer2 MAC UL Throughput [Mbps],5G KPI PCell RF Serving SS-RSRP [dBm],5G KPI SCell[1] Layer2 MAC UL Throughput [Mbps],5G KPI SCell[2] Layer2 MAC UL Throughput [Mbps],5G KPI SCell[3] Layer2 MAC UL Throughput [Mbps],5G KPI SCell[4] Layer2 MAC UL Throughput [Mbps],5G KPI SCell[5] Layer2 MAC UL Throughput [Mbps],5G KPI SCell[6] Layer2 MAC UL Throughput [Mbps],5G KPI SCell[7] Layer2 MAC UL Throughput [Mbps],5G KPI PCell Layer2 MAC DL Throughput [Mbps],5G KPI SCell[1] Layer2 MAC DL Throughput [Mbps],5G KPI SCell[2] Layer2 MAC DL Throughput [Mbps],5G KPI SCell[3] Layer2 MAC DL Throughput [Mbps],5G KPI SCell[4] Layer2 MAC DL Throughput [Mbps],5G KPI SCell[5] Layer2 MAC DL Throughput [Mbps],5G KPI SCell[6] Layer2 MAC DL Throughput [Mbps],5G KPI SCell[7] Layer2 MAC DL Throughput [Mbps],LTE KPI PCell Serving EARFCN(DL),LTE KPI PCell Serving PCI,LTE KPI PCell MAC DL Throughput[Mbps],LTE KPI PCell MAC UL Throughput[Mbps],LTE KPI SCell[1] MAC DL Throughput[Mbps],LTE KPI SCell[2] MAC DL Throughput[Mbps],LTE KPI SCell[3] MAC DL Throughput[Mbps],LTE KPI SCell[4] MAC DL Throughput[Mbps],LTE KPI SCell[1] MAC UL Throughput[Mbps],LTE KPI SCell[2] MAC UL Throughput[Mbps],LTE KPI SCell[3] MAC UL Throughput[Mbps],LTE KPI SCell[4] MAC UL Throughput[Mbps],LTE KPI PCell UL MCS,LTE KPI PCell Serving RSRP[dBm],Smart Phone Smart Throughput Mobile Network Tx Byte,LTE KPI PCell Serving BandWidth(DL),LTE KPI PCell DL MCS0,LTE KPI PDSCH BLER[%],LTE KPI PCell Serving RSRP[dBm]
0,2188,13671,2022-08-10 03:33:14.300000,39.738369,-111.827995,54.218,0.33,,,,18.63,0.0,,,13.67,14.29,0.362,,,,,,,,,0.287,,,,,,,,66586.0,342.0,,,,,,,,,,,21.25,-85.88,20626.0,10.0,17.11,8.37,-85.88
1,2189,13675,2022-08-10 03:33:14.700000,39.738491,-111.828079,53.693,0.348,,,,18.18,0.0,,,15.55,5.56,0.375,,,,,,,,,3.644,,,,,,,,66586.0,342.0,,,,,,,,,,,19.5,-87.55,21734.0,10.0,14.93,3.23,-87.55
2,2190,13681,2022-08-10 03:33:15.300000,39.738678,-111.828186,46.062,0.304,,,,21.29,0.0,,,16.64,6.25,0.179,,,,,,,,,3.193,,,,,,,,66586.0,342.0,,,,,,,,,,,18.33,-84.96,18976.0,10.0,17.97,12.27,-84.96
3,2191,13685,2022-08-10 03:33:15.700000,39.738804,-111.82827,32.741,0.316,,884.55,342.0,22.0,0.0,-75.3,10.0,13.33,0.0,0.16,-75.3,,,,,,,,0.479,,,,,,,,66586.0,342.0,,,,,,,,,,,16.0,-84.04,19727.0,10.0,17.02,8.2,-84.04
4,2192,13690,2022-08-10 03:33:16.200000,39.73896,-111.828369,22.711,0.281,,884.55,342.0,21.33,0.0,-75.94,10.0,16.56,9.09,0.116,-75.94,,,,,,,,2.822,,,,,,,,66586.0,342.0,,,,,,,,,,,18.57,-83.96,17595.0,10.0,19.27,13.52,-83.96
5,2193,13695,2022-08-10 03:33:16.700000,39.739113,-111.828468,9.592,0.139,,,,20.0,0.0,,,16.5,28.57,0.17,,,,,,,,,0.454,,,,,,,,66586.0,342.0,,,,,,,,,,,21.75,-82.57,8659.0,10.0,14.84,3.41,-82.57
6,2194,13701,2022-08-10 03:33:17.300000,39.7393,-111.828575,11.493,0.126,,884.55,342.0,21.8,0.0,-74.56,10.0,15.11,4.76,0.125,-74.56,,,,,,,,6.681,,,,,,,,66586.0,342.0,,,,,,,,,,,18.8,-83.76,7853.0,10.0,18.0,6.99,-83.76
7,2195,13705,2022-08-10 03:33:17.700000,39.739422,-111.828659,12.701,0.134,,884.55,342.0,21.13,0.0,-74.92,10.0,14.91,5.13,0.2,-74.92,,,,,,,,12.519,,,,,,,,66586.0,342.0,,,,,,,,,,,20.0,-83.89,8374.0,10.0,19.5,4.11,-83.89
8,2196,13711,2022-08-10 03:33:18.300000,39.739601,-111.828773,14.326,0.172,,884.55,342.0,20.82,0.0,-75.33,10.0,16.04,13.95,0.216,-75.33,,,,,,,,10.559,,,,,,,,66586.0,342.0,,,,,,,,,,,17.8,-84.29,10730.0,10.0,16.61,3.09,-84.29
9,2197,13715,2022-08-10 03:33:18.700000,39.739723,-111.828857,13.965,0.171,,884.55,342.0,21.5,0.0,-74.61,10.0,16.03,3.57,0.187,-74.61,,,,,,,,11.992,,,,,,,,66586.0,342.0,,,,,,,,,,,18.3,-83.89,10667.0,10.0,17.62,19.1,-83.89
10,2198,13721,2022-08-10 03:33:19.300000,39.73991,-111.828979,16.565,0.172,,884.55,342.0,20.25,0.0,-76.05,10.0,15.33,0.0,0.236,-76.05,,,,,,,,1.175,,,,,,,,66586.0,342.0,,,,,,,,,,,21.33,-84.95,10774.0,10.0,17.61,33.58,-84.95
11,2199,13725,2022-08-10 03:33:19.700000,39.740032,-111.829063,12.795,0.152,,884.55,342.0,20.8,0.0,-75.98,10.0,14.57,12.5,0.214,-75.98,,,,,,,,4.627,,,,,,,,66586.0,342.0,,,,,,,,,,,20.57,-85.27,9528.0,10.0,17.71,3.76,-85.27
12,2200,13731,2022-08-10 03:33:20.300000,39.740219,-111.829178,17.959,0.222,,884.55,342.0,19.29,12.5,-74.7,10.0,17.0,9.09,0.211,-74.7,,,,,,,,1.141,,,,,,,,66586.0,342.0,,,,,,,,,,,17.0,-85.21,13892.0,10.0,18.73,0.7,-85.21
13,2201,13735,2022-08-10 03:33:20.700000,39.740341,-111.829262,20.563,0.225,,,,20.88,11.11,,,18.67,10.0,0.229,,,,,,,,,0.963,,,,,,,,66586.0,342.0,,,,,,,,,,,20.0,-85.49,14044.0,10.0,15.94,2.7,-85.49
14,2202,13741,2022-08-10 03:33:21.300000,39.740528,-111.829376,19.147,0.208,,884.55,342.0,22.0,0.0,-76.28,10.0,18.0,7.14,0.158,-76.28,,,,,,,,1.981,,,,,,,,66586.0,342.0,,,,,,,,,,,18.29,-85.34,13006.0,10.0,17.53,3.13,-85.34
15,2203,13745,2022-08-10 03:33:21.700000,39.740654,-111.82946,20.152,0.22,,,,18.63,11.11,,,18.0,16.67,0.232,,,,,,,,,1.46,,,,,,,,66586.0,342.0,,,,,,,,,,,18.9,-87.32,13732.0,10.0,16.86,10.18,-87.32
16,2204,13751,2022-08-10 03:33:22.300000,39.740849,-111.82959,13.332,0.162,,884.55,342.0,18.15,0.0,-79.27,10.0,11.75,3.03,0.194,-79.27,,,,,,,,6.392,,,,,,,,66586.0,342.0,,,,,,,,,,,18.33,-84.34,10144.0,10.0,17.35,5.23,-84.34
17,2205,13755,2022-08-10 03:33:22.700000,39.740974,-111.829674,15.165,0.17,,884.55,342.0,20.71,22.22,-85.92,10.0,11.25,33.33,0.192,-85.92,,,,,,,,0.123,,,,,,,,66586.0,342.0,,,,,,,,,,,19.57,-86.5,10599.0,10.0,14.79,5.65,-86.5
18,2206,13761,2022-08-10 03:33:23.300000,39.741161,-111.829788,19.444,0.207,,,,16.0,28.57,,,2.33,0.0,0.099,,,,,,,,,0.02,,,,,,,,66586.0,342.0,,,,,,,,,,,19.0,-86.21,12956.0,10.0,16.18,8.15,-86.21
19,2207,13765,2022-08-10 03:33:23.700000,39.741287,-111.829872,18.34,0.179,,884.55,342.0,8.89,10.0,-90.06,10.0,6.75,16.67,0.144,-90.06,,,,,,,,0.105,,,,,,,,66586.0,342.0,,,,,,,,,,,21.75,-84.23,11138.0,10.0,17.97,3.96,-84.23
20,2208,13770,2022-08-10 03:33:24.200000,39.741444,-111.829979,20.545,0.189,,884.55,342.0,9.67,14.29,-84.01,10.0,13.75,12.5,0.116,-84.01,,,,,,,,0.913,,,,,,,,66586.0,342.0,,,,,,,,,,,18.67,-83.22,11808.0,10.0,22.93,9.68,-83.22
21,2209,13775,2022-08-10 03:33:24.700000,39.741604,-111.830078,25.333,0.222,,884.55,342.0,15.45,0.0,-80.79,10.0,15.4,0.0,0.214,-80.79,,,,,,,,1.732,,,,,,,,66586.0,342.0,,,,,,,,,,,21.33,-85.71,13876.0,10.0,16.1,1.05,-85.71
22,2210,13781,2022-08-10 03:33:25.300000,39.741791,-111.8302,21.0,0.195,,884.55,342.0,18.0,0.0,-76.66,10.0,18.0,0.0,0.226,-76.66,,,,,,,,2.448,,,,,,,,66586.0,342.0,,,,,,,,,,,21.0,-94.25,12218.0,10.0,14.0,12.88,-94.25
23,2211,13785,2022-08-10 03:33:25.700000,39.741909,-111.830276,23.855,0.234,,,,18.0,0.0,,,18.08,0.0,0.232,,,,,,,,,2.203,,,,,,,,66586.0,342.0,,,,,,,,,,,21.0,-91.41,14610.0,10.0,16.41,2.86,-91.41
24,2212,13791,2022-08-10 03:33:26.300000,39.742088,-111.830391,30.373,0.233,,884.55,342.0,19.5,0.0,-78.64,10.0,19.33,0.0,0.225,-78.64,,,,,,,,0.38,,,,,,,,66586.0,342.0,,,,,,,,,,,17.0,-86.99,14572.0,10.0,19.0,0.0,-86.99
25,2213,13795,2022-08-10 03:33:26.700000,39.742214,-111.830467,30.51,0.248,,884.55,342.0,18.89,0.0,-79.08,10.0,17.77,24.14,0.365,-79.08,,,,,,,,5.064,,,,,,,,66586.0,342.0,,,,,,,,,,,15.33,-87.53,15508.0,10.0,16.92,1.64,-87.53
26,2214,13801,2022-08-10 03:33:27.300000,39.742401,-111.830589,19.824,0.161,,,,17.75,0.0,,,7.78,0.0,0.089,,,,,,,,,2.6,,,,,,,,66586.0,342.0,,,,,,,,,,,20.33,-84.47,10040.0,10.0,20.43,12.72,-84.47
27,2215,13805,2022-08-10 03:33:27.700000,39.742531,-111.830673,12.73,0.209,,884.55,342.0,17.14,12.5,-81.05,10.0,14.63,5.56,0.135,-81.05,,,,,,,,5.281,,,,,,,,66586.0,342.0,,,,,,,,,,,16.0,-84.96,13015.0,10.0,20.04,4.03,-84.96
28,2216,13811,2022-08-10 03:33:28.300000,39.742725,-111.830795,26.185,0.23,,884.55,342.0,18.0,0.0,-81.77,10.0,14.0,20.0,0.18,-81.77,,,,,,,,0.957,,,,,,,,66586.0,342.0,,,,,,,,,,,19.75,-84.47,14372.0,10.0,16.78,4.1,-84.47
29,2217,13815,2022-08-10 03:33:28.700000,39.742851,-111.830879,28.194,0.254,,884.55,342.0,20.6,0.0,-84.57,10.0,10.71,8.33,0.181,-84.57,,,,,,,,1.631,,,,,,,,66586.0,342.0,,,,,,,,,,,18.8,-85.1,15892.0,10.0,18.0,7.41,-85.1
30,2218,13821,2022-08-10 03:33:29.300000,39.743038,-111.830994,37.563,0.258,,,,20.33,0.0,,,11.55,22.73,0.203,,,,,,,,,3.518,,,,,,,,66586.0,342.0,,,,,,,,,,,17.2,-86.48,16116.0,10.0,17.74,11.54,-86.48
31,2219,13825,2022-08-10 03:33:29.700000,39.743164,-111.831078,39.207,0.296,,,,20.67,0.0,,,12.5,21.43,0.241,,,,,,,,,1.202,,,,,,,,66586.0,342.0,,,,,,,,,,,18.4,-87.95,18504.0,10.0,14.7,3.85,-87.95
32,2220,13831,2022-08-10 03:33:30.300000,39.743351,-111.831207,40.304,0.283,,884.55,342.0,21.0,0.0,-82.7,10.0,13.4,0.0,0.318,-82.7,,,,,,,,3.223,,,,,,,,66586.0,342.0,,,,,,,,,,,18.5,-87.95,17675.0,10.0,18.38,3.8,-87.95
33,2221,13835,2022-08-10 03:33:30.700000,39.743477,-111.831291,24.776,0.201,,884.55,342.0,17.5,0.0,-82.34,10.0,12.42,3.7,0.161,-82.34,,,,,,,,6.903,,,,,,,,66586.0,342.0,,,,,,,,,,,18.0,-86.28,12588.0,10.0,17.36,9.14,-86.28
34,2222,13841,2022-08-10 03:33:31.300000,39.743668,-111.831406,25.125,0.202,,,,20.33,0.0,,,16.75,0.0,0.28,,,,,,,,,1.315,,,,,,,,66586.0,342.0,,,,,,,,,,,17.17,-88.17,12621.0,10.0,15.79,4.62,-88.17
35,2223,13845,2022-08-10 03:33:31.700000,39.743793,-111.83149,37.929,0.296,,,,18.67,0.0,,,13.8,0.0,0.439,,,,,,,,,2.083,,,,,,,,66586.0,342.0,,,,,,,,,,,20.6,-90.01,18493.0,10.0,14.62,4.95,-90.01
36,2224,13851,2022-08-10 03:33:32.300000,39.74398,-111.831619,33.039,0.247,,884.55,342.0,21.0,0.0,-84.93,10.0,14.17,0.0,0.482,-84.93,,,,,,,,7.165,,,,,,,,66586.0,342.0,,,,,,,,,,,16.0,-89.34,15464.0,10.0,17.38,4.79,-89.34
37,2225,13855,2022-08-10 03:33:32.700000,39.744102,-111.831703,38.904,0.345,,884.55,342.0,19.17,0.0,-85.91,10.0,13.86,0.0,0.262,-85.91,,,,,,,,3.117,,,,,,,,66586.0,342.0,,,,,,,,,,,24.0,-91.97,21579.0,10.0,16.83,10.11,-91.97
38,2226,13861,2022-08-10 03:33:33.300000,39.744289,-111.831818,37.455,0.301,,,,20.0,0.0,,,11.67,0.0,0.157,,,,,,,,,1.626,,,,,,,,66586.0,342.0,,,,,,,,,,,18.25,-92.64,18864.0,10.0,14.14,10.45,-92.64
39,2227,13865,2022-08-10 03:33:33.700000,39.744411,-111.831902,34.028,0.319,,884.55,342.0,20.22,0.0,-89.84,10.0,13.4,20.0,0.265,-89.84,,,,,,,,0.266,,,,,,,,66586.0,342.0,,,,,,,,,,,20.0,-92.03,19912.0,10.0,14.5,19.05,-92.03
40,2228,13870,2022-08-10 03:33:34.200000,39.744568,-111.832008,33.839,0.229,,,,18.67,25.0,,,12.0,0.0,0.195,,,,,,,,,1.692,,,,,,,,66586.0,342.0,,,,,,,,,,,21.33,-96.17,14321.0,10.0,13.78,23.62,-96.17
41,2229,13875,2022-08-10 03:33:34.700000,39.744724,-111.832108,22.44,0.21,,884.55,342.0,17.71,0.0,-93.61,10.0,13.0,0.0,0.245,-93.61,,,,,,,,0.207,,,,,,,,66586.0,342.0,,,,,,,,,,,14.86,-95.08,13136.0,10.0,12.39,6.18,-95.08
42,2230,13881,2022-08-10 03:33:35.300000,39.744919,-111.83223,41.783,0.29,,,,15.4,0.0,,,18.4,11.11,0.123,,,,,,,,,0.856,,,,,,,,66586.0,342.0,,,,,,,,,,,19.5,-95.07,18096.0,10.0,14.14,6.57,-95.07
43,2231,13885,2022-08-10 03:33:35.700000,39.745041,-111.832314,34.683,0.27,,884.55,342.0,17.0,0.0,-94.61,10.0,15.33,23.81,0.037,-94.61,,,,,,,,3.207,,,,,,,,66586.0,342.0,,,,,,,,,,,16.5,-99.73,16871.0,10.0,10.13,18.6,-99.73
44,2232,13891,2022-08-10 03:33:36.300000,39.745228,-111.832436,29.68,0.215,,884.55,342.0,16.25,0.0,-95.57,10.0,13.8,23.08,0.191,-95.57,,,,,,,,2.359,,,,,,,,66586.0,342.0,,,,,,,,,,,15.5,-100.4,13446.0,10.0,9.2,7.82,-100.4
45,2233,13895,2022-08-10 03:33:36.700000,39.745358,-111.83252,31.856,0.242,,884.55,342.0,16.67,0.0,-96.35,10.0,12.67,10.53,0.246,-96.35,,,,,,,,3.714,,,,,,,,66586.0,342.0,,,,,,,,,,,15.4,-102.89,15136.0,10.0,9.65,2.22,-102.89
46,2234,13901,2022-08-10 03:33:37.300000,39.745556,-111.832649,34.844,0.278,,884.55,342.0,15.29,12.5,-96.1,10.0,12.9,11.11,0.198,-96.1,,,,,,,,3.124,,,,,,,,66586.0,342.0,,,,,,,,,,,11.86,-106.09,17349.0,10.0,10.62,8.66,-106.09
47,2235,13905,2022-08-10 03:33:37.700000,39.745682,-111.832733,32.398,0.273,,,,13.83,0.0,,,8.23,7.14,0.208,,,,,,,,,2.135,,,,,,,,66586.0,342.0,,,,,,,,,,,14.88,-102.36,17052.0,10.0,10.29,2.32,-102.36
48,2236,13911,2022-08-10 03:33:38.300000,39.745861,-111.832848,37.928,0.279,,,,17.67,14.29,,,9.5,0.0,0.082,,,,,,,,,1.882,,,,,,,,66586.0,342.0,,,,,,,,,,,19.0,-101.38,17454.0,10.0,9.23,5.08,-101.38
49,2237,13916,2022-08-10 03:33:38.800000,39.746017,-111.832947,37.539,0.269,,,,17.0,0.0,,,11.0,0.0,0.087,,,,,,,,,3.338,,,,,,,,66586.0,342.0,,,,,,,,,,,15.6,-101.64,16836.0,10.0,8.33,6.47,-101.64
50,2238,13921,2022-08-10 03:33:39.300000,39.746178,-111.833046,42.733,0.323,,,,13.86,0.0,,,14.38,33.33,0.179,,,,,,,,,2.806,,,,,,,,66586.0,342.0,,,,,,,,,,,17.0,-102.68,20223.0,10.0,11.68,6.81,-102.68
51,2239,13925,2022-08-10 03:33:39.700000,39.746307,-111.83313,47.592,0.335,,884.55,342.0,15.0,0.0,-94.84,10.0,14.33,0.0,0.358,-94.84,,,,,,,,1.546,,,,,,,,66586.0,342.0,,,,,,,,,,,16.44,-101.81,20928.0,10.0,10.21,5.0,-101.81
52,2240,13931,2022-08-10 03:33:40.300000,39.746506,-111.83326,18.835,0.15,,884.55,342.0,15.25,0.0,-92.59,10.0,12.86,0.0,0.345,-92.59,,,,,,,,2.768,,,,,,,,66586.0,342.0,,,,,,,,,,,15.86,-96.31,9372.0,10.0,12.06,6.67,-96.31
53,2241,13935,2022-08-10 03:33:40.700000,39.746632,-111.833344,14.272,0.163,,,,18.8,16.67,,,12.31,27.27,0.133,,,,,,,,,5.751,,,,,,,,66586.0,342.0,,,,,,,,,,,13.0,-94.96,10161.0,10.0,9.3,16.23,-94.96
54,2242,13940,2022-08-10 03:33:41.200000,39.746788,-111.833443,20.359,0.214,,,,16.25,33.33,,,11.14,0.0,0.115,,,,,,,,,2.574,,,,,,,,66586.0,342.0,,,,,,,,,,,12.75,-95.11,13400.0,10.0,7.11,11.2,-95.11
55,2243,13945,2022-08-10 03:33:41.700000,39.746944,-111.833542,10.968,0.191,,,,9.4,16.67,,,11.86,0.0,0.094,,,,,,,,,2.894,,,,,,,,66586.0,342.0,,,,,,,,,,,10.5,-97.14,11962.0,10.0,7.85,12.22,-97.14
56,2244,13951,2022-08-10 03:33:42.300000,39.747139,-111.833649,9.071,0.086,,,,9.17,7.69,,,8.0,0.0,0.122,,,,,,,,,0.167,,,,,,,,66586.0,342.0,,,,,,,,,,,9.29,-101.1,5400.0,10.0,8.04,0.72,-101.1
57,2245,13955,2022-08-10 03:33:42.700000,39.747265,-111.833725,9.025,0.125,,884.55,342.0,7.25,7.69,-93.7,10.0,8.4,16.67,0.133,-93.7,,,,,,,,0.956,,,,,,,,66586.0,342.0,,,,,,,,,,,6.91,-100.93,7834.0,10.0,10.8,1.09,-100.93
58,2246,13961,2022-08-10 03:33:43.300000,39.747459,-111.833832,3.365,0.099,,884.55,342.0,11.67,14.29,-95.38,10.0,11.25,12.5,0.071,-95.38,,,,,,,,0.48,,,,,,,,66586.0,342.0,,,,,,,,,,,4.86,-99.38,6180.0,10.0,13.75,8.97,-99.38
59,2247,13965,2022-08-10 03:33:43.700000,39.747585,-111.8339,2.845,0.061,,884.55,342.0,5.88,11.11,-96.76,10.0,16.25,0.0,0.099,-96.76,,,,,,,,1.944,,,,,,,,66586.0,342.0,,,,,,,,,,,6.6,-100.35,3852.0,10.0,12.14,16.22,-100.35
60,2248,13971,2022-08-10 03:33:44.300000,39.74778,-111.834015,3.32,0.06,,884.55,342.0,8.0,12.5,-98.51,10.0,7.5,10.0,0.083,-98.51,,,,,,,,1.325,,,,,,,,66586.0,342.0,,,,,,,,,,,6.67,-103.77,3729.0,10.0,6.92,27.45,-103.77
61,2249,13975,2022-08-10 03:33:44.700000,39.747913,-111.834076,2.817,0.054,,,,7.22,0.0,,,8.3,0.0,0.083,,,,,,,,,1.724,,,,,,,,66586.0,342.0,,,,,,,,,,,9.6,-107.38,3384.0,10.0,4.8,12.68,-107.38
62,2250,13981,2022-08-10 03:33:45.300000,39.748116,-111.834175,2.858,0.063,,884.55,342.0,6.86,6.67,-98.72,10.0,14.19,13.04,0.096,-98.72,,,,,,,,2.605,,,,,,,,66586.0,342.0,,,,,,,,,,,,-110.41,3964.0,10.0,12.83,8.51,-110.41
63,2251,13985,2022-08-10 03:33:45.700000,39.748249,-111.834236,3.565,0.061,,884.55,342.0,4.1,16.67,-105.11,10.0,8.0,0.0,0.08,-105.11,,,,,,,,0.268,,,,,,,,66586.0,342.0,,,,,,,,,,,4.3,-110.95,3820.0,10.0,12.3,1.41,-110.95
64,2252,13991,2022-08-10 03:33:46.300000,39.748447,-111.834328,2.65,0.056,,,,0.0,25.0,,,6.0,0.0,0.013,,,,,,,,,0.671,,,,,,,,66586.0,342.0,,,,,,,,,,,2.5,-115.58,3504.0,10.0,2.02,10.34,-115.58
65,2253,13995,2022-08-10 03:33:46.700000,39.748585,-111.834381,3.541,0.075,,884.55,342.0,4.0,50.0,-110.38,10.0,6.15,0.0,0.022,-110.38,,,,,,,,1.053,,,,,,,,66586.0,342.0,,,,,,,,,,,4.77,-112.19,4700.0,10.0,3.97,4.8,-112.19
66,2254,14001,2022-08-10 03:33:47.300000,39.748787,-111.834442,5.29,0.088,,884.55,342.0,10.25,20.0,-103.98,10.0,10.3,0.0,0.031,-103.98,,,,,,,,0.861,,,,,,,,66586.0,342.0,,,,,,,,,,,11.14,-108.69,5528.0,10.0,8.13,7.56,-108.69
67,2255,14005,2022-08-10 03:33:47.700000,39.748924,-111.834496,5.929,0.102,,884.55,342.0,8.0,0.0,-99.23,10.0,20.0,0.0,0.021,-99.23,,,,,,,,0.399,,,,,,,,66586.0,342.0,,,,,,,,,,,7.43,-108.73,6342.0,10.0,8.19,3.39,-108.73
68,2256,14011,2022-08-10 03:33:48.300000,39.749126,-111.834564,7.037,0.102,,884.55,342.0,11.75,20.0,-98.8,10.0,17.83,16.67,0.045,-98.8,,,,,,,,1.856,,,,,,,,66586.0,342.0,,,,,,,,,,,9.0,-105.32,6356.0,10.0,7.96,12.69,-105.32
69,2257,14016,2022-08-10 03:33:48.800000,39.749302,-111.834618,4.501,0.091,,884.55,342.0,9.8,0.0,-100.41,10.0,10.31,6.25,0.035,-100.41,,,,,,,,2.447,,,,,,,,66586.0,342.0,,,,,,,,,,,6.13,-107.81,5704.0,10.0,7.74,13.18,-107.81
70,2258,14021,2022-08-10 03:33:49.300000,39.749477,-111.834671,5.119,0.087,,884.55,342.0,11.0,0.0,-99.29,10.0,10.0,0.0,0.042,-99.29,,,,,,,,1.325,,,,,,,,66586.0,342.0,,,,,,,,,,,4.0,-109.53,5410.0,10.0,9.76,10.64,-109.53
71,2259,14025,2022-08-10 03:33:49.700000,39.749615,-111.834702,5.666,0.084,,884.55,342.0,9.79,0.0,-99.16,10.0,11.88,18.18,0.117,-99.16,,,,,,,,1.176,,,,,,,,66586.0,342.0,,,,,,,,,,,2.44,-108.02,5250.0,10.0,11.59,13.6,-108.02
72,2260,14031,2022-08-10 03:33:50.300000,39.749825,-111.83474,7.0,0.106,,,,9.08,0.0,,,15.45,0.0,0.089,,,,,,,,,2.48,,,,,,,,66586.0,342.0,,,,,,,,,,,3.8,-106.97,6616.0,10.0,10.07,4.35,-106.97
73,2261,14035,2022-08-10 03:33:50.700000,39.749966,-111.83477,6.253,0.109,,884.55,342.0,8.31,7.14,-100.13,10.0,13.54,0.0,0.123,-100.13,,,,,,,,2.3,,,,,,,,66586.0,342.0,,,,,,,,,,,2.5,-105.89,6772.0,10.0,9.27,16.56,-105.89
74,2262,14041,2022-08-10 03:33:51.300000,39.750175,-111.834816,8.408,0.125,,,,9.5,0.0,,,14.5,12.5,0.138,,,,,,,,,0.656,,,,,,,,66586.0,342.0,,,,,,,,,,,4.11,-106.07,7826.0,10.0,2.72,16.67,-106.07
75,2263,14045,2022-08-10 03:33:51.700000,39.750317,-111.834839,7.563,0.111,,884.55,342.0,10.88,11.11,-101.42,10.0,13.09,5.88,0.088,-101.42,,,,,,,,1.609,,,,,,,,66586.0,342.0,,,,,,,,,,,7.8,-101.6,6910.0,10.0,8.71,7.14,-101.6
76,2264,14051,2022-08-10 03:33:52.300000,39.750526,-111.834862,10.624,0.151,,884.55,342.0,9.67,0.0,-102.76,10.0,9.56,17.65,0.092,-102.76,,,,,,,,1.426,,,,,,,,66586.0,342.0,,,,,,,,,,,12.0,-103.65,9416.0,10.0,5.16,2.59,-103.65
77,2265,14055,2022-08-10 03:33:52.700000,39.750668,-111.834885,10.4,0.138,,,,8.83,0.0,,,4.0,25.0,0.118,,,,,,,,,0.634,,,,,,,,66586.0,342.0,,,,,,,,,,,7.71,-106.24,8663.0,10.0,3.29,2.98,-106.24
78,2266,14061,2022-08-10 03:33:53.300000,39.750885,-111.8349,8.786,0.117,,884.55,342.0,2.4,0.0,-104.65,10.0,12.11,6.67,0.146,-104.65,,,,,,,,1.946,,,,,,,,66586.0,342.0,,,,,,,,,,,9.2,-103.75,7287.0,10.0,8.77,8.7,-103.75
79,2267,14065,2022-08-10 03:33:53.700000,39.751026,-111.834915,7.207,0.081,,,,1.83,0.0,,,9.4,19.05,0.123,,,,,,,,,1.621,,,,,,,,66586.0,342.0,,,,,,,,,,,6.64,-104.6,5063.0,10.0,13.38,0.0,-104.6
80,2268,14071,2022-08-10 03:33:54.300000,39.751236,-111.83493,10.715,0.125,,,,2.0,6.67,,,8.7,0.0,0.132,,,,,,,,,0.968,,,,,,,,66586.0,342.0,,,,,,,,,,,10.4,-101.12,7824.0,10.0,8.06,5.15,-101.12
81,2269,14075,2022-08-10 03:33:54.700000,39.751377,-111.83493,7.434,0.081,,884.55,342.0,1.77,0.0,-100.98,10.0,8.0,20.0,0.075,-100.98,,,,,,,,0.034,,,,,,,,66586.0,342.0,,,,,,,,,,,,-104.18,5037.0,10.0,10.0,0.0,-104.18
82,2270,14081,2022-08-10 03:33:55.300000,39.751587,-111.83493,11.878,0.125,,,,0.0,9.76,,10.0,10.29,16.67,0.076,,,,,,,,,2.116,,,,,,,,66586.0,342.0,,,,,,,,,,,4.45,-100.15,7873.0,10.0,16.41,3.5,-100.15
83,2271,14085,2022-08-10 03:33:55.700000,39.751724,-111.83493,7.921,0.119,,884.55,342.0,1.0,0.0,-101.18,10.0,6.75,0.0,0.002,-101.18,,,,,,,,0.156,,,,,,,,66586.0,342.0,,,,,,,,,,,,-103.1,7414.0,10.0,,,-103.1
84,2272,14091,2022-08-10 03:33:56.300000,39.751934,-111.834923,9.003,0.094,,884.55,342.0,6.14,0.0,-102.48,10.0,11.0,19.05,0.039,-102.48,,,,,,,,1.973,,,,,,,,66586.0,342.0,,,,,,,,,,,6.1,-101.13,5867.0,10.0,11.97,9.3,-101.13
85,2273,14096,2022-08-10 03:33:56.800000,39.75211,-111.834915,7.791,0.086,,884.55,342.0,5.0,0.0,-103.57,10.0,13.0,50.0,0.018,-103.57,,,,,,,,0.123,,,,,,,,66586.0,342.0,,,,,,,,,,,1.88,-104.08,5345.0,10.0,9.3,3.26,-104.08
86,2274,14101,2022-08-10 03:33:57.300000,39.752285,-111.8349,9.048,0.093,,,,,,,,,,,,,,,,,,,0.0,,,,,,,,66586.0,342.0,,,,,,,,,,,4.5,-105.04,5805.0,10.0,11.16,6.67,-105.04
87,2275,14105,2022-08-10 03:33:57.700000,39.752426,-111.834885,13.8,0.142,,,,5.0,0.0,,,9.08,0.0,0.008,,,,,,,,,1.344,,,,,,,,66586.0,342.0,,,,,,,,,,,4.19,-104.42,8880.0,10.0,10.9,0.4,-104.42
88,2276,14111,2022-08-10 03:33:58.300000,39.752636,-111.834869,20.106,0.182,,,,9.0,25.0,,,9.0,9.09,0.025,,,,,,,,,0.886,,,,,,,,66586.0,342.0,,,,,,,,,,,7.64,-102.0,11344.0,10.0,16.4,2.59,-102.0
89,2277,14115,2022-08-10 03:33:58.700000,39.752777,-111.834846,20.545,0.181,,,,1.91,0.0,,,7.22,0.0,0.12,,,,,,,,,0.376,,,,,,,,66586.0,342.0,,,,,,,,,,,11.0,-100.2,11333.0,10.0,18.09,13.95,-100.2
90,2278,14121,2022-08-10 03:33:59.300000,39.752987,-111.834831,26.671,0.207,,884.55,342.0,5.29,6.67,-105.97,10.0,10.9,10.53,0.163,-105.97,,,,,,,,1.302,,,,,,,,66586.0,342.0,,,,,,,,,,,10.2,-99.41,12916.0,10.0,19.69,9.55,-99.41
91,2279,14125,2022-08-10 03:33:59.700000,39.753124,-111.834808,27.692,0.224,,884.55,342.0,3.0,6.25,-107.38,10.0,5.5,18.75,0.111,-107.38,,,,,,,,1.179,,,,,,,,66586.0,342.0,,,,,,,,,,,5.3,-96.06,14004.0,10.0,17.04,16.54,-96.06
92,2280,14131,2022-08-10 03:34:00.300000,39.753334,-111.834778,27.6,0.212,,,,2.2,9.09,,,9.2,0.0,0.163,,,,,,,,,1.985,,,,,,,,66586.0,342.0,,,,,,,,,,,5.33,-101.8,13276.0,10.0,15.27,7.35,-101.8
93,2281,14135,2022-08-10 03:34:00.700000,39.753475,-111.834755,31.604,0.231,,,,6.31,5.88,,,9.57,16.0,0.178,,,,,,,,,3.943,,,,,,,,66586.0,342.0,,,,,,,,,,,9.0,-95.7,14486.0,10.0,20.38,31.37,-95.7
94,2282,14140,2022-08-10 03:34:01.200000,39.753651,-111.834724,17.319,0.181,,,,7.0,0.0,,,11.38,0.0,0.135,,,,,,,,,4.426,,,,,,,,66586.0,342.0,,,,,,,,,,,9.1,-95.13,11264.0,10.0,22.79,4.93,-95.13
95,2283,14145,2022-08-10 03:34:01.700000,39.753826,-111.834702,20.578,0.17,,,,10.25,0.0,,,13.0,8.7,0.131,,,,,,,,,2.296,,,,,,,,66586.0,342.0,,,,,,,,,,,13.0,-95.94,10625.0,10.0,20.76,5.84,-95.94
96,2284,14151,2022-08-10 03:34:02.300000,39.754036,-111.834679,38.012,0.274,,,,7.33,0.0,,,14.85,12.0,0.251,,,,,,,,,3.739,,,,,,,,66586.0,342.0,,,,,,,,,,,9.33,-95.24,17145.0,10.0,21.88,7.25,-95.24
97,2285,14155,2022-08-10 03:34:02.700000,39.754173,-111.834656,24.908,0.153,,884.55,342.0,10.33,14.29,-102.77,10.0,11.93,13.95,0.062,-102.77,,,,,,,,3.277,,,,,,,,66586.0,342.0,,,,,,,,,,,8.5,-94.19,9520.0,10.0,22.56,2.96,-94.19
98,2286,14161,2022-08-10 03:34:03.300000,39.754375,-111.834641,45.286,0.34,,,,9.6,0.0,,,15.4,21.43,0.052,,,,,,,,,1.46,,,,,,,,66586.0,342.0,,,,,,,,,,,10.4,-94.06,21280.0,10.0,20.97,9.94,-94.06
99,2287,14165,2022-08-10 03:34:03.700000,39.75452,-111.834618,34.158,0.246,,,,6.38,0.0,,,15.58,23.33,0.215,,,,,,,,,3.322,,,,,,,,66586.0,342.0,,,,,,,,,,,11.5,-94.52,15382.0,10.0,22.78,13.98,-94.52
100,2288,14171,2022-08-10 03:34:04.300000,39.754742,-111.834595,41.228,0.289,,884.55,342.0,6.36,0.0,-100.26,10.0,14.0,28.57,0.177,-100.26,,,,,,,,0.073,,,,,,,,66586.0,342.0,,,,,,,,,,,5.6,-94.38,18092.0,10.0,21.23,12.94,-94.38
101,2289,14175,2022-08-10 03:34:04.700000,39.754883,-111.834579,25.454,0.211,,,,9.29,0.0,,,8.36,26.32,0.075,,,,,,,,,2.099,,,,,,,,66586.0,342.0,,,,,,,,,,,7.6,-94.19,13159.0,10.0,18.74,5.36,-94.19
102,2290,14181,2022-08-10 03:34:05.300000,39.755085,-111.834557,21.095,0.147,,884.55,342.0,10.25,0.0,-98.72,10.0,4.0,0.0,0.038,-98.72,,,,,,,,1.101,,,,,,,,66586.0,342.0,,,,,,,,,,,10.25,-93.38,9179.0,10.0,20.35,18.66,-93.38
103,2291,14185,2022-08-10 03:34:05.700000,39.755226,-111.834549,23.466,0.226,,,,9.4,0.0,,,4.67,11.11,0.076,,,,,,,,,1.381,,,,,,,,66586.0,342.0,,,,,,,,,,,8.0,-92.58,14077.0,10.0,22.97,8.2,-92.58
104,2292,14191,2022-08-10 03:34:06.300000,39.755436,-111.834541,19.093,0.186,,,,7.75,11.11,,,4.1,15.38,0.228,,,,,,,,,1.333,,,,,,,,66586.0,342.0,,,,,,,,,,,9.29,-95.38,11702.0,10.0,20.94,7.42,-95.38
105,2293,14195,2022-08-10 03:34:06.700000,39.755577,-111.834541,18.329,0.195,,884.55,342.0,9.6,0.0,-98.68,10.0,4.0,0.0,0.107,-98.68,,,,,,,,1.556,,,,,,,,66586.0,342.0,,,,,,,,,,,11.63,-100.31,12120.0,10.0,17.49,8.39,-100.31
106,2294,14201,2022-08-10 03:34:07.300000,39.755787,-111.834549,28.298,0.228,,,,8.0,0.0,,,6.0,21.43,0.165,,,,,,,,,1.607,,,,,,,,66586.0,342.0,,,,,,,,,,,11.0,-99.76,14292.0,10.0,20.7,8.99,-99.76
107,2295,14205,2022-08-10 03:34:07.700000,39.755924,-111.834557,27.152,0.23,,,,9.86,12.5,,,6.88,10.71,0.083,,,,,,,,,3.022,,,,,,,,66586.0,342.0,,,,,,,,,,,12.71,-97.04,14372.0,10.0,18.77,8.06,-97.04
108,2296,14211,2022-08-10 03:34:08.300000,39.756134,-111.834572,29.017,0.258,,884.55,342.0,12.0,14.29,-98.47,10.0,8.74,2.44,0.07,-98.47,,,,,,,,5.536,,,,,,,,66586.0,342.0,,,,,,,,,,,14.5,-93.33,16094.0,10.0,15.58,3.49,-93.33
109,2297,14216,2022-08-10 03:34:08.800000,39.75631,-111.834587,26.291,0.226,,,,10.83,0.0,,,12.0,0.0,0.197,,,,,,,,,0.181,,,,,,,,66586.0,342.0,,,,,,,,,,,17.25,-91.55,14167.0,10.0,16.15,11.63,-91.55
110,2298,14221,2022-08-10 03:34:09.300000,39.756485,-111.834602,22.055,0.197,,884.55,342.0,17.0,0.0,-96.26,10.0,11.1,20.0,0.145,-96.26,,,,,,,,2.746,,,,,,,,66586.0,342.0,,,,,,,,,,,16.0,-91.25,12292.0,10.0,16.54,6.44,-91.25
111,2299,14225,2022-08-10 03:34:09.700000,39.756626,-111.834625,22.177,0.177,,,,20.0,25.0,,,7.4,6.25,0.075,,,,,,,,,7.823,,,,,,,,66586.0,342.0,,,,,,,,,,,19.25,-90.69,11083.0,10.0,19.14,14.55,-90.69
112,2300,14231,2022-08-10 03:34:10.300000,39.756836,-111.834656,32.124,0.243,,,,17.0,0.0,,,8.45,3.45,0.21,,,,,,,,,3.998,,,,,,,,66586.0,342.0,,,,,,,,,,,15.88,-91.92,15201.0,10.0,20.48,8.22,-91.92
113,2301,14235,2022-08-10 03:34:10.700000,39.756977,-111.834679,25.75,0.226,,884.55,342.0,18.5,0.0,-91.36,10.0,11.19,0.0,0.177,-91.36,,,,,,,,4.226,,,,,,,,66586.0,342.0,,,,,,,,,,,15.67,-87.76,14112.0,10.0,18.95,10.23,-87.76
114,2302,14241,2022-08-10 03:34:11.300000,39.757187,-111.834709,31.467,0.259,,884.55,342.0,15.8,0.0,-91.95,10.0,12.53,16.0,0.246,-91.95,,,,,,,,6.966,,,,,,,,66586.0,342.0,,,,,,,,,,,16.8,-86.47,16244.0,10.0,21.73,13.45,-86.47
115,2303,14245,2022-08-10 03:34:11.700000,39.757324,-111.83474,25.91,0.208,,884.55,342.0,18.83,0.0,-93.23,10.0,11.78,12.5,0.092,-93.23,,,,,,,,2.802,,,,,,,,66586.0,342.0,,,,,,,,,,,14.0,-88.14,12986.0,10.0,17.54,4.2,-88.14
116,2304,14251,2022-08-10 03:34:12.300000,39.757526,-111.834793,37.425,0.275,,,,16.83,0.0,,,14.5,21.21,0.198,,,,,,,,,6.04,,,,,,,,66586.0,342.0,,,,,,,,,,,15.0,-86.9,17168.0,10.0,18.75,1.3,-86.9
117,2305,14255,2022-08-10 03:34:12.700000,39.757664,-111.834831,38.226,0.287,,,,19.2,0.0,,,12.0,0.0,0.348,,,,,,,,,0.565,,,,,,,,66586.0,342.0,,,,,,,,,,,15.6,-87.71,17952.0,10.0,21.71,5.82,-87.71
118,2306,14261,2022-08-10 03:34:13.300000,39.757866,-111.834892,21.46,0.184,,884.55,342.0,18.0,0.0,-94.01,10.0,10.7,0.0,0.248,-94.01,,,,,,,,0.566,,,,,,,,66586.0,342.0,,,,,,,,,,,15.6,-91.27,11538.0,10.0,17.0,25.0,-91.27
119,2307,14265,2022-08-10 03:34:13.700000,39.758003,-111.83493,27.941,0.198,,884.55,342.0,20.75,0.0,-91.95,10.0,11.67,0.0,0.134,-91.95,,,,,,,,0.272,,,,,,,,66586.0,342.0,,,,,,,,,,,13.57,-91.68,12313.0,10.0,11.77,10.98,-91.68
120,2308,14271,2022-08-10 03:34:14.300000,39.758205,-111.834991,39.767,0.306,,,,19.6,0.0,,,16.25,30.0,0.394,,,,,,,,,0.844,,,,,,,,66586.0,342.0,,,,,,,,,,,10.5,-96.25,19056.0,10.0,10.95,5.97,-96.25
121,2309,14275,2022-08-10 03:34:14.700000,39.758343,-111.835037,37.813,0.274,,884.55,342.0,20.0,0.0,-89.56,10.0,14.8,28.57,0.118,-89.56,,,,,,,,0.208,,,,,,,,66586.0,342.0,,,,,,,,,,,13.8,-98.5,17098.0,10.0,9.83,5.32,-98.5
122,2310,14281,2022-08-10 03:34:15.300000,39.758545,-111.835114,42.086,0.271,,,,20.0,0.0,,,7.4,0.0,0.091,,,,,,,,,0.482,,,,,,,,66586.0,342.0,,,,,,,,,,,9.0,-95.59,16942.0,10.0,14.08,26.19,-95.59
123,2311,14285,2022-08-10 03:34:15.700000,39.758678,-111.835175,40.328,0.28,,884.55,342.0,21.4,16.67,-84.95,10.0,21.11,0.0,0.183,-84.95,,,,,,,,12.701,,,,,,,,66586.0,342.0,,,,,,,,,,,16.0,-92.34,17513.0,10.0,15.3,4.76,-92.34
124,2312,14291,2022-08-10 03:34:16.300000,39.758877,-111.835258,31.47,0.225,,884.55,342.0,18.4,16.67,-84.79,10.0,19.6,0.0,0.341,-84.79,,,,,,,,1.029,,,,,,,,66586.0,342.0,,,,,,,,,,,9.67,-90.17,14052.0,10.0,15.66,10.38,-90.17
125,2313,14295,2022-08-10 03:34:16.700000,39.759014,-111.83532,45.993,0.299,,,,20.4,0.0,,,13.25,14.29,0.214,,,,,,,,,0.26,,,,,,,,66586.0,342.0,,,,,,,,,,,15.89,-90.05,18686.0,10.0,15.17,4.38,-90.05
126,2314,14301,2022-08-10 03:34:17.300000,39.759216,-111.835411,44.557,0.306,,884.55,342.0,19.67,0.0,-83.3,10.0,11.2,0.0,0.33,-83.3,,,,,,,,0.246,,,,,,,,66586.0,342.0,,,,,,,,,,,15.67,-87.88,19154.0,10.0,19.13,12.33,-87.88
127,2315,14306,2022-08-10 03:34:17.800000,39.75938,-111.835487,50.046,0.325,,,,20.0,0.0,,,12.0,25.0,0.038,,,,,,,,,0.507,,,,,,,,66586.0,342.0,,,,,,,,,,,17.5,-85.39,20274.0,10.0,18.43,5.0,-85.39
128,2316,14311,2022-08-10 03:34:18.300000,39.759541,-111.835571,25.156,0.271,,,,18.4,0.0,,,16.2,0.0,0.195,,,,,,,,,2.577,,,,,,,,66586.0,342.0,,,,,,,,,,,12.5,-90.61,16915.0,10.0,13.21,3.63,-90.61
129,2317,14315,2022-08-10 03:34:18.700000,39.759666,-111.83564,23.186,0.221,,884.55,342.0,18.17,0.0,-81.65,10.0,17.0,0.0,0.245,-81.65,,,,,,,,2.24,,,,,,,,66586.0,342.0,,,,,,,,,,,16.0,-88.96,13876.0,10.0,13.87,11.5,-88.96
130,2318,14321,2022-08-10 03:34:19.300000,39.759861,-111.835747,27.023,0.219,,884.55,342.0,19.0,25.0,-82.91,10.0,19.67,25.0,0.1,-82.91,,,,,,,,0.142,,,,,,,,66586.0,342.0,,,,,,,,,,,,-94.42,13612.0,10.0,,,-94.42
131,2319,14325,2022-08-10 03:34:19.700000,39.759987,-111.835823,21.072,0.189,,884.55,342.0,11.73,0.0,-83.0,10.0,12.65,2.27,0.206,-83.0,,,,,,,,8.932,,,,,,,,66586.0,342.0,,,,,,,,,,,13.57,-95.58,11842.0,10.0,12.14,1.09,-95.58
132,2320,14331,2022-08-10 03:34:20.300000,39.760178,-111.835938,31.64,0.224,,,,15.67,14.29,,,16.57,7.69,0.252,,,,,,,,,1.993,,,,,,,,66586.0,342.0,,,,,,,,,,,10.33,-90.67,13962.0,10.0,15.4,12.59,-90.67
133,2321,14335,2022-08-10 03:34:20.700000,39.760303,-111.836021,32.444,0.224,,,,16.83,0.0,,,16.75,0.0,0.158,,,,,,,,,0.409,,,,,,,,66586.0,342.0,,,,,,,,,,,14.0,-91.4,14014.0,10.0,15.3,11.63,-91.4
134,2322,14341,2022-08-10 03:34:21.300000,39.760498,-111.836136,31.696,0.238,,884.55,342.0,18.17,14.29,-82.96,10.0,14.5,0.0,0.235,-82.96,,,,,,,,4.825,,,,,,,,66586.0,342.0,,,,,,,,,,,12.83,-91.69,14880.0,10.0,13.69,7.27,-91.69
135,2323,14345,2022-08-10 03:34:21.700000,39.760624,-111.83622,32.67,0.263,,884.55,342.0,14.75,0.0,-87.61,10.0,11.75,0.0,0.219,-87.61,,,,,,,,0.269,,,,,,,,66586.0,342.0,,,,,,,,,,,13.25,-98.3,16388.0,10.0,10.64,7.52,-98.3
136,2324,14351,2022-08-10 03:34:22.300000,39.760811,-111.836334,30.776,0.249,,,,15.6,16.67,,,11.29,11.11,0.07,,,,,,,,,4.652,,,,,,,,66586.0,342.0,,,,,,,,,,,10.75,-96.88,15568.0,10.0,12.32,15.03,-96.88
137,2325,14355,2022-08-10 03:34:22.700000,39.760933,-111.836418,18.114,0.17,,884.55,342.0,15.17,25.0,-90.6,10.0,9.44,0.0,0.123,-90.6,,,,,,,,0.959,,,,,,,,66586.0,342.0,,,,,,,,,,,14.67,-101.37,10644.0,10.0,9.5,20.0,-101.37
138,2326,14361,2022-08-10 03:34:23.300000,39.76112,-111.83654,30.244,0.231,,884.55,342.0,15.38,0.0,-90.44,10.0,10.22,15.79,0.181,-90.44,,,,,,,,1.878,,,,,,,,66586.0,342.0,,,,,,,,,,,13.86,-92.06,14397.0,10.0,13.4,6.18,-92.06
139,2327,14365,2022-08-10 03:34:23.700000,39.761242,-111.836624,26.55,0.207,,884.55,342.0,13.29,22.22,-90.51,10.0,9.63,0.0,0.16,-90.51,,,,,,,,1.307,,,,,,,,66586.0,342.0,,,,,,,,,,,15.83,-92.06,12935.0,10.0,16.5,6.7,-92.06
140,2328,14371,2022-08-10 03:34:24.300000,39.761429,-111.836746,30.054,0.25,,,,13.43,12.5,,,10.17,16.67,0.279,,,,,,,,,1.227,,,,,,,,66586.0,342.0,,,,,,,,,,,15.25,-88.71,15625.0,10.0,10.65,4.38,-88.71
141,2329,14375,2022-08-10 03:34:24.700000,39.761551,-111.83683,32.741,0.281,,,,11.75,11.11,,,9.75,0.0,0.138,,,,,,,,,1.038,,,,,,,,66586.0,342.0,,,,,,,,,,,15.25,-88.58,17538.0,10.0,9.03,3.77,-88.58
142,2330,14381,2022-08-10 03:34:25.300000,39.761738,-111.836945,35.526,0.266,,884.55,342.0,12.44,0.0,-88.82,10.0,7.0,0.0,0.389,-88.82,,,,,,,,0.247,,,,,,,,66586.0,342.0,,,,,,,,,,,12.2,-90.99,16682.0,10.0,11.3,4.38,-90.99
143,2331,14385,2022-08-10 03:34:25.700000,39.761864,-111.837029,39.043,0.261,,,,13.33,14.29,,,9.43,4.35,0.169,,,,,,,,,6.845,,,,,,,,66586.0,342.0,,,,,,,,,,,10.33,-90.12,16220.0,10.0,13.11,3.95,-90.12
144,2332,14391,2022-08-10 03:34:26.300000,39.762058,-111.837151,36.188,0.254,,,,14.55,0.0,,,8.0,0.0,0.267,,,,,,,,,0.219,,,,,,,,66586.0,342.0,,,,,,,,,,,8.83,-89.31,15927.0,10.0,10.82,7.61,-89.31
145,2333,14395,2022-08-10 03:34:26.700000,39.762184,-111.837234,27.015,0.206,,884.55,342.0,18.4,0.0,-90.31,10.0,17.0,0.0,0.207,-90.31,,,,,,,,4.798,,,,,,,,66586.0,342.0,,,,,,,,,,,7.71,-92.08,12865.0,10.0,12.24,9.23,-92.08
146,2334,14401,2022-08-10 03:34:27.300000,39.762379,-111.837357,28.345,0.192,,,,18.88,0.0,,,21.08,0.0,0.176,,,,,,,,,2.999,,,,,,,,66586.0,342.0,,,,,,,,,,,9.25,-92.65,11947.0,10.0,15.35,5.2,-92.65
147,2335,14405,2022-08-10 03:34:27.700000,39.762501,-111.83744,29.074,0.207,,884.55,342.0,19.29,0.0,-92.9,10.0,21.37,31.03,0.128,-92.9,,,,,,,,5.584,,,,,,,,66586.0,342.0,,,,,,,,,,,13.33,-94.69,12954.0,10.0,12.56,1.9,-94.69
148,2336,14411,2022-08-10 03:34:28.300000,39.762688,-111.837555,35.757,0.267,,,,17.8,16.67,,,11.8,3.57,0.152,,,,,,,,,3.368,,,,,,,,66586.0,342.0,,,,,,,,,,,15.5,-97.02,16700.0,10.0,11.2,2.63,-97.02
149,2337,14415,2022-08-10 03:34:28.700000,39.762814,-111.837639,41.286,0.278,,,,20.0,0.0,,,22.0,0.0,0.193,,,,,,,,,0.179,,,,,,,,66586.0,342.0,,,,,,,,,,,17.33,-96.13,17352.0,10.0,10.51,19.68,-96.13
150,2338,14421,2022-08-10 03:34:29.300000,39.763008,-111.837761,42.314,0.306,,,,6.5,33.33,,,17.0,44.44,0.057,,,,,,,,,2.541,,,,,,,,66586.0,342.0,,,,,,,,,,,14.75,-103.72,19108.0,10.0,8.58,28.93,-103.72
151,2339,14425,2022-08-10 03:34:29.700000,39.763134,-111.837837,11.447,0.087,,884.55,342.0,2.79,6.67,-102.58,10.0,10.17,12.5,0.237,-102.58,,,,,,,,1.471,,,,,,,,66586.0,342.0,,,,,,,,,,,6.33,-111.75,5454.0,10.0,0.31,8.11,-111.75
152,2340,14427,2022-08-10 03:34:29.764791,39.763153,-111.837852,,,Handover Success,,,,,,,,,,,,,,,,,,,,,,,,,,,,,,,,,,,,,,,,,,,,
153,2341,14444,2022-08-10 03:34:30.300000,39.763321,-111.837952,9.758,0.155,,,,9.17,0.0,,,12.72,19.05,0.097,,,,,,,,,7.687,,,,,,,,66586.0,345.0,,,,,,,,,,,4.17,-109.35,9687.0,10.0,12.17,36.73,-109.35
154,2342,14448,2022-08-10 03:34:30.700000,39.763447,-111.83802,6.421,0.109,,884.55,342.0,9.6,9.09,-102.41,10.0,13.18,5.48,0.073,-102.41,,,,,,,,11.639,,,,,,,,66586.0,345.0,,,,,,,,,,,2.33,-117.21,6791.0,10.0,3.0,77.78,-117.21
155,2343,14455,2022-08-10 03:34:31.017572,39.76355,-111.838081,,,Handover Success,,,,,,,,,,,,,,,,,,,,,,,,,,,,,,,,,,,,,,,,,,,,
156,2344,14462,2022-08-10 03:34:31.300000,39.763641,-111.838135,7.608,0.116,,,,,,,,,,,,,,,,,,,,,,,,,,,66586.0,338.0,,,,,,,,,,,14.25,-102.02,7262.0,10.0,1.0,3.19,-102.02
157,2345,14467,2022-08-10 03:34:31.550432,39.763718,-111.838181,,,Handover Success,,,,,,,,,,,,,,,,,,,,,,,,,,,,,,,,,,,,,,,,,,,,
158,2346,14473,2022-08-10 03:34:31.700000,39.763763,-111.838203,5.617,0.105,,,,,,,,,,,,,,,,,,,,,,,,,,,66586.0,342.0,,,,,,,,,,,14.33,-100.81,6576.0,10.0,10.0,15.38,-100.81
159,2347,14479,2022-08-10 03:34:32.300000,39.76395,-111.838318,15.036,0.122,,,,,,,,,,,,,,,,,,,,,,,,,,,66586.0,342.0,,,,,,,,,,,12.43,-97.11,7654.0,10.0,16.71,14.29,-97.11
160,2348,14483,2022-08-10 03:34:32.700000,39.76408,-111.838387,18.512,0.144,,,,,,,,,,,,,,,,,,,,,,,,,,,66586.0,342.0,,,,,,,,,,,8.33,-104.25,9007.0,10.0,16.76,12.97,-104.25
161,2349,14495,2022-08-10 03:34:33.124740,39.764217,-111.838455,,,Handover Success,,,,,,,,,,,,,,,,,,,,,,,,,,,,,,,,,,,,,,,,,,,,
162,2350,14504,2022-08-10 03:34:33.300000,39.764275,-111.838486,15.072,0.154,,884.55,342.0,20.7,23.08,-95.07,10.0,15.1,0.0,0.446,-95.07,,,,,,,,2.497,,,,,,,,66586.0,342.0,,,,,,,,,,,13.67,-96.58,9632.0,10.0,17.72,18.32,-96.58
163,2351,14509,2022-08-10 03:34:33.800000,39.764439,-111.838562,21.298,0.22,,884.55,342.0,20.5,0.0,-94.17,10.0,12.43,12.5,0.162,-94.17,,,,,,,,1.596,,,,,,,,66586.0,342.0,,,,,,,,,,,15.5,-93.79,13752.0,10.0,22.5,5.42,-93.79
164,2352,14515,2022-08-10 03:34:34.300000,39.764599,-111.838646,23.285,0.183,,,,20.13,0.0,,,10.56,10.53,0.294,,,,,,,,,2.572,,,,,,,,66586.0,342.0,,,,,,,,,,,17.86,-95.88,11439.0,10.0,18.55,3.07,-95.88
165,2353,14519,2022-08-10 03:34:34.700000,39.764725,-111.838707,31.503,0.252,,884.55,342.0,20.75,0.0,-91.88,10.0,13.82,3.7,0.279,-91.88,,,,,,,,5.057,,,,,,,,66586.0,342.0,,,,,,,,,,,14.86,-95.05,15742.0,10.0,21.31,5.22,-95.05
166,2354,14525,2022-08-10 03:34:35.300000,39.764919,-111.838799,32.079,0.249,,884.55,342.0,20.0,12.5,-90.89,10.0,14.5,0.0,0.311,-90.89,,,,,,,,0.971,,,,,,,,66586.0,342.0,,,,,,,,,,,15.4,-94.23,15576.0,10.0,19.73,9.35,-94.23
167,2355,14529,2022-08-10 03:34:35.700000,39.765045,-111.838852,35.892,0.272,,884.55,342.0,21.0,0.0,-89.98,10.0,16.67,0.0,0.278,-89.98,,,,,,,,0.384,,,,,,,,66586.0,342.0,,,,,,,,,,,14.86,-92.78,17027.0,10.0,21.31,2.66,-92.78
168,2356,14535,2022-08-10 03:34:36.300000,39.76524,-111.838928,38.673,0.27,,,,21.0,0.0,,,18.75,20.0,0.233,,,,,,,,,1.217,,,,,,,,66586.0,342.0,,,,,,,,,,,16.25,-95.63,16923.0,10.0,20.45,5.75,-95.63
169,2357,14539,2022-08-10 03:34:36.700000,39.765366,-111.838982,34.662,0.278,,,,20.7,0.0,,,19.5,0.0,0.304,,,,,,,,,0.415,,,,,,,,66586.0,342.0,,,,,,,,,,,16.0,-97.95,17303.0,10.0,19.48,0.6,-97.95
170,2358,14545,2022-08-10 03:34:37.300000,39.76556,-111.839058,40.761,0.303,,,,20.57,0.0,,,13.57,0.0,0.217,,,,,,,,,1.354,,,,,,,,66586.0,342.0,,,,,,,,,,,14.0,-101.42,18938.0,10.0,19.88,17.07,-101.42
171,2359,14549,2022-08-10 03:34:37.700000,39.765682,-111.839104,34.158,0.259,,,,20.25,0.0,,,13.5,0.0,0.346,,,,,,,,,1.417,,,,,,,,66586.0,342.0,,,,,,,,,,,17.5,-101.52,16162.0,10.0,18.18,2.89,-101.52
172,2360,14555,2022-08-10 03:34:38.300000,39.765869,-111.839172,40.624,0.303,,,,20.0,16.67,,,14.76,8.57,0.184,,,,,,,,,6.448,,,,,,,,66586.0,342.0,,,,,,,,,,,15.8,-104.13,18960.0,10.0,16.61,9.15,-104.13
173,2361,14559,2022-08-10 03:34:38.700000,39.765991,-111.839211,40.337,0.319,,,,20.0,0.0,,,12.25,7.41,0.122,,,,,,,,,4.664,,,,,,,,66586.0,342.0,,,,,,,,,,,14.4,-100.19,19967.0,10.0,23.89,3.67,-100.19
174,2362,14565,2022-08-10 03:34:39.300000,39.766178,-111.839272,34.608,0.269,,,,20.5,0.0,,,10.33,7.14,0.21,,,,,,,,,2.57,,,,,,,,66586.0,342.0,,,,,,,,,,,16.5,-97.92,16825.0,10.0,17.25,32.74,-97.92
175,2363,14569,2022-08-10 03:34:39.700000,39.766304,-111.83931,22.634,0.197,,884.55,342.0,20.29,12.5,-91.59,10.0,12.36,7.41,0.309,-91.59,,,,,,,,6.884,,,,,,,,66586.0,342.0,,,,,,,,,,,16.0,-93.73,12275.0,10.0,17.85,12.24,-93.73
176,2364,14575,2022-08-10 03:34:40.300000,39.766491,-111.839371,48.918,0.338,,,,19.8,0.0,,,11.89,4.88,0.272,,,,,,,,,11.883,,,,,,,,66586.0,342.0,,,,,,,,,,,12.57,-97.28,21121.0,10.0,16.26,8.59,-97.28
177,2365,14579,2022-08-10 03:34:40.700000,39.766617,-111.839401,39.266,0.316,,,,18.0,0.0,,,13.91,8.82,0.443,,,,,,,,,10.788,,,,,,,,66586.0,342.0,,,,,,,,,,,14.0,-94.42,19792.0,10.0,16.06,3.37,-94.42
178,2366,14584,2022-08-10 03:34:41.200000,39.766777,-111.839447,54.968,0.35,,,,16.86,0.0,,,16.0,21.95,0.338,,,,,,,,,11.584,,,,,,,,66586.0,342.0,,,,,,,,,,,14.0,-88.49,21832.0,10.0,12.37,4.9,-88.49
179,2367,14589,2022-08-10 03:34:41.700000,39.76693,-111.839485,51.793,0.321,,884.55,342.0,17.44,10.0,-88.89,10.0,13.57,0.0,0.308,-88.89,,,,,,,,0.259,,,,,,,,66586.0,342.0,,,,,,,,,,,,-88.55,20072.0,10.0,12.04,5.39,-88.55
180,2368,14595,2022-08-10 03:34:42.300000,39.767109,-111.839531,56.777,0.341,,,,17.6,28.57,,,13.97,4.84,0.248,,,,,,,,,16.686,,,,,,,,66586.0,342.0,,,,,,,,,,,12.22,-94.03,21243.0,10.0,9.05,10.33,-94.03
181,2369,14599,2022-08-10 03:34:42.700000,39.767231,-111.839554,66.811,0.389,,,,17.5,33.33,,,13.1,8.0,0.193,,,,,,,,,12.979,,,,,,,,66586.0,342.0,,,,,,,,,,,9.0,-94.55,24334.0,10.0,15.03,16.28,-94.55
182,2370,14605,2022-08-10 03:34:43.300000,39.767418,-111.839592,15.659,0.105,,,,13.0,0.0,,,10.6,28.57,0.079,,,,,,,,,0.148,,,,,,,,66586.0,342.0,,,,,,,,,,,9.25,-95.01,6556.0,10.0,20.88,5.02,-95.01
183,2371,14609,2022-08-10 03:34:43.700000,39.767544,-111.839622,36.397,0.362,,,,9.45,8.33,,,11.37,3.7,0.794,,,,,,,,,14.79,,,,,,,,66586.0,342.0,,,,,,,,,,,13.67,-98.16,22633.0,10.0,19.16,7.82,-98.16
184,2372,14615,2022-08-10 03:34:44.300000,39.767738,-111.839661,36.365,0.329,,,,18.83,0.0,,,11.77,9.52,0.082,,,,,,,,,7.996,,,,,,,,66586.0,342.0,,,,,,,,,,,15.5,-92.13,20582.0,10.0,16.23,11.76,-92.13
185,2373,14619,2022-08-10 03:34:44.700000,39.767864,-111.839684,50.094,0.407,,,,10.0,20.0,,,11.71,2.56,0.132,,,,,,,,,5.975,,,,,,,,66586.0,342.0,,,,,,,,,,,,-90.9,25362.0,10.0,22.11,23.24,-90.9
186,2374,14625,2022-08-10 03:34:45.300000,39.768051,-111.839714,38.567,0.278,,884.55,342.0,14.38,11.11,-92.36,10.0,12.67,3.13,0.378,-92.36,,,,,,,,8.148,,,,,,,,66586.0,342.0,,,,,,,,,,,11.0,-90.03,17358.0,10.0,18.0,0.0,-90.03
187,2375,14629,2022-08-10 03:34:45.700000,39.768169,-111.839737,50.677,0.345,,,,17.4,0.0,,,13.88,11.11,0.418,,,,,,,,,17.907,,,,,,,,66586.0,342.0,,,,,,,,,,,12.0,-87.96,21534.0,10.0,21.57,7.23,-87.96
188,2376,14635,2022-08-10 03:34:46.300000,39.768349,-111.839752,45.051,0.288,,,,21.86,0.0,,,11.83,0.0,0.18,,,,,,,,,8.128,,,,,,,,66586.0,342.0,,,,,,,,,,,14.22,-85.57,18016.0,10.0,21.67,9.67,-85.57
189,2377,14640,2022-08-10 03:34:46.800000,39.768501,-111.839775,49.262,0.29,,,,18.86,0.0,,,12.24,15.63,0.285,,,,,,,,,7.978,,,,,,,,66586.0,342.0,,,,,,,,,,,15.25,-88.75,18143.0,10.0,12.91,16.44,-88.75
190,2378,14645,2022-08-10 03:34:47.300000,39.76865,-111.83979,30.783,0.191,,884.55,342.0,17.79,12.5,-91.51,10.0,12.21,13.33,0.416,-91.51,,,,,,,,1.817,,,,,,,,66586.0,342.0,,,,,,,,,,,16.0,-87.95,11941.0,10.0,14.02,0.0,-87.95
191,2379,14649,2022-08-10 03:34:47.700000,39.768772,-111.839798,49.01,0.359,,,,16.5,0.0,,,15.2,10.0,0.26,,,,,,,,,0.691,,,,,,,,66586.0,342.0,,,,,,,,,,,15.25,-87.59,22459.0,10.0,18.79,7.07,-87.59
192,2380,14655,2022-08-10 03:34:48.300000,39.768959,-111.839821,52.793,0.354,,,,16.67,0.0,,,12.83,27.27,0.33,,,,,,,,,0.333,,,,,,,,66586.0,342.0,,,,,,,,,,,,-89.06,22073.0,10.0,16.64,10.15,-89.06
193,2381,14659,2022-08-10 03:34:48.700000,39.769081,-111.839828,51.934,0.333,,,,18.43,0.0,,,12.0,10.0,0.374,,,,,,,,,1.031,,,,,,,,66586.0,342.0,,,,,,,,,,,17.0,-88.96,20835.0,10.0,20.82,12.21,-88.96
194,2382,14665,2022-08-10 03:34:49.300000,39.76926,-111.839844,53.633,0.331,,,,16.33,40.0,,,13.4,0.0,0.145,,,,,,,,,1.076,,,,,,,,66586.0,342.0,,,,,,,,,,,14.6,-89.58,20708.0,10.0,15.29,8.81,-89.58
195,2383,14670,2022-08-10 03:34:49.800000,39.769409,-111.839844,51.168,0.333,,884.55,342.0,16.0,0.0,-92.23,10.0,14.22,7.41,0.09,-92.23,,,,,,,,6.683,,,,,,,,66586.0,342.0,,,,,,,,,,,14.5,-89.56,20764.0,10.0,15.25,1.1,-89.56
196,2384,14675,2022-08-10 03:34:50.300000,39.769558,-111.839851,49.626,0.316,,,,13.25,20.0,,,12.57,5.26,0.124,,,,,,,,,3.826,,,,,,,,66586.0,342.0,,,,,,,,,,,15.25,-88.91,19768.0,10.0,16.9,5.23,-88.91
197,2385,14679,2022-08-10 03:34:50.700000,39.769684,-111.839851,46.167,0.31,,884.55,342.0,10.5,14.29,-93.77,10.0,13.0,16.67,0.178,-93.77,,,,,,,,0.245,,,,,,,,66586.0,342.0,,,,,,,,,,,,-89.36,19397.0,10.0,,,-89.36
198,2386,14685,2022-08-10 03:34:51.300000,39.769871,-111.839859,39.517,0.262,,884.55,342.0,11.5,0.0,-93.27,10.0,14.1,0.0,0.178,-93.27,,,,,,,,1.116,,,,,,,,66586.0,342.0,,,,,,,,,,,15.83,-92.61,16404.0,10.0,21.0,19.15,-92.61
199,2387,14689,2022-08-10 03:34:51.700000,39.769989,-111.839859,41.949,0.27,,884.55,342.0,11.14,12.5,-94.01,10.0,13.22,12.9,0.107,-94.01,,,,,,,,4.152,,,,,,,,66586.0,342.0,,,,,,,,,,,13.2,-92.18,16903.0,10.0,22.82,7.64,-92.18
200,2388,14695,2022-08-10 03:34:52.300000,39.770168,-111.839859,40.591,0.386,,884.55,342.0,5.67,0.0,-96.24,10.0,9.29,7.14,0.164,-96.24,,,,,,,,1.5,,,,,,,,66586.0,342.0,,,,,,,,,,,15.2,-92.26,24104.0,10.0,21.02,7.14,-92.26
201,2389,14700,2022-08-10 03:34:52.800000,39.770321,-111.839859,39.107,0.287,,884.55,342.0,10.67,0.0,-96.3,10.0,10.4,14.29,0.132,-96.3,,,,,,,,0.23,,,,,,,,66586.0,342.0,,,,,,,,,,,15.89,-93.24,17948.0,10.0,17.88,7.32,-93.24
202,2390,14705,2022-08-10 03:34:53.300000,39.77047,-111.839851,47.638,0.335,,884.55,342.0,8.91,0.0,-95.59,10.0,10.2,0.0,0.491,-95.59,,,,,,,,1.247,,,,,,,,66586.0,342.0,,,,,,,,,,,11.67,-92.56,20949.0,10.0,19.9,7.95,-92.56
203,2391,14710,2022-08-10 03:34:53.800000,39.770615,-111.839844,38.313,0.259,,,,7.7,0.0,,,7.9,17.65,0.257,,,,,,,,,1.53,,,,,,,,66586.0,342.0,,,,,,,,,,,11.75,-91.0,16137.0,10.0,20.68,7.08,-91.0
204,2392,14715,2022-08-10 03:34:54.300000,39.77076,-111.839828,43.663,0.292,,,,9.33,0.0,,,10.67,5.56,0.301,,,,,,,,,2.521,,,,,,,,66586.0,342.0,,,,,,,,,,,14.5,-90.64,18276.0,10.0,23.06,10.32,-90.64
205,2393,14720,2022-08-10 03:34:54.800000,39.770905,-111.839813,46.975,0.292,,,,5.0,0.0,,,7.5,42.86,0.264,,,,,,,,,0.279,,,,,,,,66586.0,342.0,,,,,,,,,,,6.13,-91.31,18270.0,10.0,20.71,10.86,-91.31
206,2394,14725,2022-08-10 03:34:55.300000,39.771049,-111.839798,44.282,0.337,,,,11.0,0.0,,,14.0,11.11,0.132,,,,,,,,,0.569,,,,,,,,66586.0,342.0,,,,,,,,,,,6.4,-92.71,21100.0,10.0,21.97,8.44,-92.71
207,2395,14729,2022-08-10 03:34:55.700000,39.771168,-111.83979,51.739,0.348,,,,9.8,0.0,,,15.0,0.0,0.062,,,,,,,,,0.091,,,,,,,,66586.0,342.0,,,,,,,,,,,8.2,-95.85,21782.0,10.0,21.06,9.77,-95.85
208,2396,14735,2022-08-10 03:34:56.300000,39.771339,-111.839767,35.688,0.229,,884.55,342.0,8.5,12.5,-98.05,10.0,11.08,0.0,0.331,-98.05,,,,,,,,4.592,,,,,,,,66586.0,342.0,,,,,,,,,,,10.27,-96.47,14310.0,10.0,16.43,3.31,-96.47
209,2397,14739,2022-08-10 03:34:56.700000,39.771461,-111.839752,48.552,0.303,,,,7.86,0.0,,,4.5,12.5,0.208,,,,,,,,,0.681,,,,,,,,66586.0,342.0,,,,,,,,,,,9.5,-96.25,18963.0,10.0,16.3,14.77,-96.25
210,2398,14745,2022-08-10 03:34:57.300000,39.771641,-111.839737,49.222,0.294,,884.55,342.0,8.73,0.0,-98.73,10.0,4.4,10.0,0.277,-98.73,,,,,,,,0.603,,,,,,,,66586.0,342.0,,,,,,,,,,,12.67,-94.61,18362.0,10.0,18.03,7.02,-94.61
211,2399,14750,2022-08-10 03:34:57.800000,39.77179,-111.839714,36.809,0.297,,884.55,342.0,10.5,9.09,-98.99,10.0,5.33,11.11,0.278,-98.99,,,,,,,,1.927,,,,,,,,66586.0,342.0,,,,,,,,,,,9.6,-93.38,18589.0,10.0,22.14,15.52,-93.38
212,2400,14755,2022-08-10 03:34:58.300000,39.771938,-111.839699,29.822,0.225,,,,9.8,0.0,,,6.12,2.5,0.07,,,,,,,,,10.229,,,,,,,,66586.0,342.0,,,,,,,,,,,9.0,-93.38,14081.0,10.0,18.7,4.02,-93.38
213,2401,14759,2022-08-10 03:34:58.700000,39.77206,-111.839676,38.648,0.251,,884.55,342.0,6.76,5.56,-98.08,10.0,6.75,0.0,0.263,-98.08,,,,,,,,0.215,,,,,,,,66586.0,342.0,,,,,,,,,,,12.2,-95.15,15648.0,10.0,23.57,2.27,-95.15
214,2402,14765,2022-08-10 03:34:59.300000,39.77224,-111.839638,46.854,0.296,,,,7.5,11.11,,,7.25,15.38,0.249,,,,,,,,,1.204,,,,,,,,66586.0,342.0,,,,,,,,,,,10.25,-94.79,18581.0,10.0,21.0,10.56,-94.79
215,2403,14769,2022-08-10 03:34:59.700000,39.772362,-111.839615,46.524,0.302,,,,4.5,16.67,,,7.0,36.36,0.219,,,,,,,,,0.215,,,,,,,,66586.0,342.0,,,,,,,,,,,11.14,-94.91,18780.0,10.0,21.35,5.91,-94.91
216,2404,14775,2022-08-10 03:35:00.300000,39.772541,-111.839577,52.31,0.339,,,,10.0,0.0,,,7.15,6.06,0.202,,,,,,,,,4.2,,,,,,,,66586.0,342.0,,,,,,,,,,,6.33,-97.58,21224.0,10.0,17.13,7.82,-97.58
217,2405,14780,2022-08-10 03:35:00.800000,39.77269,-111.839539,55.884,0.358,,,,8.25,0.0,,,3.75,0.0,0.282,,,,,,,,,0.932,,,,,,,,66586.0,342.0,,,,,,,,,,,4.86,-97.25,22320.0,10.0,16.89,8.65,-97.25
218,2406,14785,2022-08-10 03:35:01.300000,39.772839,-111.839508,49.329,0.331,,884.55,342.0,5.71,30.0,-103.98,10.0,5.17,0.0,0.157,-103.98,,,,,,,,0.896,,,,,,,,66586.0,342.0,,,,,,,,,,,4.7,-96.85,20688.0,10.0,16.7,6.63,-96.85
219,2407,14790,2022-08-10 03:35:01.800000,39.772991,-111.83947,35.483,0.245,,,,8.5,0.0,,,3.33,0.0,0.064,,,,,,,,,0.051,,,,,,,,66586.0,342.0,,,,,,,,,,,4.8,-97.17,15298.0,10.0,13.4,8.74,-97.17
220,2408,14795,2022-08-10 03:35:02.300000,39.77314,-111.839424,48.609,0.37,,884.55,342.0,8.25,0.0,-104.74,10.0,3.0,0.0,0.04,-104.74,,,,,,,,0.042,,,,,,,,66586.0,342.0,,,,,,,,,,,6.0,-98.17,23187.0,10.0,10.83,7.14,-98.17
221,2409,14799,2022-08-10 03:35:02.700000,39.773262,-111.839394,49.825,0.331,,884.55,342.0,6.14,0.0,-104.45,10.0,5.0,0.0,0.177,-104.45,,,,,,,,0.041,,,,,,,,66586.0,342.0,,,,,,,,,,,9.0,-98.5,20613.0,10.0,12.04,14.88,-98.5
222,2410,14805,2022-08-10 03:35:03.300000,39.773441,-111.839348,34.176,0.245,,,,2.91,21.43,,,,0.0,0.179,,,,,,,,,0.038,,,,,,,,66586.0,342.0,,,,,,,,,,,4.5,-99.16,15307.0,10.0,14.29,12.03,-99.16
223,2411,14809,2022-08-10 03:35:03.700000,39.77356,-111.83931,25.432,0.186,,884.55,342.0,6.25,0.0,-106.95,10.0,9.0,0.0,0.101,-106.95,,,,,,,,0.021,,,,,,,,66586.0,342.0,,,,,,,,,,,5.75,-99.06,11650.0,10.0,11.23,6.7,-99.06
224,2412,14815,2022-08-10 03:35:04.300000,39.773731,-111.839249,46.154,0.311,,884.55,342.0,6.43,12.5,-109.55,10.0,10.0,0.0,0.114,-109.55,,,,,,,,0.029,,,,,,,,66586.0,342.0,,,,,,,,,,,6.5,-100.95,19415.0,10.0,11.64,18.11,-100.95
225,2413,14819,2022-08-10 03:35:04.700000,39.773853,-111.839211,46.427,0.344,,,,5.0,12.5,,,6.33,20.0,0.209,,,,,,,,,0.04,,,,,,,,66586.0,342.0,,,,,,,,,,,7.0,-102.22,21511.0,10.0,16.19,4.44,-102.22
226,2414,14825,2022-08-10 03:35:05.300000,39.77404,-111.839157,45.947,0.326,,884.55,342.0,3.67,14.29,-109.8,10.0,6.5,0.0,0.14,-109.8,,,,,,,,0.034,,,,,,,,66586.0,342.0,,,,,,,,,,,3.33,-101.39,20424.0,10.0,15.28,11.8,-101.39
227,2415,14830,2022-08-10 03:35:05.800000,39.774189,-111.839111,40.235,0.279,,,,1.75,0.0,,,3.0,25.0,0.158,,,,,,,,,0.027,,,,,,,,66586.0,342.0,,,,,,,,,,,5.2,-103.17,17416.0,10.0,13.44,13.04,-103.17
228,2416,14835,2022-08-10 03:35:06.300000,39.774338,-111.839058,31.13,0.215,,,,3.0,12.5,,,3.0,0.0,0.194,,,,,,,,,0.03,,,,,,,,66586.0,342.0,,,,,,,,,,,8.29,-103.22,13468.0,10.0,14.6,11.73,-103.22
229,2417,14839,2022-08-10 03:35:06.700000,39.77446,-111.83902,42.56,0.308,,,,4.17,0.0,,,,0.0,0.092,,,,,,,,,0.021,,,,,,,,66586.0,342.0,,,,,,,,,,,8.0,-102.06,19242.0,10.0,14.49,6.42,-102.06
230,2418,14845,2022-08-10 03:35:07.300000,39.774639,-111.838966,39.321,0.29,,,,3.86,0.0,,,,0.0,0.205,,,,,,,,,0.023,,,,,,,,66586.0,342.0,,,,,,,,,,,7.5,-101.81,18143.0,10.0,13.05,9.91,-101.81
231,2419,14849,2022-08-10 03:35:07.700000,39.774761,-111.838928,43.416,0.287,,,,6.3,0.0,,,6.0,0.0,0.176,,,,,,,,,0.031,,,,,,,,66586.0,342.0,,,,,,,,,,,4.78,-103.05,17956.0,10.0,13.94,6.91,-103.05
232,2420,14855,2022-08-10 03:35:08.300000,39.77494,-111.838867,38.636,0.338,,884.55,342.0,4.43,30.0,-105.35,10.0,4.0,0.0,0.135,-105.35,,,,,,,,0.056,,,,,,,,66586.0,342.0,,,,,,,,,,,2.0,-108.33,21113.0,10.0,9.19,7.46,-108.33
233,2421,14860,2022-08-10 03:35:08.800000,39.775089,-111.838821,31.955,0.265,,,,1.67,25.0,,,,0.0,0.031,,,,,,,,,0.024,,,,,,,,66586.0,342.0,,,,,,,,,,,,-104.99,16528.0,10.0,8.23,4.41,-104.99
234,2422,14865,2022-08-10 03:35:09.300000,39.775238,-111.838776,23.102,0.161,,,,0.0,25.0,,,,,0.032,,,,,,,,,0.0,,,,,,,,66586.0,342.0,,,,,,,,,,,3.8,-109.1,10057.0,10.0,10.63,23.27,-109.1
235,2423,14875,2022-08-10 03:35:09.800000,39.775391,-111.83873,15.24,0.149,,,,,,,,,,,,,,,,,,,,,,,,,,,66586.0,337.0,,,,,,,,,,,25.17,-91.9,9301.0,10.0,16.57,16.13,-91.9
236,2424,14880,2022-08-10 03:35:10.300000,39.775539,-111.838676,15.757,0.182,,,,,,,,,,,,,,,,,,,,,,,,,,,66586.0,337.0,,,,,,,,,,,21.17,-92.08,11372.0,10.0,23.78,14.21,-92.08
237,2425,14884,2022-08-10 03:35:10.700000,39.775661,-111.838638,31.827,0.244,,,,,,,,,,,,,,,,,,,,,,,,,,,66586.0,337.0,,,,,,,,,,,20.0,-90.83,15224.0,10.0,23.79,7.51,-90.83
238,2426,14890,2022-08-10 03:35:11.300000,39.775841,-111.838585,24.494,0.192,,,,,,,,,,,,,,,,,,,,,,,,,,,66586.0,337.0,,,,,,,,,,,16.46,-92.89,12000.0,10.0,23.99,14.08,-92.89
239,2427,14894,2022-08-10 03:35:11.700000,39.775959,-111.838554,17.034,0.156,,,,,,,,,,,,,,,,,,,,,,,,,,,66586.0,337.0,,,,,,,,,,,17.13,-96.48,9708.0,10.0,20.84,6.92,-96.48
240,2428,14900,2022-08-10 03:35:12.300000,39.776138,-111.838501,19.792,0.187,,,,,,,,,,,,,,,,,,,,,,,,,,,66586.0,337.0,,,,,,,,,,,18.43,-99.22,11724.0,10.0,17.17,5.81,-99.22
241,2429,14904,2022-08-10 03:35:12.700000,39.77626,-111.838463,23.809,0.201,,,,,,,,,,,,,,,,,,,,,,,,,,,66586.0,337.0,,,,,,,,,,,19.33,-99.59,12561.0,10.0,16.62,20.11,-99.59
242,2430,14910,2022-08-10 03:35:13.300000,39.77644,-111.838409,25.53,0.246,,,,,,,,,,,,,,,,,,,,,,,,,,,66586.0,337.0,,,,,,,,,,,19.7,-98.92,15370.0,10.0,12.7,3.51,-98.92
243,2431,14915,2022-08-10 03:35:13.800000,39.776592,-111.838364,13.663,0.138,,,,,,,,,,,,,,,,,,,,,,,,,,,66586.0,337.0,,,,,,,,,,,21.44,-98.84,8639.0,10.0,16.96,4.8,-98.84
244,2432,14920,2022-08-10 03:35:14.300000,39.776749,-111.838318,17.489,0.18,,,,,,,,,,,,,,,,,,,,,,,,,,,66586.0,337.0,,,,,,,,,,,22.5,-93.06,11277.0,10.0,19.15,7.78,-93.06
245,2433,14924,2022-08-10 03:35:14.700000,39.776871,-111.838287,24.199,0.235,,,,,,,,,,,,,,,,,,,,,,,,,,,66586.0,337.0,,,,,,,,,,,17.9,-92.22,14665.0,10.0,18.22,8.88,-92.22
246,2434,14930,2022-08-10 03:35:15.300000,39.777058,-111.838234,21.866,0.273,,,,,,,,,,,,,,,,,,,,,,,,,,,66586.0,337.0,,,,,,,,,,,17.64,-95.29,17085.0,10.0,15.51,14.6,-95.29
247,2435,14934,2022-08-10 03:35:15.700000,39.777184,-111.838203,33.817,0.378,,,,,,,,,,,,,,,,,,,,,,,,,,,66586.0,337.0,,,,,,,,,,,17.77,-91.44,23595.0,10.0,16.31,7.49,-91.44
248,2436,14940,2022-08-10 03:35:16.300000,39.77737,-111.838158,38.128,0.319,,,,,,,,,,,,,,,,,,,,,,,,,,,66586.0,337.0,,,,,,,,,,,20.25,-90.1,20025.0,10.0,10.43,1.92,-90.1
249,2437,14944,2022-08-10 03:35:16.700000,39.777489,-111.838127,32.597,0.276,,,,,,,,,,,,,,,,,,,,,,,,,,,66586.0,337.0,,,,,,,,,,,23.33,-90.08,17167.0,10.0,11.48,10.7,-90.08
250,2438,14950,2022-08-10 03:35:17.300000,39.777668,-111.838081,37.627,0.307,,,,,,,,,,,,,,,,,,,,,,,,,,,66586.0,337.0,,,,,,,,,,,24.17,-90.81,19203.0,10.0,19.67,11.27,-90.81
251,2439,14955,2022-08-10 03:35:17.800000,39.777824,-111.838043,17.529,0.152,,,,,,,,,,,,,,,,,,,,,,,,,,,66586.0,337.0,,,,,,,,,,,24.25,-92.35,9490.0,10.0,,,-92.35
252,2440,14960,2022-08-10 03:35:18.300000,39.777981,-111.838005,6.252,0.133,,,,,,,,,,,,,,,,,,,,,,,,,,,66586.0,337.0,,,,,,,,,,,17.5,-90.99,8331.0,10.0,12.17,11.73,-90.99
253,2441,14965,2022-08-10 03:35:18.800000,39.778133,-111.837967,33.061,0.238,,,,,,,,,,,,,,,,,,,,,,,,,,,66586.0,337.0,,,,,,,,,,,14.38,-89.48,14878.0,10.0,18.17,10.23,-89.48
254,2442,14970,2022-08-10 03:35:19.300000,39.77829,-111.837936,19.629,0.208,,,,,,,,,,,,,,,,,,,,,,,,,,,66586.0,337.0,,,,,,,,,,,16.0,-88.19,12994.0,10.0,15.02,12.28,-88.19
255,2443,14975,2022-08-10 03:35:19.800000,39.778442,-111.837898,17.981,0.193,,,,,,,,,,,,,,,,,,,,,,,,,,,66586.0,337.0,,,,,,,,,,,17.25,-87.42,12075.0,10.0,14.65,9.39,-87.42
256,2444,14980,2022-08-10 03:35:20.300000,39.778599,-111.837868,12.841,0.146,,,,,,,,,,,,,,,,,,,,,,,,,,,66586.0,337.0,,,,,,,,,,,18.92,-88.53,9124.0,10.0,14.89,20.0,-88.53
257,2445,14984,2022-08-10 03:35:20.700000,39.778725,-111.837845,12.906,0.11,,,,,,,,,,,,,,,,,,,,,,,,,,,66586.0,337.0,,,,,,,,,,,24.25,-92.31,6870.0,10.0,4.72,5.73,-92.31
258,2446,14990,2022-08-10 03:35:21.300000,39.778919,-111.837807,22.048,0.281,,,,,,,,,,,,,,,,,,,,,,,,,,,66586.0,337.0,,,,,,,,,,,24.29,-101.2,17590.0,10.0,11.02,11.54,-101.2
259,2447,14995,2022-08-10 03:35:21.800000,39.779072,-111.837776,23.031,0.219,,,,,,,,,,,,,,,,,,,,,,,,,,,66586.0,337.0,,,,,,,,,,,17.57,-101.17,13690.0,10.0,14.68,4.95,-101.17
260,2448,15000,2022-08-10 03:35:22.300000,39.779221,-111.837746,22.163,0.231,,,,,,,,,,,,,,,,,,,,,,,,,,,66586.0,337.0,,,,,,,,,,,17.57,-96.42,14424.0,10.0,7.12,3.73,-96.42
261,2449,15005,2022-08-10 03:35:22.800000,39.779381,-111.837723,28.423,0.283,,,,,,,,,,,,,,,,,,,,,,,,,,,66586.0,337.0,,,,,,,,,,,14.83,-86.45,17693.0,10.0,17.9,7.0,-86.45
262,2450,15010,2022-08-10 03:35:23.300000,39.779541,-111.8377,41.367,0.317,,,,,,,,,,,,,,,,,,,,,,,,,,,66586.0,337.0,,,,,,,,,,,16.33,-87.13,19791.0,10.0,16.1,19.33,-87.13
263,2451,15015,2022-08-10 03:35:23.800000,39.779697,-111.837669,25.948,0.188,,,,,,,,,,,,,,,,,,,,,,,,,,,66586.0,337.0,,,,,,,,,,,18.63,-88.36,11742.0,10.0,9.84,6.67,-88.36
264,2452,15020,2022-08-10 03:35:24.300000,39.779858,-111.837646,31.006,0.253,,,,,,,,,,,,,,,,,,,,,,,,,,,66586.0,337.0,,,,,,,,,,,17.63,-91.15,15831.0,10.0,12.83,18.18,-91.15
265,2453,15024,2022-08-10 03:35:24.700000,39.779984,-111.837624,24.196,0.213,,,,,,,,,,,,,,,,,,,,,,,,,,,66586.0,337.0,,,,,,,,,,,17.89,-92.44,13323.0,10.0,11.26,15.03,-92.44
266,2454,15030,2022-08-10 03:35:25.300000,39.78017,-111.837608,26.527,0.273,,,,,,,,,,,,,,,,,,,,,,,,,,,66586.0,337.0,,,,,,,,,,,24.0,-105.44,17074.0,10.0,13.27,8.25,-105.44
267,2455,15035,2022-08-10 03:35:25.800000,39.780323,-111.837578,29.94,0.289,,,,,,,,,,,,,,,,,,,,,,,,,,,66586.0,337.0,,,,,,,,,,,24.0,-103.47,18107.0,10.0,19.27,13.29,-103.47
268,2456,15040,2022-08-10 03:35:26.300000,39.780479,-111.837555,26.809,0.232,,,,,,,,,,,,,,,,,,,,,,,,,,,66586.0,337.0,,,,,,,,,,,20.85,-103.14,14479.0,10.0,20.72,9.94,-103.14
269,2457,15044,2022-08-10 03:35:26.700000,39.780602,-111.837532,25.59,0.232,,,,,,,,,,,,,,,,,,,,,,,,,,,66586.0,337.0,,,,,,,,,,,23.71,-103.53,14496.0,10.0,19.12,3.83,-103.53
270,2458,15050,2022-08-10 03:35:27.300000,39.780781,-111.837517,19.473,0.2,,,,,,,,,,,,,,,,,,,,,,,,,,,66586.0,337.0,,,,,,,,,,,24.5,-101.48,12515.0,10.0,15.29,3.52,-101.48
271,2459,15054,2022-08-10 03:35:27.700000,39.780903,-111.837494,11.094,0.131,,,,,,,,,,,,,,,,,,,,,,,,,,,66586.0,337.0,,,,,,,,,,,17.2,-100.25,8193.0,10.0,10.94,8.33,-100.25
272,2460,15060,2022-08-10 03:35:28.300000,39.78109,-111.837479,16.809,0.174,,,,,,,,,,,,,,,,,,,,,,,,,,,66586.0,337.0,,,,,,,,,,,22.38,-99.47,10898.0,10.0,11.1,8.18,-99.47
273,2461,15065,2022-08-10 03:35:28.800000,39.781242,-111.837456,21.569,0.205,,,,,,,,,,,,,,,,,,,,,,,,,,,66586.0,337.0,,,,,,,,,,,21.0,-98.61,12827.0,10.0,10.81,18.79,-98.61
274,2462,15070,2022-08-10 03:35:29.300000,39.781399,-111.83744,14.927,0.182,,,,,,,,,,,,,,,,,,,,,,,,,,,66586.0,337.0,,,,,,,,,,,20.4,-97.82,11376.0,10.0,17.79,16.27,-97.82
275,2463,15074,2022-08-10 03:35:29.700000,39.781521,-111.837433,10.429,0.103,,,,,,,,,,,,,,,,,,,,,,,,,,,66586.0,337.0,,,,,,,,,,,16.7,-97.72,6443.0,10.0,14.8,5.71,-97.72
276,2464,15080,2022-08-10 03:35:30.300000,39.781708,-111.837418,15.606,0.171,,,,,,,,,,,,,,,,,,,,,,,,,,,66586.0,337.0,,,,,,,,,,,16.13,-98.08,10701.0,10.0,12.61,1.33,-98.08
277,2465,15084,2022-08-10 03:35:30.700000,39.78183,-111.83741,15.11,0.172,,,,,,,,,,,,,,,,,,,,,,,,,,,66586.0,337.0,,,,,,,,,,,11.5,-100.41,10703.0,10.0,13.72,6.47,-100.41
278,2466,15090,2022-08-10 03:35:31.300000,39.782009,-111.837402,11.834,0.138,,,,,,,,,,,,,,,,,,,,,,,,,,,66586.0,337.0,,,,,,,,,,,12.78,-102.63,8621.0,10.0,10.46,12.57,-102.63
279,2467,15095,2022-08-10 03:35:31.800000,39.782162,-111.837395,16.61,0.157,,,,,,,,,,,,,,,,,,,,,,,,,,,66586.0,337.0,,,,,,,,,,,16.0,-103.56,9822.0,10.0,22.92,29.81,-103.56
280,2468,15100,2022-08-10 03:35:32.300000,39.782318,-111.837387,17.102,0.184,,,,,,,,,,,,,,,,,,,,,,,,,,,66586.0,337.0,,,,,,,,,,,17.71,-108.57,11446.0,10.0,14.6,14.42,-108.57
281,2469,15104,2022-08-10 03:35:32.700000,39.78244,-111.837379,11.744,0.151,,,,,,,,,,,,,,,,,,,,,,,,,,,66586.0,337.0,,,,,,,,,,,16.89,-110.92,9417.0,10.0,12.04,1.69,-110.92
282,2470,15110,2022-08-10 03:35:33.300000,39.782619,-111.837372,20.157,0.19,,,,,,,,,,,,,,,,,,,,,,,,,,,66586.0,337.0,,,,,,,,,,,19.09,-109.29,11925.0,10.0,17.22,9.36,-109.29
283,2471,15115,2022-08-10 03:35:33.800000,39.782772,-111.837372,14.332,0.155,,,,,,,,,,,,,,,,,,,,,,,,,,,66586.0,337.0,,,,,,,,,,,17.1,-105.21,9696.0,10.0,25.17,36.72,-105.21
284,2472,15120,2022-08-10 03:35:34.300000,39.782928,-111.837372,8.317,0.104,,,,,,,,,,,,,,,,,,,,,,,,,,,66586.0,337.0,,,,,,,,,,,19.7,-105.76,6514.0,10.0,16.71,2.75,-105.76
285,2473,15124,2022-08-10 03:35:34.700000,39.783051,-111.837364,9.779,0.122,,,,,,,,,,,,,,,,,,,,,,,,,,,66586.0,337.0,,,,,,,,,,,21.83,-102.55,7599.0,10.0,19.05,11.88,-102.55
286,2474,15130,2022-08-10 03:35:35.300000,39.78323,-111.837357,10.739,0.242,,,,,,,,,,,,,,,,,,,,,,,,,,,66586.0,337.0,,,,,,,,,,,20.3,-97.95,15114.0,10.0,16.5,11.5,-97.95
287,2475,15135,2022-08-10 03:35:35.800000,39.783382,-111.837357,8.294,0.109,,,,,,,,,,,,,,,,,,,,,,,,,,,66586.0,337.0,,,,,,,,,,,18.67,-98.01,6811.0,10.0,9.45,14.68,-98.01
288,2476,15142,2022-08-10 03:35:36.203292,39.783508,-111.837357,,,Handover Success,,,,,,,,,,,,,,,,,,,,,,,,,,,,,,,,,,,,,,,,,,,,
289,2477,15147,2022-08-10 03:35:36.300000,39.783539,-111.837357,8.528,0.11,,,,,,,,,,,,,,,,,,,,,,,,,,,66586.0,342.0,,,,,,,,,,,16.83,-95.0,6891.0,10.0,13.42,15.97,-95.0
290,2478,15152,2022-08-10 03:35:36.800000,39.783699,-111.837364,25.928,0.234,,,,,,,,,,,,,,,,,,,,,,,,,,,66586.0,342.0,,,,,,,,,,,14.27,-93.41,14620.0,10.0,22.16,4.46,-93.41
291,2479,15157,2022-08-10 03:35:37.300000,39.783859,-111.837372,27.16,0.164,,,,,,,,,,,,,,,,,,,,,,,,,,,66586.0,342.0,,,,,,,,,,,14.5,-97.2,10263.0,10.0,19.91,1.37,-97.2
292,2480,15165,2022-08-10 03:35:37.800000,39.784004,-111.837372,44.761,0.249,,884.55,342.0,15.17,0.0,,10.0,8.97,11.76,0.102,,,,,,,,,0.017,,,,,,,,66586.0,342.0,,,,,,,,,,,,-102.97,15616.0,10.0,5.5,0.0,-102.97
293,2481,15171,2022-08-10 03:35:37.812696,39.784008,-111.837372,,,Handover Success,,,,,,,,,,,,,,,,,,,,,,,,,,,,,,,,,,,,,,,,,,,,
294,2482,15182,2022-08-10 03:35:38.300000,39.784149,-111.837379,55.612,0.452,,884.55,342.0,18.8,28.57,-86.69,10.0,10.31,13.64,0.417,-86.69,,,,,,,,17.368,,,,,,,,66586.0,342.0,,,,,,,,,,,16.0,-97.3,28253.0,10.0,17.6,10.88,-97.3
295,2483,15186,2022-08-10 03:35:38.700000,39.784267,-111.837379,65.911,0.344,,,,16.4,0.0,,,12.43,5.56,0.11,,,,,,,,,5.172,,,,,,,,66586.0,342.0,,,,,,,,,,,16.0,-95.9,21485.0,10.0,25.1,6.85,-95.9
296,2484,15193,2022-08-10 03:35:39.300000,39.784439,-111.837387,55.65,0.322,,,,18.33,0.0,,,12.41,7.27,0.27,,,,,,,,,14.724,,,,,,,,66586.0,342.0,,,,,,,,,,,19.5,-96.16,20193.0,10.0,15.69,12.9,-96.16
297,2485,15197,2022-08-10 03:35:39.700000,39.784554,-111.837395,75.284,0.448,,,,17.86,12.5,,,13.75,8.11,0.175,,,,,,,,,8.838,,,,,,,,66586.0,342.0,,,,,,,,,,,18.63,-92.4,28017.0,10.0,16.29,4.74,-92.4
298,2486,15203,2022-08-10 03:35:40.300000,39.784725,-111.837402,88.578,0.476,,884.55,342.0,17.75,0.0,-87.48,10.0,13.4,22.22,0.136,-87.48,,,,,,,,0.17,,,,,,,,66586.0,342.0,,,,,,,,,,,,-89.38,29732.0,10.0,23.67,1.75,-89.38
299,2487,15207,2022-08-10 03:35:40.700000,39.784832,-111.837402,64.859,0.336,,,,17.29,0.0,,,12.77,17.24,0.412,,,,,,,,,3.975,,,,,,,,66586.0,342.0,,,,,,,,,,,17.75,-89.27,20988.0,10.0,18.34,0.0,-89.27
300,2488,15213,2022-08-10 03:35:41.300000,39.784992,-111.83741,86.421,0.479,,884.55,342.0,17.2,16.67,-87.29,10.0,13.83,2.33,0.256,-87.29,,,,,,,,11.292,,,,,,,,66586.0,342.0,,,,,,,,,,,13.2,-92.45,30020.0,10.0,14.44,5.33,-92.45
301,2489,15218,2022-08-10 03:35:41.800000,39.785133,-111.837418,79.602,0.432,,,,16.14,0.0,,,13.73,4.85,0.204,,,,,,,,,27.338,,,,,,,,66586.0,342.0,,,,,,,,,,,10.75,-99.35,26999.0,10.0,8.24,9.96,-99.35
302,2490,15223,2022-08-10 03:35:42.300000,39.785275,-111.837433,79.054,0.431,,,,13.0,20.0,,,11.62,6.59,0.478,,,,,,,,,17.166,,,,,,,,66586.0,342.0,,,,,,,,,,,15.5,-103.35,26926.0,10.0,6.56,14.75,-103.35
303,2491,15228,2022-08-10 03:35:42.800000,39.785404,-111.83744,78.48,0.418,,,,16.89,0.0,,,10.38,9.72,0.211,,,,,,,,,11.589,,,,,,,,66586.0,342.0,,,,,,,,,,,15.5,-92.42,26045.0,10.0,13.67,6.96,-92.42
304,2492,15233,2022-08-10 03:35:43.300000,39.785534,-111.837448,52.145,0.34,,,,17.71,0.0,,,11.45,10.64,0.488,,,,,,,,,9.787,,,,,,,,66586.0,342.0,,,,,,,,,,,16.0,-95.0,21288.0,10.0,13.61,11.79,-95.0
305,2493,15237,2022-08-10 03:35:43.700000,39.785641,-111.837456,79.785,0.418,,884.55,342.0,18.2,0.0,-87.77,10.0,9.67,7.69,0.567,-87.77,,,,,,,,0.86,,,,,,,,66586.0,342.0,,,,,,,,,,,,-89.99,26064.0,10.0,13.98,15.67,-89.99
306,2494,15243,2022-08-10 03:35:44.300000,39.785805,-111.837471,72.978,0.406,,884.55,342.0,20.4,0.0,-90.27,10.0,9.67,0.0,0.126,-90.27,,,,,,,,0.073,,,,,,,,66586.0,342.0,,,,,,,,,,,,-88.53,25403.0,10.0,,,-88.53
307,2495,15247,2022-08-10 03:35:44.700000,39.785908,-111.837479,45.537,0.251,,884.55,342.0,20.29,0.0,-90.01,10.0,8.06,6.12,0.387,-90.01,,,,,,,,7.406,,,,,,,,66586.0,342.0,,,,,,,,,,,18.33,-89.69,15664.0,10.0,13.96,10.5,-89.69
308,2496,15253,2022-08-10 03:35:45.300000,39.786064,-111.837502,57.189,0.342,,884.55,342.0,21.0,0.0,-89.2,10.0,12.79,9.3,0.206,-89.2,,,,,,,,11.387,,,,,,,,66586.0,342.0,,,,,,,,,,,,-94.52,21400.0,10.0,10.98,4.81,-94.52
309,2497,15257,2022-08-10 03:35:45.700000,39.786167,-111.837509,34.638,0.211,,,,18.9,0.0,,,13.62,12.12,0.264,,,,,,,,,8.614,,,,,,,,66586.0,342.0,,,,,,,,,,,,-99.11,13168.0,10.0,8.36,10.84,-99.11
310,2498,15263,2022-08-10 03:35:46.300000,39.786324,-111.837517,38.066,0.295,,,,20.13,0.0,,,14.88,14.29,0.183,,,,,,,,,8.089,,,,,,,,66586.0,342.0,,,,,,,,,,,15.43,-99.61,18458.0,10.0,9.77,7.14,-99.61
311,2499,15268,2022-08-10 03:35:46.800000,39.786453,-111.837532,37.585,0.308,,884.55,342.0,20.0,0.0,-88.64,10.0,13.46,12.12,0.109,-88.64,,,,,,,,7.896,,,,,,,,66586.0,342.0,,,,,,,,,,,18.0,-104.01,19280.0,10.0,3.66,6.57,-104.01
312,2500,15273,2022-08-10 03:35:47.300000,39.786583,-111.837555,37.699,0.294,,,,20.0,0.0,,,19.31,0.0,0.145,,,,,,,,,5.435,,,,,,,,66586.0,342.0,,,,,,,,,,,11.25,-93.27,18372.0,10.0,5.75,1.63,-93.27
313,2501,15277,2022-08-10 03:35:47.700000,39.786686,-111.83757,39.061,0.305,,,,21.13,0.0,,,12.27,3.85,0.306,,,,,,,,,5.78,,,,,,,,66586.0,342.0,,,,,,,,,,,11.33,-87.24,19091.0,10.0,15.11,14.29,-87.24
314,2502,15283,2022-08-10 03:35:48.300000,39.786842,-111.837593,58.377,0.372,,,,20.67,14.29,,,9.92,0.0,0.267,,,,,,,,,3.685,,,,,,,,66586.0,342.0,,,,,,,,,,,15.67,-87.4,23229.0,10.0,15.13,7.86,-87.4
315,2503,15287,2022-08-10 03:35:48.700000,39.786945,-111.837601,41.804,0.282,,884.55,342.0,21.11,0.0,-88.81,10.0,13.06,8.33,0.35,-88.81,,,,,,,,7.958,,,,,,,,66586.0,342.0,,,,,,,,,,,15.2,-87.01,17579.0,10.0,15.7,12.6,-87.01
316,2504,15293,2022-08-10 03:35:49.300000,39.787094,-111.837624,25.334,0.211,,884.55,342.0,20.71,12.5,-88.91,10.0,10.5,16.67,0.191,-88.91,,,,,,,,0.108,,,,,,,,66586.0,342.0,,,,,,,,,,,16.0,-85.39,13267.0,10.0,,0.0,-85.39
317,2505,15297,2022-08-10 03:35:49.700000,39.787193,-111.837639,42.004,0.272,,,,17.33,0.0,,,12.14,0.0,0.264,,,,,,,,,2.173,,,,,,,,66586.0,342.0,,,,,,,,,,,16.0,-87.44,16957.0,10.0,12.43,6.49,-87.44
318,2506,15303,2022-08-10 03:35:50.300000,39.787338,-111.837654,65.049,0.381,,884.55,342.0,20.2,0.0,-91.8,10.0,17.0,4.35,0.352,-91.8,,,,,,,,2.621,,,,,,,,66586.0,342.0,,,,,,,,,,,21.0,-91.64,23840.0,10.0,8.6,5.19,-91.64
319,2507,15308,2022-08-10 03:35:50.800000,39.78746,-111.837677,57.738,0.354,,884.55,342.0,18.57,0.0,-93.55,10.0,9.6,10.0,0.216,-93.55,,,,,,,,0.394,,,,,,,,66586.0,342.0,,,,,,,,,,,17.17,-92.81,22100.0,10.0,9.35,7.98,-92.81
320,2508,15313,2022-08-10 03:35:51.300000,39.787582,-111.837692,45.971,0.288,,,,19.67,0.0,,,10.42,11.11,0.322,,,,,,,,,3.14,,,,,,,,66586.0,342.0,,,,,,,,,,,16.0,-93.59,18596.0,10.0,9.38,10.48,-93.59
321,2509,15317,2022-08-10 03:35:51.700000,39.787685,-111.837708,59.466,0.368,,,,17.71,0.0,,,13.88,29.41,0.282,,,,,,,,,1.557,,,,,,,,66586.0,342.0,,,,,,,,,,,16.88,-95.34,22168.0,10.0,7.95,14.29,-95.34
322,2510,15323,2022-08-10 03:35:52.300000,39.787834,-111.837723,56.322,0.337,,,,21.0,25.0,,,11.18,5.13,0.463,,,,,,,,,7.54,,,,,,,,66586.0,342.0,,,,,,,,,,,18.17,-101.39,21119.0,10.0,7.03,11.01,-101.39
323,2511,15328,2022-08-10 03:35:52.800000,39.78796,-111.837746,55.133,0.321,,,,19.5,0.0,,,13.0,9.68,0.204,,,,,,,,,9.038,,,,,,,,66586.0,342.0,,,,,,,,,,,18.0,-96.01,20059.0,10.0,9.39,5.0,-96.01
324,2512,15333,2022-08-10 03:35:53.300000,39.788082,-111.837761,41.489,0.312,,,,21.33,0.0,,,11.75,13.21,0.223,,,,,,,,,11.344,,,,,,,,66586.0,342.0,,,,,,,,,,,16.0,-98.84,19490.0,10.0,5.41,12.05,-98.84
325,2513,15338,2022-08-10 03:35:53.800000,39.788204,-111.837776,49.261,0.349,,884.55,342.0,20.2,0.0,-92.77,10.0,12.71,7.69,0.38,-92.77,,,,,,,,10.327,,,,,,,,66586.0,342.0,,,,,,,,,,,14.0,-94.33,21823.0,10.0,9.71,9.37,-94.33
326,2514,15343,2022-08-10 03:35:54.300000,39.788326,-111.837799,50.014,0.304,,884.55,342.0,19.0,0.0,-92.51,10.0,9.75,13.04,0.099,-92.51,,,,,,,,4.996,,,,,,,,66586.0,342.0,,,,,,,,,,,20.0,-96.75,19020.0,10.0,6.91,7.54,-96.75
327,2515,15349,2022-08-10 03:35:54.900000,39.78846,-111.83783,28.173,0.249,,,,20.11,0.0,,,8.59,9.52,0.397,,,,,,,,,11.82,,,,,,,,66586.0,342.0,,,,,,,,,,,15.5,-97.81,18400.0,10.0,12.16,3.77,-97.81
328,2516,15353,2022-08-10 03:35:55.300000,39.788548,-111.837845,30.464,0.234,,,,18.0,14.29,,,13.61,12.9,0.132,,,,,,,,,11.155,,,,,,,,66586.0,342.0,,,,,,,,,,,16.0,-96.97,13061.0,10.0,11.53,13.37,-96.97
329,2517,15359,2022-08-10 03:35:55.900000,39.788689,-111.837868,19.215,0.19,,884.55,342.0,20.0,0.0,-91.45,10.0,11.82,19.05,0.098,-91.45,,,,,,,,8.443,,,,,,,,66586.0,342.0,,,,,,,,,,,16.0,-104.03,13372.0,10.0,4.53,10.0,-104.03
330,2518,15364,2022-08-10 03:35:56.206989,39.788769,-111.837875,,,Handover Success,,,,,,,,,,,,,,,,,,,,,,,,,,,,,,,,,,,,,,,,,,,,
331,2519,15376,2022-08-10 03:35:56.300000,39.788792,-111.837875,23.213,0.199,,884.55,342.0,19.27,15.38,-90.92,10.0,11.51,10.17,0.175,-90.92,,,,,,,,15.082,,,,,,,,66586.0,337.0,,,,,,,,,,,25.27,-93.07,10910.0,10.0,18.75,12.17,-93.07
332,2520,15382,2022-08-10 03:35:56.900000,39.789017,-111.837914,21.57,0.243,,884.55,342.0,18.92,0.0,-93.18,10.0,9.33,11.11,0.217,-93.18,,,,,,,,10.276,,,,,,,,66586.0,337.0,,,,,,,,,,,24.33,-90.46,17352.0,10.0,12.89,13.25,-90.46
333,2521,15386,2022-08-10 03:35:57.300000,39.789192,-111.837936,14.554,0.152,,884.55,342.0,18.42,14.29,-92.91,10.0,9.63,18.06,0.307,-92.91,,,,,,,,11.053,,,,,,,,66586.0,337.0,,,,,,,,,,,25.67,-90.05,8093.0,10.0,11.06,11.11,-90.05
334,2522,15392,2022-08-10 03:35:57.900000,39.789322,-111.837959,18.165,0.216,,884.55,342.0,18.75,14.29,-94.04,10.0,18.44,14.29,0.278,-94.04,,,,,,,,8.04,,,,,,,,66586.0,337.0,,,,,,,,,,,23.38,-90.53,15762.0,10.0,14.66,8.7,-90.53
335,2523,15396,2022-08-10 03:35:58.300000,39.789322,-111.837959,12.876,0.12,,884.55,342.0,12.0,10.0,-97.58,10.0,12.66,4.67,0.262,-97.58,,,,,,,,14.153,,,,,,,,66586.0,337.0,,,,,,,,,,,24.43,-90.63,6264.0,10.0,15.98,11.59,-90.63
336,2524,15402,2022-08-10 03:35:58.900000,39.789421,-111.837975,11.712,0.167,,884.55,342.0,10.17,7.69,-101.9,10.0,5.23,16.67,0.107,-101.9,,,,,,,,6.165,,,,,,,,66586.0,337.0,,,,,,,,,,,23.82,-89.44,12420.0,10.0,12.41,13.04,-89.44
337,2525,15406,2022-08-10 03:35:59.300000,39.789616,-111.837997,11.143,0.17,,,,10.13,11.76,,,12.32,7.5,0.329,,,,,,,,,7.358,,,,,,,,66586.0,337.0,,,,,,,,,,,23.78,-89.69,8662.0,10.0,15.41,25.93,-89.69
338,2526,15411,2022-08-10 03:35:59.800000,39.789833,-111.838036,11.855,0.147,,884.55,342.0,12.73,15.38,-102.02,10.0,10.76,7.94,0.151,-102.02,,,,,,,,9.674,,,,,,,,66586.0,337.0,,,,,,,,,,,23.25,-89.01,8746.0,10.0,14.2,22.67,-89.01
339,2527,15416,2022-08-10 03:36:00.300000,39.789955,-111.838058,13.307,0.148,,884.55,342.0,7.22,0.0,-100.83,10.0,8.49,6.38,0.226,-100.83,,,,,,,,6.386,,,,,,,,66586.0,337.0,,,,,,,,,,,22.44,-89.53,9881.0,10.0,17.49,27.27,-89.53
340,2528,15421,2022-08-10 03:36:00.800000,39.790073,-111.838074,9.397,0.128,,884.55,342.0,6.12,0.0,-102.0,10.0,11.5,1.75,0.321,-102.0,,,,,,,,7.528,,,,,,,,66586.0,337.0,,,,,,,,,,,19.6,-88.62,7690.0,10.0,20.32,14.67,-88.62
341,2529,15426,2022-08-10 03:36:01.300000,39.790184,-111.838097,14.972,0.238,,884.55,342.0,9.43,6.67,-99.3,10.0,14.02,11.59,0.141,-99.3,,,,,,,,10.819,,,,,,,,66586.0,337.0,,,,,,,,,,,20.0,-87.93,15707.0,10.0,24.03,2.5,-87.93
342,2530,15431,2022-08-10 03:36:01.800000,39.790298,-111.838112,13.458,0.201,,,,6.63,0.0,,,8.91,10.0,0.221,,,,,,,,,6.074,,,,,,,,66586.0,337.0,,,,,,,,,,,20.22,-87.7,12130.0,10.0,22.13,0.0,-87.7
343,2531,15436,2022-08-10 03:36:02.300000,39.790409,-111.838127,12.375,0.191,,,,10.23,7.14,,,7.28,13.64,0.17,,,,,,,,,2.248,,,,,,,,66586.0,337.0,,,,,,,,,,,18.67,-88.08,12589.0,10.0,12.55,6.67,-88.08
344,2532,15441,2022-08-10 03:36:02.800000,39.790516,-111.838142,12.491,0.14,,,,10.07,6.67,,,8.64,0.0,0.158,,,,,,,,,5.506,,,,,,,,66586.0,337.0,,,,,,,,,,,22.58,-87.23,8253.0,10.0,9.93,11.5,-87.23
345,2533,15446,2022-08-10 03:36:03.300000,39.790539,-111.838142,8.15,0.118,,884.55,342.0,11.36,8.33,-97.28,10.0,9.64,0.0,0.107,-97.28,,,,,,,,2.906,,,,,,,,66586.0,337.0,,,,,,,,,,,24.3,-86.78,8022.0,10.0,7.74,14.94,-86.78
346,2534,15451,2022-08-10 03:36:03.800000,39.790539,-111.838142,12.424,0.177,,884.55,342.0,11.4,16.67,-94.29,10.0,9.65,4.35,0.172,-94.29,,,,,,,,3.561,,,,,,,,66586.0,337.0,,,,,,,,,,,22.67,-85.7,10137.0,10.0,11.26,0.0,-85.7
347,2535,15457,2022-08-10 03:36:04.400000,39.790665,-111.838165,12.146,0.154,,,,12.14,0.0,,,14.63,0.0,0.16,,,,,,,,,7.013,,,,,,,,66586.0,337.0,,,,,,,,,,,23.45,-85.14,10640.0,10.0,9.74,10.71,-85.14
348,2536,15461,2022-08-10 03:36:04.800000,39.790764,-111.838173,10.893,0.146,,884.55,342.0,11.43,0.0,-92.85,10.0,8.53,15.0,0.147,-92.85,,,,,,,,5.074,,,,,,,,66586.0,337.0,,,,,,,,,,,21.21,-85.7,7851.0,10.0,9.47,17.44,-85.7
349,2537,15467,2022-08-10 03:36:05.400000,39.790901,-111.838196,12.989,0.183,,884.55,342.0,15.5,0.0,-90.32,10.0,10.5,12.5,0.198,-90.32,,,,,,,,11.351,,,,,,,,66586.0,337.0,,,,,,,,,,,21.67,-89.0,13390.0,10.0,7.11,16.28,-89.0
350,2538,15471,2022-08-10 03:36:05.800000,39.790989,-111.838203,15.523,0.178,,884.55,342.0,16.62,0.0,-89.91,10.0,10.73,11.67,0.243,-89.91,,,,,,,,10.7,,,,,,,,66586.0,337.0,,,,,,,,,,,18.83,-89.14,9619.0,10.0,5.92,5.83,-89.14
351,2539,15477,2022-08-10 03:36:06.400000,39.791126,-111.838226,14.476,0.195,,884.55,342.0,16.69,0.0,-89.18,10.0,10.49,10.91,0.179,-89.18,,,,,,,,10.511,,,,,,,,66586.0,337.0,,,,,,,,,,,23.25,-91.49,14211.0,10.0,6.74,1.19,-91.49
352,2540,15481,2022-08-10 03:36:06.800000,39.791222,-111.838242,16.532,0.209,,,,18.58,14.29,,,13.78,7.55,0.273,,,,,,,,,14.034,,,,,,,,66586.0,337.0,,,,,,,,,,,22.91,-91.68,10872.0,10.0,7.46,8.24,-91.68
353,2541,15487,2022-08-10 03:36:07.400000,39.791359,-111.838257,16.485,0.186,,884.55,342.0,15.4,6.25,-87.32,10.0,12.07,8.51,0.193,-87.32,,,,,,,,10.667,,,,,,,,66586.0,337.0,,,,,,,,,,,22.17,-90.63,13824.0,10.0,8.68,10.34,-90.63
354,2542,15491,2022-08-10 03:36:07.800000,39.791447,-111.838272,16.255,0.212,,884.55,342.0,16.0,0.0,-86.88,10.0,12.83,10.0,0.167,-86.88,,,,,,,,7.006,,,,,,,,66586.0,337.0,,,,,,,,,,,20.75,-90.94,10667.0,10.0,11.67,8.7,-90.94
355,2543,15497,2022-08-10 03:36:08.400000,39.791641,-111.838295,17.318,0.197,,,,18.53,0.0,,,11.51,6.12,0.186,,,,,,,,,9.676,,,,,,,,66586.0,337.0,,,,,,,,,,,24.33,-90.74,12377.0,10.0,10.35,4.41,-90.74
356,2544,15501,2022-08-10 03:36:08.800000,39.791817,-111.838318,10.246,0.177,,884.55,342.0,14.25,14.29,-91.05,10.0,11.18,8.51,0.207,-91.05,,,,,,,,10.664,,,,,,,,66586.0,337.0,,,,,,,,,,,25.25,-90.81,11392.0,10.0,13.65,39.13,-90.81
357,2545,15506,2022-08-10 03:36:09.300000,39.791988,-111.838341,14.268,0.189,,884.55,342.0,14.92,0.0,-92.07,10.0,12.83,19.35,0.224,-92.07,,,,,,,,7.039,,,,,,,,66586.0,337.0,,,,,,,,,,,21.22,-91.16,11496.0,10.0,11.22,0.0,-91.16
358,2546,15511,2022-08-10 03:36:09.800000,39.791988,-111.838341,11.207,0.164,,884.55,342.0,11.83,7.69,-92.77,10.0,11.74,4.76,0.164,-92.77,,,,,,,,10.956,,,,,,,,66586.0,337.0,,,,,,,,,,,20.0,-92.28,10791.0,10.0,7.52,0.0,-92.28
359,2547,15516,2022-08-10 03:36:10.300000,39.792015,-111.838341,14.292,0.178,,,,10.53,0.0,,,10.26,6.35,0.194,,,,,,,,,15.917,,,,,,,,66586.0,337.0,,,,,,,,,,,19.67,-92.73,10568.0,10.0,9.41,3.57,-92.73
360,2548,15521,2022-08-10 03:36:10.800000,39.792141,-111.838356,13.877,0.17,,,,11.08,7.69,,,10.85,0.0,0.194,,,,,,,,,17.798,,,,,,,,66586.0,337.0,,,,,,,,,,,20.14,-91.6,11412.0,10.0,10.23,17.44,-91.6
361,2549,15526,2022-08-10 03:36:11.300000,39.792263,-111.838364,11.348,0.155,,,,9.09,0.0,,,12.79,21.05,0.117,,,,,,,,,6.529,,,,,,,,66586.0,337.0,,,,,,,,,,,22.0,-92.79,8956.0,10.0,10.92,19.57,-92.79
362,2550,15531,2022-08-10 03:36:11.800000,39.792374,-111.838371,17.71,0.182,,884.55,342.0,9.08,0.0,-94.28,10.0,12.38,2.5,0.22,-94.28,,,,,,,,11.534,,,,,,,,66586.0,337.0,,,,,,,,,,,24.29,-91.09,12438.0,10.0,15.1,23.08,-91.09
363,2551,15536,2022-08-10 03:36:12.300000,39.792488,-111.838371,20.219,0.231,,884.55,342.0,11.21,0.0,-95.17,10.0,12.48,2.22,0.202,-95.17,,,,,,,,11.69,,,,,,,,66586.0,337.0,,,,,,,,,,,21.0,-92.91,13050.0,10.0,8.89,11.11,-92.91
364,2552,15542,2022-08-10 03:36:12.900000,39.792969,-111.838394,13.872,0.179,,884.55,342.0,10.63,0.0,-92.18,10.0,12.67,15.48,0.179,-92.18,,,,,,,,21.383,,,,,,,,66586.0,337.0,,,,,,,,,,,20.5,-93.63,12740.0,10.0,9.16,12.2,-93.63
365,2553,15546,2022-08-10 03:36:13.300000,39.793289,-111.838409,19.29,0.215,,884.55,342.0,16.5,0.0,-89.64,10.0,17.0,22.58,0.256,-89.64,,,,,,,,19.209,,,,,,,,66586.0,337.0,,,,,,,,,,,22.5,-93.18,11535.0,10.0,,,-93.18
366,2554,15552,2022-08-10 03:36:13.900000,39.793442,-111.838417,21.18,0.23,,884.55,342.0,16.15,0.0,-90.57,10.0,10.56,10.71,0.16,-90.57,,,,,,,,10.286,,,,,,,,66586.0,337.0,,,,,,,,,,,22.0,-93.71,16755.0,10.0,16.07,0.0,-93.71
367,2555,15556,2022-08-10 03:36:14.300000,39.793545,-111.838417,15.638,0.2,,,,18.27,8.33,,,12.25,11.11,0.251,,,,,,,,,19.097,,,,,,,,66586.0,337.0,,,,,,,,,,,18.86,-93.6,10587.0,10.0,17.82,7.25,-93.6
368,2556,15562,2022-08-10 03:36:14.900000,39.793705,-111.838425,24.281,0.251,,884.55,342.0,13.73,15.38,-99.72,10.0,10.93,3.23,0.227,-99.72,,,,,,,,7.744,,,,,,,,66586.0,337.0,,,,,,,,,,,20.18,-89.26,18508.0,10.0,14.78,7.14,-89.26
369,2557,15566,2022-08-10 03:36:15.300000,39.793808,-111.838432,17.375,0.2,,,,15.63,11.11,,,11.98,9.84,0.286,,,,,,,,,21.278,,,,,,,,66586.0,337.0,,,,,,,,,,,20.0,-88.81,10171.0,10.0,11.62,0.88,-88.81
370,2558,15572,2022-08-10 03:36:15.900000,39.79398,-111.838432,25.59,0.237,,,,16.15,7.14,,,10.11,11.59,0.24,,,,,,,,,14.675,,,,,,,,66586.0,337.0,,,,,,,,,,,21.67,-88.63,14783.0,10.0,11.13,8.05,-88.63
371,2559,15576,2022-08-10 03:36:16.300000,39.794098,-111.838432,14.791,0.164,,884.55,342.0,17.5,6.67,-95.56,10.0,13.65,10.71,0.243,-95.56,,,,,,,,9.897,,,,,,,,66586.0,337.0,,,,,,,,,,,24.11,-91.53,10436.0,10.0,22.68,8.7,-91.53
372,2560,15581,2022-08-10 03:36:16.800000,39.794243,-111.838432,23.502,0.257,,884.55,342.0,15.54,0.0,-93.89,10.0,14.2,8.0,0.266,-93.89,,,,,,,,9.04,,,,,,,,66586.0,337.0,,,,,,,,,,,21.44,-96.51,15707.0,10.0,21.87,33.85,-96.51
373,2561,15586,2022-08-10 03:36:17.300000,39.794376,-111.838432,16.669,0.147,,884.55,342.0,9.18,5.56,-95.13,10.0,15.53,3.28,0.235,-95.13,,,,,,,,11.939,,,,,,,,66586.0,337.0,,,,,,,,,,,16.64,-91.18,9631.0,10.0,12.45,10.46,-91.18
374,2562,15591,2022-08-10 03:36:17.800000,39.794525,-111.838432,13.59,0.182,,884.55,342.0,9.69,13.33,-95.55,10.0,17.49,4.44,0.188,-95.55,,,,,,,,12.437,,,,,,,,66586.0,337.0,,,,,,,,,,,19.82,-91.66,10827.0,10.0,12.88,6.6,-91.66
375,2563,15596,2022-08-10 03:36:18.300000,39.794685,-111.838425,11.566,0.129,,,,10.43,0.0,,,11.45,7.69,0.233,,,,,,,,,2.166,,,,,,,,66586.0,337.0,,,,,,,,,,,23.75,-91.41,8651.0,10.0,19.68,16.13,-91.41
376,2564,15601,2022-08-10 03:36:18.800000,39.794842,-111.838417,14.582,0.181,,,,9.26,0.0,,,16.15,14.06,0.248,,,,,,,,,10.803,,,,,,,,66586.0,337.0,,,,,,,,,,,18.0,-91.62,10471.0,10.0,15.83,5.8,-91.62
377,2565,15606,2022-08-10 03:36:19.300000,39.794998,-111.838409,15.494,0.182,,,,9.42,7.69,,,12.18,6.82,0.146,,,,,,,,,9.717,,,,,,,,66586.0,337.0,,,,,,,,,,,18.0,-92.05,12606.0,10.0,13.08,8.7,-92.05
378,2566,15611,2022-08-10 03:36:19.800000,39.795143,-111.838409,16.117,0.193,,884.55,342.0,9.92,7.14,-98.59,10.0,11.86,8.16,0.221,-98.59,,,,,,,,8.173,,,,,,,,66586.0,337.0,,,,,,,,,,,14.3,-90.42,10795.0,10.0,12.62,0.0,-90.42
379,2567,15617,2022-08-10 03:36:20.400000,39.795303,-111.838402,22.202,0.221,,,,14.0,0.0,,,10.06,8.14,0.232,,,,,,,,,15.594,,,,,,,,66586.0,337.0,,,,,,,,,,,19.67,-87.38,15601.0,10.0,19.09,4.55,-87.38
380,2568,15621,2022-08-10 03:36:20.800000,39.79541,-111.838402,14.379,0.145,,884.55,342.0,11.86,0.0,-95.96,10.0,,,0.054,-95.96,,,,,,,,0.0,,,,,,,,66586.0,337.0,,,,,,,,,,,,-87.82,7851.0,10.0,23.36,0.0,-87.82
