TIME_STAMP,Lon,Lat,Event Technology,LTE KPI MAC UL Throughput[Mbps],LTE KPI UL CA Type,5G KPI Total Info Layer2 MAC UL Throughput [Mbps],5G KPI Total Info UL CA Type,5G KPI PCell RF Frequency [MHz],5G KPI PCell RF Serving SSB Idx,5G KPI PCell RF Best Beam SSB Idx,Smart Phone Smart Throughput Mobile Network UL Throughput [Mbps]
2022-08-13 10:28:57.000000,-87.623756,41.893070,5G-NR_NSA,,,,,,,,
2022-08-13 10:28:57.300000,-87.623756,41.893070,,,,,,27550.04,27,26,
2022-08-13 10:28:57.400000,-87.623756,41.893070,,,,0.192,UL NonCA,,,,
2022-08-13 10:28:57.500000,-87.623756,41.893070,,,,0.175,UL NonCA,27550.04,27,26,0.000
2022-08-13 10:28:57.600000,-87.623756,41.893070,,,,0.175,UL NonCA,27550.04,27,26,
2022-08-13 10:28:57.700000,-87.623756,41.893070,,,,0.003,UL NonCA,,,,
2022-08-13 10:28:57.800000,-87.623756,41.893070,,,,0.175,UL NonCA,27550.04,27,26,
2022-08-13 10:28:57.900000,-87.623756,41.893070,,,,0.003,UL NonCA,,,,
2022-08-13 10:28:58.000000,-87.623756,41.893070,5G-NR_NSA,,,0.175,UL NonCA,27550.04,27,26,0.000
2022-08-13 10:28:58.100000,-87.623756,41.893070,,,,0.175,UL NonCA,27550.04,27,26,
2022-08-13 10:28:58.200000,-87.623756,41.893070,,,,0.003,UL NonCA,,,,
2022-08-13 10:28:58.300000,-87.623756,41.893070,,,,0.175,UL NonCA,27550.04,27,26,
2022-08-13 10:28:58.400000,-87.623756,41.893070,,,,0.006,UL NonCA,,,,
2022-08-13 10:28:58.500000,-87.623756,41.893070,,,,0.175,UL NonCA,,,,0.000
2022-08-13 10:28:58.600000,-87.623756,41.893070,,,,0.175,UL NonCA,27550.04,27,26,
2022-08-13 10:28:58.800000,-87.623756,41.893070,,,,0.175,UL NonCA,,,,
2022-08-13 10:28:58.900000,-87.623756,41.893070,,,,0.175,UL NonCA,27550.04,27,26,
2022-08-13 10:28:59.000000,-87.623756,41.893070,5G-NR_NSA,,,0.003,UL NonCA,,,,0.000
2022-08-13 10:28:59.100000,-87.623756,41.893070,,,,0.175,UL NonCA,27550.04,27,26,
2022-08-13 10:28:59.300000,-87.623756,41.893070,,,,0.175,UL NonCA,27550.04,27,26,
2022-08-13 10:28:59.400000,-87.623756,41.893070,,,,0.175,UL NonCA,,,,
2022-08-13 10:28:59.500000,-87.623756,41.893070,,,,0.175,UL NonCA,,,,0.000
2022-08-13 10:28:59.600000,-87.623756,41.893070,,,,0.175,UL NonCA,27550.04,27,26,
2022-08-13 10:28:59.700000,-87.623756,41.893070,,,,0.175,UL NonCA,,,,
2022-08-13 10:28:59.800000,-87.623756,41.893070,,,,0.175,UL NonCA,,,,
2022-08-13 10:28:59.900000,-87.623756,41.893070,,,,0.175,UL NonCA,27550.04,27,26,
2022-08-13 10:29:00.000000,-87.623756,41.893070,5G-NR_NSA(8CA),9.889,NonCA,5.584,UL NonCA,27550.04,27,26,0.000
2022-08-13 10:29:00.100000,-87.623756,41.893070,,,,15.596,UL NonCA,,,,
2022-08-13 10:29:00.200000,-87.623756,41.893070,,,,63.871,UL 2CA,27550.04,27,26,
2022-08-13 10:29:00.300000,-87.623756,41.893070,,,NonCA,121.750,UL 2CA,,,,
2022-08-13 10:29:00.400000,-87.623756,41.893070,,,NonCA,174.422,UL 2CA,,,,
2022-08-13 10:29:00.500000,-87.623756,41.893070,,,NonCA,182.235,UL 2CA,27550.04,27,26,111.271
2022-08-13 10:29:00.600000,-87.623756,41.893070,,,NonCA,161.131,UL 2CA,,,,
2022-08-13 10:29:00.700000,-87.623756,41.893070,,,NonCA,152.079,UL 2CA,27550.04,27,26,
2022-08-13 10:29:00.800000,-87.623756,41.893070,,,NonCA,184.063,UL 2CA,,,,
2022-08-13 10:29:00.900000,-87.623756,41.893070,,,NonCA,156.966,UL 2CA,,,,
2022-08-13 10:29:01.000000,-87.623756,41.893070,5G-NR_NSA(8CA),44.088,NonCA,189.762,UL 2CA,27550.04,27,26,222.385
2022-08-13 10:29:01.100000,-87.623756,41.893070,,,NonCA,168.602,UL 2CA,,,,
2022-08-13 10:29:01.200000,-87.623756,41.893074,,,NonCA,186.824,UL 2CA,27550.04,27,26,
2022-08-13 10:29:01.300000,-87.623756,41.893074,,,NonCA,176.412,UL 2CA,,,,
2022-08-13 10:29:01.400000,-87.623756,41.893074,,,NonCA,170.691,UL 2CA,,,,
2022-08-13 10:29:01.500000,-87.623756,41.893074,,,NonCA,185.839,UL 2CA,27550.04,27,26,239.552
2022-08-13 10:29:01.600000,-87.623756,41.893078,,,NonCA,308.447,UL 2CA,27550.04,27,26,
2022-08-13 10:29:01.700000,-87.623756,41.893078,,,NonCA,277.800,UL 2CA,,,,
2022-08-13 10:29:01.800000,-87.623756,41.893078,,,NonCA,275.827,UL 2CA,,,,
2022-08-13 10:29:01.900000,-87.623756,41.893082,,,NonCA,220.953,UL 2CA,,,,
2022-08-13 10:29:02.000000,-87.623756,41.893082,5G-NR_NSA(8CA),38.489,NonCA,172.881,UL 2CA,27550.04,27,26,284.134
2022-08-13 10:29:02.100000,-87.623756,41.893082,,,NonCA,232.414,UL 2CA,27550.04,27,26,
2022-08-13 10:29:02.200000,-87.623756,41.893082,,,NonCA,185.657,UL 2CA,,,,
2022-08-13 10:29:02.300000,-87.623756,41.893082,,,NonCA,164.067,UL 2CA,27550.04,27,26,
2022-08-13 10:29:02.400000,-87.623756,41.893082,,,NonCA,175.079,UL 2CA,,,,
2022-08-13 10:29:02.500000,-87.623756,41.893082,,,NonCA,174.804,UL 2CA,27550.04,27,26,235.886
2022-08-13 10:29:02.600000,-87.623756,41.893082,,,NonCA,166.298,UL 2CA,27550.04,27,26,
2022-08-13 10:29:02.700000,-87.623756,41.893082,,,NonCA,205.200,UL 2CA,,,,
2022-08-13 10:29:02.800000,-87.623756,41.893082,,,NonCA,163.557,UL 2CA,27550.04,27,26,
2022-08-13 10:29:02.900000,-87.623756,41.893082,,,NonCA,201.118,UL 2CA,27550.04,27,26,
2022-08-13 10:29:03.000000,-87.623756,41.893082,5G-NR_NSA(8CA),29.754,NonCA,176.109,UL 2CA,,,,226.238
2022-08-13 10:29:03.100000,-87.623756,41.893082,,,NonCA,162.481,UL 2CA,27550.04,27,26,
2022-08-13 10:29:03.200000,-87.623756,41.893082,,,NonCA,170.500,UL 2CA,,,,
2022-08-13 10:29:03.300000,-87.623756,41.893082,,,NonCA,173.550,UL 2CA,,,,
2022-08-13 10:29:03.400000,-87.623756,41.893082,,,NonCA,177.444,UL 2CA,27550.04,27,26,
2022-08-13 10:29:03.500000,-87.623756,41.893082,,,NonCA,159.070,UL 2CA,,,,209.081
2022-08-13 10:29:03.600000,-87.623756,41.893082,,,NonCA,181.397,UL 2CA,27550.04,27,26,
2022-08-13 10:29:03.700000,-87.623756,41.893082,,,NonCA,187.182,UL 2CA,,,,
2022-08-13 10:29:03.800000,-87.623756,41.893082,,,NonCA,175.070,UL 2CA,,,,
2022-08-13 10:29:03.900000,-87.623756,41.893082,,,NonCA,177.943,UL 2CA,27550.04,27,26,
2022-08-13 10:29:04.000000,-87.623756,41.893082,5G-NR_NSA(8CA),36.821,NonCA,178.686,UL 2CA,,,,217.659
2022-08-13 10:29:04.100000,-87.623756,41.893082,,,NonCA,182.562,UL 2CA,27550.04,27,26,
2022-08-13 10:29:04.200000,-87.623756,41.893082,,,NonCA,168.088,UL 2CA,27550.04,27,26,
2022-08-13 10:29:04.300000,-87.623756,41.893082,,,NonCA,167.535,UL 2CA,,,,
2022-08-13 10:29:04.400000,-87.623756,41.893082,,,NonCA,161.014,UL 2CA,,,,
2022-08-13 10:29:04.500000,-87.623756,41.893082,,,NonCA,170.126,UL 2CA,27550.04,27,26,201.576
2022-08-13 10:29:04.600000,-87.623756,41.893082,,,NonCA,181.006,UL 2CA,,,,
2022-08-13 10:29:04.700000,-87.623756,41.893082,,,NonCA,174.016,UL 2CA,27550.04,27,26,
2022-08-13 10:29:04.800000,-87.623756,41.893082,,,NonCA,230.579,UL 2CA,,,,
2022-08-13 10:29:04.900000,-87.623756,41.893082,,,NonCA,183.731,UL 2CA,,,,
2022-08-13 10:29:05.000000,-87.623756,41.893082,5G-NR_NSA(8CA),38.555,NonCA,161.312,UL 2CA,27550.04,27,26,239.103
2022-08-13 10:29:05.100000,-87.623756,41.893082,,,NonCA,181.269,UL 2CA,,,,
2022-08-13 10:29:05.200000,-87.623756,41.893082,,,NonCA,168.356,UL 2CA,27550.04,27,26,
2022-08-13 10:29:05.300000,-87.623756,41.893082,,,NonCA,205.727,UL 2CA,27550.04,27,26,
2022-08-13 10:29:05.400000,-87.623756,41.893082,,,NonCA,195.757,UL 2CA,,,,
2022-08-13 10:29:05.500000,-87.623756,41.893082,,,NonCA,176.667,UL 2CA,27550.04,27,26,223.020
2022-08-13 10:29:05.600000,-87.623756,41.893082,,,NonCA,175.061,UL 2CA,,,,
2022-08-13 10:29:05.700000,-87.623756,41.893082,,,NonCA,200.032,UL 2CA,,,,
2022-08-13 10:29:05.800000,-87.623756,41.893082,,,NonCA,244.857,UL 2CA,27550.04,27,26,
2022-08-13 10:29:05.900000,-87.623756,41.893082,,,NonCA,213.520,UL 2CA,,,,
2022-08-13 10:29:06.000000,-87.623756,41.893082,5G-NR_NSA(8CA),39.039,NonCA,229.084,UL 2CA,27550.04,27,26,254.114
2022-08-13 10:29:06.100000,-87.623756,41.893082,,,NonCA,204.242,UL 2CA,,,,
2022-08-13 10:29:06.200000,-87.623756,41.893082,,,NonCA,245.820,UL 2CA,,,,
2022-08-13 10:29:06.300000,-87.623756,41.893082,,,NonCA,279.785,UL 2CA,27550.04,27,26,
2022-08-13 10:29:06.400000,-87.623756,41.893082,,,NonCA,206.056,UL 2CA,,,,
2022-08-13 10:29:06.500000,-87.623756,41.893082,,,NonCA,173.547,UL 2CA,27550.04,27,26,278.774
2022-08-13 10:29:06.600000,-87.623756,41.893082,,,NonCA,216.394,UL 2CA,27550.04,27,26,
2022-08-13 10:29:06.700000,-87.623756,41.893082,,,NonCA,165.969,UL 2CA,,,,
2022-08-13 10:29:06.800000,-87.623756,41.893082,,,NonCA,188.604,UL 2CA,27550.04,27,26,
2022-08-13 10:29:06.900000,-87.623756,41.893082,,,NonCA,197.086,UL 2CA,27550.04,27,26,
2022-08-13 10:29:07.000000,-87.623756,41.893082,5G-NR_NSA(8CA),42.813,NonCA,206.751,UL 2CA,,,,245.047
2022-08-13 10:29:07.100000,-87.623756,41.893082,,,NonCA,163.981,UL 2CA,27550.04,27,26,
2022-08-13 10:29:07.200000,-87.623756,41.893082,,,NonCA,209.028,UL 2CA,,,,
2022-08-13 10:29:07.300000,-87.623756,41.893082,,,NonCA,231.223,UL 2CA,,,,
2022-08-13 10:29:07.400000,-87.623756,41.893082,,,NonCA,253.214,UL 2CA,27550.04,27,26,
2022-08-13 10:29:07.500000,-87.623756,41.893082,,,NonCA,226.439,UL 2CA,,,,237.433
2022-08-13 10:29:07.600000,-87.623756,41.893082,,,NonCA,177.137,UL 2CA,27550.04,27,26,
2022-08-13 10:29:07.700000,-87.623756,41.893082,,,NonCA,193.988,UL 2CA,,,,
2022-08-13 10:29:07.800000,-87.623756,41.893082,,,NonCA,175.902,UL 2CA,,,,
2022-08-13 10:29:07.900000,-87.623756,41.893082,,,NonCA,238.632,UL 2CA,,,,
2022-08-13 10:29:08.000000,-87.623756,41.893082,5G-NR_NSA(8CA),39.160,NonCA,284.829,UL 2CA,,,,255.186
2022-08-13 10:29:08.100000,-87.623756,41.893082,,,NonCA,261.007,UL 2CA,,,,
2022-08-13 10:29:08.200000,-87.623756,41.893082,,,NonCA,210.294,UL 2CA,27550.04,27,26,
2022-08-13 10:29:08.300000,-87.623756,41.893082,,,NonCA,211.788,UL 2CA,,,,
2022-08-13 10:29:08.400000,-87.623756,41.893082,,,NonCA,189.270,UL 2CA,27550.04,27,26,
2022-08-13 10:29:08.500000,-87.623756,41.893082,,,NonCA,166.235,UL 2CA,27550.04,27,26,273.413
2022-08-13 10:29:08.600000,-87.623756,41.893082,,,NonCA,187.733,UL 2CA,,,,
2022-08-13 10:29:08.700000,-87.623756,41.893082,,,NonCA,201.318,UL 2CA,,,,
2022-08-13 10:29:08.800000,-87.623756,41.893082,,,NonCA,252.646,UL 2CA,,,,
2022-08-13 10:29:08.900000,-87.623756,41.893082,,,NonCA,212.340,UL 2CA,27550.04,27,26,
2022-08-13 10:29:09.000000,-87.623756,41.893082,5G-NR_NSA(8CA),36.649,NonCA,184.724,UL 2CA,27550.04,27,26,254.114
2022-08-13 10:29:09.100000,-87.623756,41.893082,,,NonCA,178.019,UL 2CA,,,,
2022-08-13 10:29:09.200000,-87.623756,41.893082,,,NonCA,243.874,UL 2CA,,,,
2022-08-13 10:29:09.300000,-87.623756,41.893082,,,NonCA,198.580,UL 2CA,,,,
2022-08-13 10:29:09.400000,-87.623756,41.893082,,,NonCA,169.386,UL 2CA,,,,
2022-08-13 10:29:09.500000,-87.623756,41.893082,,,NonCA,187.905,UL 2CA,,,,238.031
2022-08-13 10:29:09.600000,-87.623756,41.893082,,,NonCA,217.963,UL 2CA,,,,
2022-08-13 10:29:09.700000,-87.623756,41.893082,,,NonCA,228.316,UL 2CA,27550.04,27,26,
2022-08-13 10:29:09.800000,-87.623756,41.893082,,,NonCA,208.105,UL 2CA,27550.04,27,26,
2022-08-13 10:29:09.900000,-87.623756,41.893082,,,NonCA,254.422,UL 2CA,,,,
2022-08-13 10:29:10.000000,-87.623756,41.893082,5G-NR_NSA(8CA),33.216,NonCA,261.057,UL 2CA,27550.04,27,26,269.657
2022-08-13 10:29:10.100000,-87.623756,41.893082,,,NonCA,214.447,UL 2CA,27550.04,27,26,
2022-08-13 10:29:10.200000,-87.623756,41.893082,,,NonCA,248.348,UL 2CA,,,,
2022-08-13 10:29:10.300000,-87.623756,41.893082,,,NonCA,246.805,UL 2CA,27550.04,27,26,
2022-08-13 10:29:10.400000,-87.623756,41.893082,,,NonCA,169.326,UL 2CA,27550.04,27,26,
2022-08-13 10:29:10.500000,-87.623756,41.893082,,,NonCA,226.592,UL 2CA,,,,248.177
2022-08-13 10:29:10.600000,-87.623756,41.893082,,,NonCA,179.064,UL 2CA,27550.04,27,26,
2022-08-13 10:29:10.700000,-87.623756,41.893082,,,NonCA,181.781,UL 2CA,,,,
2022-08-13 10:29:10.800000,-87.623756,41.893082,,,NonCA,171.242,UL 2CA,27550.04,27,26,
2022-08-13 10:29:10.900000,-87.623756,41.893082,,,NonCA,182.915,UL 2CA,27550.04,27,26,
2022-08-13 10:29:11.000000,-87.623756,41.893082,5G-NR_NSA(8CA),31.925,NonCA,189.509,UL 2CA,,,,222.575
2022-08-13 10:29:11.100000,-87.623756,41.893082,,,NonCA,192.223,UL 2CA,27550.04,27,26,
2022-08-13 10:29:11.200000,-87.623756,41.893082,,,NonCA,172.704,UL 2CA,,,,
2022-08-13 10:29:11.300000,-87.623756,41.893082,,,NonCA,236.381,UL 2CA,27550.04,27,26,
2022-08-13 10:29:11.400000,-87.623756,41.893082,,,NonCA,177.844,UL 2CA,,,,
2022-08-13 10:29:11.500000,-87.623756,41.893082,,,NonCA,189.915,UL 2CA,,,,241.731
2022-08-13 10:29:11.600000,-87.623756,41.893082,,,NonCA,193.217,UL 2CA,,,,
2022-08-13 10:29:11.700000,-87.623756,41.893082,,,NonCA,180.195,UL 2CA,27550.04,27,26,
2022-08-13 10:29:11.800000,-87.623756,41.893082,,,NonCA,204.918,UL 2CA,,,,
2022-08-13 10:29:11.900000,-87.623756,41.893082,,,NonCA,174.244,UL 2CA,27550.04,27,26,
2022-08-13 10:29:12.000000,-87.623756,41.893082,5G-NR_NSA(8CA),28.417,NonCA,185.592,UL 2CA,,,,220.876
2022-08-13 10:29:12.100000,-87.623756,41.893082,,,NonCA,171.232,UL 2CA,27550.04,27,26,
2022-08-13 10:29:12.200000,-87.623756,41.893082,,,NonCA,200.094,UL 2CA,27550.04,27,26,
2022-08-13 10:29:12.300000,-87.623756,41.893082,,,NonCA,211.348,UL 2CA,,,,
2022-08-13 10:29:12.400000,-87.623756,41.893082,,,NonCA,159.638,UL 2CA,27550.04,27,26,
2022-08-13 10:29:12.500000,-87.623756,41.893082,,,NonCA,171.912,UL 2CA,,,,211.226
2022-08-13 10:29:12.600000,-87.623756,41.893082,,,NonCA,211.519,UL 2CA,,,,
2022-08-13 10:29:12.700000,-87.623756,41.893082,,,NonCA,179.392,UL 2CA,27550.04,27,26,
2022-08-13 10:29:12.800000,-87.623756,41.893082,,,NonCA,176.590,UL 2CA,,,,
2022-08-13 10:29:12.900000,-87.623756,41.893082,,,NonCA,164.125,UL 2CA,,,,
2022-08-13 10:29:13.000000,-87.623756,41.893082,5G-NR_NSA(8CA),29.703,NonCA,203.516,UL 2CA,27550.04,27,26,217.659
2022-08-13 10:29:13.100000,-87.623756,41.893082,,,NonCA,169.612,UL 2CA,,,,
2022-08-13 10:29:13.200000,-87.623756,41.893082,,,NonCA,221.188,UL 2CA,27550.04,27,26,
2022-08-13 10:29:13.300000,-87.623756,41.893082,,,NonCA,231.723,UL 2CA,,,,
2022-08-13 10:29:13.400000,-87.623756,41.893082,,,NonCA,204.359,UL 2CA,,,,
2022-08-13 10:29:13.500000,-87.623756,41.893082,,,NonCA,216.262,UL 2CA,,,,230.526
2022-08-13 10:29:13.600000,-87.623756,41.893082,,,NonCA,207.531,UL 2CA,,,,
2022-08-13 10:29:13.700000,-87.623756,41.893082,,,NonCA,190.450,UL 2CA,,,,
2022-08-13 10:29:13.800000,-87.623756,41.893082,,,NonCA,188.546,UL 2CA,,,,
2022-08-13 10:29:13.900000,-87.623756,41.893082,,,NonCA,204.360,UL 2CA,,,,
2022-08-13 10:29:14.000000,-87.623756,41.893082,5G-NR_NSA(8CA),42.099,NonCA,203.343,UL 2CA,27550.04,27,26,245.535
2022-08-13 10:29:14.100000,-87.623756,41.893082,,,NonCA,166.226,UL 2CA,,,,
2022-08-13 10:29:14.200000,-87.623756,41.893082,,,NonCA,222.765,UL 2CA,,,,
2022-08-13 10:29:14.300000,-87.623756,41.893082,,,NonCA,279.410,UL 2CA,,,,
2022-08-13 10:29:14.400000,-87.623756,41.893082,,,NonCA,193.982,UL 2CA,,,,
2022-08-13 10:29:14.500000,-87.623756,41.893082,,,NonCA,181.521,UL 2CA,27550.04,27,26,250.897
2022-08-13 10:29:14.600000,-87.623756,41.893082,,,NonCA,213.412,UL 2CA,27550.04,27,26,
2022-08-13 10:29:14.700000,-87.623756,41.893082,,,NonCA,198.584,UL 2CA,,,,
2022-08-13 10:29:14.800000,-87.623756,41.893082,,,NonCA,222.448,UL 2CA,,,,
2022-08-13 10:29:14.900000,-87.623756,41.893082,,,NonCA,236.496,UL 2CA,,,,
2022-08-13 10:29:15.000000,-87.623756,41.893082,5G-NR_NSA(8CA),41.951,NonCA,201.222,UL 2CA,,,,258.402
2022-08-13 10:29:15.100000,-87.623756,41.893082,,,NonCA,206.528,UL 2CA,27550.04,27,26,
2022-08-13 10:29:15.200000,-87.623756,41.893082,,,NonCA,218.042,UL 2CA,,,,
2022-08-13 10:29:15.300000,-87.623756,41.893082,,,NonCA,164.555,UL 2CA,27550.04,27,26,
2022-08-13 10:29:15.400000,-87.623756,41.893082,,,NonCA,208.012,UL 2CA,27550.04,27,26,
2022-08-13 10:29:15.500000,-87.623756,41.893082,,,NonCA,211.764,UL 2CA,,,,245.046
2022-08-13 10:29:15.600000,-87.623756,41.893082,,,NonCA,229.279,UL 2CA,27550.04,27,26,
2022-08-13 10:29:15.700000,-87.623756,41.893082,,,NonCA,195.301,UL 2CA,,,,
2022-08-13 10:29:15.800000,-87.623756,41.893082,,,NonCA,194.330,UL 2CA,,,,
2022-08-13 10:29:15.900000,-87.623756,41.893082,,,NonCA,203.139,UL 2CA,27550.04,27,26,
2022-08-13 10:29:16.000000,-87.623756,41.893082,5G-NR_NSA(8CA),36.945,NonCA,168.286,UL 2CA,,,,255.186
2022-08-13 10:29:16.100000,-87.623756,41.893082,,,NonCA,233.539,UL 2CA,27550.04,27,26,
2022-08-13 10:29:16.200000,-87.623756,41.893082,,,NonCA,183.131,UL 2CA,27550.04,27,26,
2022-08-13 10:29:16.300000,-87.623756,41.893082,,,NonCA,177.933,UL 2CA,,,,
2022-08-13 10:29:16.400000,-87.623756,41.893082,,,NonCA,183.227,UL 2CA,,,,
2022-08-13 10:29:16.500000,-87.623756,41.893082,,,,191.792,UL 2CA,27550.04,27,26,226.691
2022-08-13 10:29:16.600000,-87.623756,41.893082,,,NonCA,163.964,UL 2CA,,,,
2022-08-13 10:29:16.700000,-87.623756,41.893082,,,NonCA,182.001,UL 2CA,27550.04,27,26,
2022-08-13 10:29:16.800000,-87.623756,41.893082,,,NonCA,166.720,UL 2CA,,,,
2022-08-13 10:29:16.900000,-87.623756,41.893082,,,NonCA,219.264,UL 2CA,27550.04,27,26,
2022-08-13 10:29:17.000000,-87.623756,41.893082,5G-NR_NSA(8CA),43.144,NonCA,226.908,UL 2CA,27550.04,27,26,242.319
2022-08-13 10:29:17.100000,-87.623756,41.893082,,,NonCA,287.641,UL 2CA,,,,
2022-08-13 10:29:17.200000,-87.623756,41.893082,,,NonCA,201.327,UL 2CA,,,,
2022-08-13 10:29:17.300000,-87.623756,41.893082,,,NonCA,195.932,UL 2CA,27550.04,27,26,
2022-08-13 10:29:17.400000,-87.623756,41.893082,,,NonCA,187.183,UL 2CA,,,,
2022-08-13 10:29:17.500000,-87.623756,41.893082,,,NonCA,187.985,UL 2CA,27550.04,27,26,240.175
2022-08-13 10:29:17.600000,-87.623756,41.893082,,,NonCA,247.462,UL 2CA,,,,
2022-08-13 10:29:17.700000,-87.623756,41.893082,,,NonCA,163.169,UL 2CA,,,,
2022-08-13 10:29:17.800000,-87.623756,41.893082,,,NonCA,218.004,UL 2CA,27550.04,27,26,
2022-08-13 10:29:17.900000,-87.623756,41.893082,,,NonCA,178.722,UL 2CA,,,,
2022-08-13 10:29:18.000000,-87.623756,41.893082,5G-NR_NSA(8CA),48.969,NonCA,205.944,UL 2CA,,,,245.536
2022-08-13 10:29:18.100000,-87.623756,41.893082,,,NonCA,202.788,UL 2CA,,,,
2022-08-13 10:29:18.200000,-87.623756,41.893082,,,NonCA,184.634,UL 2CA,,,,
2022-08-13 10:29:18.300000,-87.623756,41.893082,,,NonCA,287.797,UL 2CA,,,,
2022-08-13 10:29:18.400000,-87.623756,41.893082,,,NonCA,181.049,UL 2CA,,,,
2022-08-13 10:29:18.500000,-87.623756,41.893082,,,NonCA,184.151,UL 2CA,27550.04,27,26,261.619
2022-08-13 10:29:18.600000,-87.623756,41.893082,,,NonCA,160.431,UL 2CA,,,,
2022-08-13 10:29:18.700000,-87.623756,41.893082,,,NonCA,209.979,UL 2CA,,,,
2022-08-13 10:29:18.800000,-87.623756,41.893082,,,NonCA,158.246,UL 2CA,27550.04,27,26,
2022-08-13 10:29:18.900000,-87.623756,41.893082,,,NonCA,190.875,UL 2CA,27550.04,27,26,
2022-08-13 10:29:19.000000,-87.623756,41.893082,5G-NR_NSA(8CA),38.115,NonCA,220.949,UL 2CA,,,,224.092
2022-08-13 10:29:19.100000,-87.623756,41.893082,,,NonCA,188.043,UL 2CA,27550.04,27,26,
2022-08-13 10:29:19.200000,-87.623756,41.893082,,,NonCA,183.756,UL 2CA,,,,
2022-08-13 10:29:19.300000,-87.623756,41.893082,,,NonCA,238.713,UL 2CA,,,,
2022-08-13 10:29:19.400000,-87.623756,41.893082,,,NonCA,174.263,UL 2CA,27550.04,27,26,
2022-08-13 10:29:19.500000,-87.623756,41.893082,,,NonCA,248.723,UL 2CA,,,,236.959
2022-08-13 10:29:19.600000,-87.623756,41.893082,,,NonCA,166.744,UL 2CA,27550.04,27,26,
2022-08-13 10:29:19.700000,-87.623756,41.893082,,,NonCA,212.537,UL 2CA,,,,
2022-08-13 10:29:19.800000,-87.623756,41.893082,,,NonCA,284.231,UL 2CA,,,,
2022-08-13 10:29:19.900000,-87.623756,41.893082,,,NonCA,165.972,UL 2CA,27550.04,27,26,
2022-08-13 10:29:20.000000,-87.623756,41.893082,5G-NR_NSA(8CA),38.622,NonCA,203.873,UL 2CA,,,,256.258
2022-08-13 10:29:20.100000,-87.623756,41.893082,,,NonCA,213.024,UL 2CA,,,,
2022-08-13 10:29:20.200000,-87.623756,41.893082,,,NonCA,265.553,UL 2CA,27550.04,27,26,
2022-08-13 10:29:20.300000,-87.623756,41.893082,,,NonCA,266.436,UL 2CA,,,,
2022-08-13 10:29:20.400000,-87.623756,41.893082,,,NonCA,245.453,UL 2CA,,,,
2022-08-13 10:29:20.500000,-87.623756,41.893082,,,NonCA,165.157,UL 2CA,27550.04,27,26,273.937
2022-08-13 10:29:20.600000,-87.623756,41.893082,,,NonCA,200.286,UL 2CA,,,,
2022-08-13 10:29:20.700000,-87.623756,41.893082,,,NonCA,184.678,UL 2CA,,,,
2022-08-13 10:29:20.800000,-87.623756,41.893082,,,NonCA,210.809,UL 2CA,,,,
2022-08-13 10:29:20.900000,-87.623756,41.893082,,,NonCA,180.745,UL 2CA,27550.04,27,26,
2022-08-13 10:29:21.000000,-87.623756,41.893082,5G-NR_NSA(8CA),37.034,NonCA,191.718,UL 2CA,,,,227.764
2022-08-13 10:29:21.100000,-87.623756,41.893082,,,NonCA,182.223,UL 2CA,,,,
2022-08-13 10:29:21.200000,-87.623756,41.893082,,,NonCA,205.292,UL 2CA,27550.04,27,26,
2022-08-13 10:29:21.300000,-87.623756,41.893082,,,NonCA,155.224,UL 2CA,,,,
2022-08-13 10:29:21.400000,-87.623756,41.893082,,,NonCA,205.878,UL 2CA,,,,
2022-08-13 10:29:21.500000,-87.623756,41.893082,,,NonCA,164.745,UL 2CA,27550.04,27,26,232.670
2022-08-13 10:29:21.600000,-87.623756,41.893082,,,NonCA,255.730,UL 2CA,,,,
2022-08-13 10:29:21.700000,-87.623756,41.893082,,,NonCA,170.221,UL 2CA,27550.04,27,26,
2022-08-13 10:29:21.800000,-87.623756,41.893082,,,NonCA,207.106,UL 2CA,27550.04,27,26,
2022-08-13 10:29:21.900000,-87.623756,41.893082,,,NonCA,180.289,UL 2CA,,,,
2022-08-13 10:29:22.000000,-87.623756,41.893082,5G-NR_NSA(8CA),36.492,NonCA,202.126,UL 2CA,27550.04,27,26,231.598
2022-08-13 10:29:22.100000,-87.623756,41.893082,,,NonCA,243.227,UL 2CA,27550.04,27,26,
2022-08-13 10:29:22.200000,-87.623756,41.893082,,,NonCA,228.937,UL 2CA,,,,
2022-08-13 10:29:22.300000,-87.623756,41.893082,,,NonCA,236.552,UL 2CA,27550.04,27,26,
2022-08-13 10:29:22.400000,-87.623756,41.893082,,,NonCA,172.983,UL 2CA,,,,
2022-08-13 10:29:22.500000,-87.623756,41.893082,,,NonCA,257.698,UL 2CA,,,,254.114
2022-08-13 10:29:22.600000,-87.623756,41.893082,,,NonCA,254.681,UL 2CA,,,,
2022-08-13 10:29:22.700000,-87.623756,41.893082,,,NonCA,195.185,UL 2CA,,,,
2022-08-13 10:29:22.800000,-87.623756,41.893082,,,NonCA,188.761,UL 2CA,,,,
2022-08-13 10:29:22.900000,-87.623756,41.893082,,,NonCA,205.718,UL 2CA,27550.04,27,26,
2022-08-13 10:29:23.000000,-87.623756,41.893082,5G-NR_NSA(8CA),42.644,NonCA,194.833,UL 2CA,,,,242.320
2022-08-13 10:29:23.100000,-87.623756,41.893082,,,NonCA,178.337,UL 2CA,27550.04,27,26,
2022-08-13 10:29:23.200000,-87.623756,41.893082,,,NonCA,168.875,UL 2CA,,,,
2022-08-13 10:29:23.300000,-87.623756,41.893082,,,NonCA,179.061,UL 2CA,,,,
2022-08-13 10:29:23.400000,-87.623756,41.893082,,,NonCA,187.137,UL 2CA,,,,
2022-08-13 10:29:23.500000,-87.623756,41.893082,,,NonCA,222.998,UL 2CA,,,,235.886
2022-08-13 10:29:23.600000,-87.623756,41.893082,,,NonCA,203.245,UL 2CA,,,,
2022-08-13 10:29:23.700000,-87.623756,41.893082,,,NonCA,176.819,UL 2CA,,,,
2022-08-13 10:29:23.800000,-87.623756,41.893082,,,NonCA,202.785,UL 2CA,,,,
2022-08-13 10:29:23.900000,-87.623756,41.893082,,,NonCA,171.157,UL 2CA,27550.04,27,26,
2022-08-13 10:29:24.000000,-87.623756,41.893082,5G-NR_NSA(8CA),39.696,NonCA,251.666,UL 2CA,,,,245.536
2022-08-13 10:29:24.100000,-87.623756,41.893082,,,NonCA,181.995,UL 2CA,27550.04,27,26,
2022-08-13 10:29:24.200000,-87.623756,41.893082,,,NonCA,199.401,UL 2CA,27550.04,27,26,
2022-08-13 10:29:24.300000,-87.623756,41.893082,,,NonCA,185.325,UL 2CA,,,,
2022-08-13 10:29:24.400000,-87.623756,41.893082,,,NonCA,186.957,UL 2CA,,,,
2022-08-13 10:29:24.500000,-87.623756,41.893082,,,NonCA,176.360,UL 2CA,27550.04,27,26,229.454
2022-08-13 10:29:24.600000,-87.623756,41.893082,,,NonCA,196.954,UL 2CA,,,,
2022-08-13 10:29:24.700000,-87.623756,41.893082,,,NonCA,183.977,UL 2CA,27550.04,27,26,
2022-08-13 10:29:24.800000,-87.623756,41.893082,,,NonCA,230.405,UL 2CA,,,,
2022-08-13 10:29:24.900000,-87.623756,41.893082,,,NonCA,190.183,UL 2CA,27550.04,27,26,
2022-08-13 10:29:25.000000,-87.623756,41.893082,5G-NR_NSA(8CA),41.251,NonCA,197.210,UL 2CA,27550.04,27,26,234.813
2022-08-13 10:29:25.100000,-87.623756,41.893082,,,NonCA,173.433,UL 2CA,,,,
2022-08-13 10:29:25.200000,-87.623756,41.893082,,,NonCA,188.957,UL 2CA,27550.04,27,26,
2022-08-13 10:29:25.300000,-87.623756,41.893082,,,NonCA,235.257,UL 2CA,,,,
2022-08-13 10:29:25.400000,-87.623756,41.893082,,,NonCA,206.915,UL 2CA,,,,
2022-08-13 10:29:25.500000,-87.623756,41.893082,,,NonCA,176.535,UL 2CA,27550.04,27,26,241.247
2022-08-13 10:29:25.600000,-87.623756,41.893082,,,NonCA,221.214,UL 2CA,,,,
2022-08-13 10:29:25.700000,-87.623756,41.893082,,,NonCA,215.536,UL 2CA,,,,
2022-08-13 10:29:25.800000,-87.623756,41.893082,,,NonCA,227.702,UL 2CA,,,,
2022-08-13 10:29:25.900000,-87.623756,41.893082,,,NonCA,184.407,UL 2CA,,,,
2022-08-13 10:29:26.000000,-87.623756,41.893082,5G-NR_NSA(8CA),40.625,NonCA,199.208,UL 2CA,27550.04,27,26,245.536
2022-08-13 10:29:26.100000,-87.623756,41.893082,,,NonCA,251.935,UL 2CA,,,,
2022-08-13 10:29:26.200000,-87.623756,41.893082,,,NonCA,276.555,UL 2CA,,,,
2022-08-13 10:29:26.300000,-87.623756,41.893082,,,NonCA,241.802,UL 2CA,27550.04,27,26,
2022-08-13 10:29:26.400000,-87.623756,41.893082,,,NonCA,229.976,UL 2CA,,,,
2022-08-13 10:29:26.500000,-87.623756,41.893082,,,NonCA,206.280,UL 2CA,,,,299.146
2022-08-13 10:29:26.600000,-87.623756,41.893082,,,NonCA,190.600,UL 2CA,27550.04,27,26,
2022-08-13 10:29:26.700000,-87.623756,41.893082,,,NonCA,270.898,UL 2CA,,,,
2022-08-13 10:29:26.800000,-87.623756,41.893082,,,NonCA,279.993,UL 2CA,27550.04,27,26,
2022-08-13 10:29:26.900000,-87.623756,41.893082,,,,279.038,UL 2CA,,,,
2022-08-13 10:29:27.000000,-87.623756,41.893082,5G-NR_NSA(8CA),38.345,NonCA,270.906,UL 2CA,27550.04,27,26,288.424
2022-08-13 10:29:27.100000,-87.623756,41.893082,,,NonCA,199.474,UL 2CA,,,,
2022-08-13 10:29:27.200000,-87.623756,41.893082,,,NonCA,189.806,UL 2CA,,,,
2022-08-13 10:29:27.300000,-87.623756,41.893082,,,NonCA,237.515,UL 2CA,27550.04,27,26,
2022-08-13 10:29:27.400000,-87.623756,41.893082,,,NonCA,203.421,UL 2CA,,,,
2022-08-13 10:29:27.500000,-87.623756,41.893082,,,NonCA,211.496,UL 2CA,,,,238.031
2022-08-13 10:29:27.600000,-87.623756,41.893082,,,NonCA,251.084,UL 2CA,,,,
2022-08-13 10:29:27.700000,-87.623756,41.893082,,,NonCA,283.732,UL 2CA,27550.04,27,26,
2022-08-13 10:29:27.800000,-87.623756,41.893082,,,NonCA,247.522,UL 2CA,,,,
2022-08-13 10:29:27.900000,-87.623756,41.893082,,,NonCA,208.063,UL 2CA,27550.04,27,26,
2022-08-13 10:29:28.000000,-87.623756,41.893082,5G-NR_NSA(8CA),40.808,NonCA,252.215,UL 2CA,,,,284.644
2022-08-13 10:29:28.100000,-87.623756,41.893082,,,NonCA,211.509,UL 2CA,,,,
2022-08-13 10:29:28.200000,-87.623756,41.893082,,,NonCA,177.471,UL 2CA,,,,
2022-08-13 10:29:28.300000,-87.623756,41.893082,,,NonCA,184.786,UL 2CA,,,,
2022-08-13 10:29:28.400000,-87.623756,41.893082,,,NonCA,188.752,UL 2CA,,,,
2022-08-13 10:29:28.500000,-87.623756,41.893082,,,NonCA,163.026,UL 2CA,27550.04,27,26,234.212
2022-08-13 10:29:28.600000,-87.623756,41.893082,,,NonCA,187.157,UL 2CA,,,,
2022-08-13 10:29:28.700000,-87.623756,41.893082,,,NonCA,199.237,UL 2CA,,,,
2022-08-13 10:29:28.800000,-87.623756,41.893082,,,NonCA,181.534,UL 2CA,,,,
2022-08-13 10:29:28.900000,-87.623756,41.893082,,,NonCA,200.028,UL 2CA,,,,
2022-08-13 10:29:29.000000,-87.623756,41.893082,5G-NR_NSA(8CA),36.005,NonCA,171.171,UL 2CA,,,,221.948
2022-08-13 10:29:29.100000,-87.623756,41.893082,,,NonCA,184.059,UL 2CA,,,,
2022-08-13 10:29:29.200000,-87.623756,41.893082,,,NonCA,170.717,UL 2CA,27550.04,27,26,
2022-08-13 10:29:29.300000,-87.623756,41.893082,,,NonCA,167.313,UL 2CA,27550.04,27,26,
2022-08-13 10:29:29.400000,-87.623756,41.893082,,,NonCA,181.396,UL 2CA,,,,
2022-08-13 10:29:29.500000,-87.623756,41.893082,,,NonCA,210.842,UL 2CA,27550.04,27,26,218.731
2022-08-13 10:29:29.600000,-87.623756,41.893082,,,NonCA,194.729,UL 2CA,,,,
2022-08-13 10:29:29.700000,-87.623756,41.893082,,,NonCA,205.392,UL 2CA,27550.04,27,26,
2022-08-13 10:29:29.800000,-87.623756,41.893082,,,NonCA,197.083,UL 2CA,,,,
2022-08-13 10:29:29.900000,-87.623756,41.893082,,,NonCA,196.521,UL 2CA,,,,
2022-08-13 10:29:30.000000,-87.623756,41.893082,5G-NR_NSA(8CA),37.637,NonCA,215.057,UL 2CA,27550.04,27,26,236.959
2022-08-13 10:29:30.100000,-87.623756,41.893082,,,NonCA,166.801,UL 2CA,,,,
2022-08-13 10:29:30.200000,-87.623756,41.893082,,,NonCA,225.910,UL 2CA,,,,
2022-08-13 10:29:30.300000,-87.623756,41.893082,,,NonCA,187.640,UL 2CA,27550.04,27,26,
2022-08-13 10:29:30.400000,-87.623756,41.893082,,,NonCA,176.362,UL 2CA,,,,
2022-08-13 10:29:30.500000,-87.623756,41.893082,,,NonCA,176.185,UL 2CA,,,,235.416
2022-08-13 10:29:30.600000,-87.623756,41.893082,,,NonCA,205.963,UL 2CA,27550.04,27,26,
2022-08-13 10:29:30.700000,-87.623756,41.893082,,,NonCA,235.162,UL 2CA,,,,
2022-08-13 10:29:30.800000,-87.623756,41.893082,,,NonCA,182.385,UL 2CA,,,,
2022-08-13 10:29:30.900000,-87.623756,41.893082,,,NonCA,195.996,UL 2CA,,,,
2022-08-13 10:29:31.000000,-87.623756,41.893082,5G-NR_NSA(8CA),31.197,,222.767,UL 2CA,27550.04,27,26,233.136
2022-08-13 10:29:31.100000,-87.623756,41.893082,,,NonCA,167.287,UL 2CA,,,,
2022-08-13 10:29:31.200000,-87.623756,41.893082,,,NonCA,107.553,UL 2CA,27550.04,27,26,
2022-08-13 10:29:31.300000,-87.623756,41.893082,,,,11.113,UL NonCA,,,,
2022-08-13 10:29:31.400000,-87.623756,41.893082,,,,0.175,UL NonCA,,,,
2022-08-13 10:29:31.500000,-87.623756,41.893082,,,,0.175,UL NonCA,27550.04,27,26,80.419
2022-08-13 10:29:31.700000,-87.623756,41.893082,,,,0.175,UL NonCA,,,,
2022-08-13 10:29:31.800000,-87.623756,41.893082,,,,,UL NonCA,,,,
2022-08-13 10:29:31.900000,-87.623756,41.893082,,,,0.175,UL NonCA,,,,
2022-08-13 10:29:32.000000,-87.623756,41.893082,5G-NR_NSA,,,0.175,UL NonCA,27550.04,27,26,0.000
2022-08-13 10:29:32.100000,-87.623756,41.893082,,,,0.175,UL NonCA,,,,
2022-08-13 10:29:32.300000,-87.623756,41.893082,,,,0.175,UL NonCA,27550.04,27,26,
2022-08-13 10:29:32.400000,-87.623756,41.893082,,,,,UL NonCA,27550.04,27,26,
2022-08-13 10:29:32.500000,-87.623756,41.893082,,,NonCA,0.175,UL NonCA,,,,0.000
2022-08-13 10:29:32.600000,-87.623756,41.893082,,,,,,27550.04,27,26,
2022-08-13 10:29:32.700000,-87.623756,41.893082,,,,2.936,UL NonCA,,,,
2022-08-13 10:29:32.800000,-87.623756,41.893082,,,,11.568,UL NonCA,27550.04,27,26,
2022-08-13 10:29:33.000000,-87.623756,41.893082,5G-NR_NSA,,,0.175,UL NonCA,,,,0.005
2022-08-13 10:29:33.100000,-87.623756,41.893082,,,,0.175,UL NonCA,,,,
2022-08-13 10:29:33.200000,-87.623756,41.893082,,,,,,27550.04,27,26,
2022-08-13 10:29:33.300000,-87.623756,41.893082,,,,0.175,UL NonCA,,,,
2022-08-13 10:29:33.400000,-87.623756,41.893082,,,,0.175,UL NonCA,,,,
2022-08-13 10:29:33.500000,-87.623756,41.893082,,,,0.175,UL NonCA,27550.04,27,26,0.000
2022-08-13 10:29:33.600000,-87.623756,41.893082,,,,24.431,UL NonCA,,,,
2022-08-13 10:29:33.800000,-87.623756,41.893082,,,,0.175,UL NonCA,,,,
2022-08-13 10:29:33.900000,-87.623756,41.893082,,,,27.710,UL NonCA,27550.04,27,26,
2022-08-13 10:29:34.000000,-87.623756,41.893082,5G-NR_NSA,,,,,27550.04,27,26,0.000
2022-08-13 10:29:34.100000,-87.623756,41.893082,,,,0.175,UL NonCA,,,,
2022-08-13 10:29:34.200000,-87.623756,41.893082,,,,,,27550.04,27,26,
2022-08-13 10:29:34.300000,-87.623756,41.893082,,,,0.175,UL NonCA,,,,
2022-08-13 10:29:34.400000,-87.623756,41.893082,,,,0.175,UL NonCA,,,,
2022-08-13 10:29:34.500000,-87.623756,41.893082,,,,0.175,UL NonCA,27550.04,27,26,0.000
2022-08-13 10:29:34.600000,-87.623756,41.893082,,,,0.175,UL NonCA,,,,
2022-08-13 10:29:34.700000,-87.623756,41.893082,,,,0.175,UL NonCA,27550.04,27,26,
2022-08-13 10:29:34.800000,-87.623756,41.893082,,,,0.175,UL NonCA,,,,
2022-08-13 10:29:34.900000,-87.623756,41.893082,,,,0.175,UL NonCA,27550.04,27,26,
2022-08-13 10:29:35.000000,-87.623756,41.893082,5G-NR_NSA,0.001,,,,,,,0.000
2022-08-13 10:29:35.100000,-87.623756,41.893082,,,NonCA,0.175,UL NonCA,27550.04,27,27,
2022-08-13 10:29:35.200000,-87.623756,41.893082,,,,0.175,UL NonCA,,,,
2022-08-13 10:29:35.400000,-87.623756,41.893082,,,,0.175,UL NonCA,,,,
2022-08-13 10:29:35.500000,-87.623756,41.893082,,,,0.175,UL NonCA,27550.04,27,26,0.000
2022-08-13 10:29:35.600000,-87.623756,41.893082,,,,0.175,UL NonCA,,,,
2022-08-13 10:29:35.700000,-87.623756,41.893082,,,,0.175,UL NonCA,,,,
2022-08-13 10:29:35.800000,-87.623756,41.893082,,,,0.175,UL NonCA,27550.04,27,26,
2022-08-13 10:29:35.900000,-87.623756,41.893082,,,,0.175,UL NonCA,27550.04,27,26,
2022-08-13 10:29:36.000000,-87.623756,41.893082,5G-NR_NSA,,,0.175,UL NonCA,27550.04,27,26,
2022-08-13 10:29:36.200000,-87.623756,41.893082,,,,0.175,UL NonCA,,,,
Count,383,383,"5G-NR_NSA: 8 (20.0%)
5G-NR_NSA(8CA): 32 (80.0%)",33,"Count: 310
NonCA: 310 (100.0%)
CA Avg=1.000",374,376,156,156,156,77
Minimum,-87.623756,41.893082,,0.001,,0.003,,27550.04,27,26,0.000
Maximum,-87.623756,41.893082,,48.969,,308.447,,27550.04,27,27,299.146
Average,,,,36.064,,166.790,,,,,194.326
Stdev,,,,9.128,,80.080,,,,,96.183
Median,,,,38.345,,185.748,,,,,235.416
5%-tile,,,,21.005,,0.175,,,,,0.000
95%-tile,,,,43.521,,258.857,,,,,279.846
