,5G KPI PCell Layer1 DL BLER [%],5G KPI PCell Layer1 DL MCS (Avg),5G KPI PCell Layer2 MAC DL Throughput [Mbps],5G KPI PCell RF BandWidth,5G KPI PCell RF Frequency [MHz],5G KPI PCell RF Serving PCI,5G KPI PCell RF Serving SS-RSRP [dBm],5G KPI SCell[1] Layer2 MAC DL Throughput [Mbps],5G KPI SCell[2] Layer2 MAC DL Throughput [Mbps],5G KPI SCell[3] Layer2 MAC DL Throughput [Mbps],5G KPI SCell[4] Layer2 MAC DL Throughput [Mbps],5G KPI SCell[5] Layer2 MAC DL Throughput [Mbps],5G KPI SCell[6] Layer2 MAC DL Throughput [Mbps],5G KPI SCell[7] Layer2 MAC DL Throughput [Mbps],Event 5G-NR/LTE Events,LTE KPI PCell DL MCS0,LTE KPI PCell MAC DL Throughput[Mbps],LTE KPI PCell Serving BandWidth(DL),LTE KPI PCell Serving EARFCN(DL),LTE KPI PCell Serving PCI,LTE KPI PCell Serving RSRP[dBm],LTE KPI PDSCH BLER[%],LTE KPI SCell[1] MAC DL Throughput[Mbps],LTE KPI SCell[2] MAC DL Throughput[Mbps],LTE KPI SCell[3] MAC DL Throughput[Mbps],LTE KPI SCell[4] MAC DL Throughput[Mbps],Lat,Lon,Smart Phone Smart Throughput Mobile Network DL Throughput [Mbps],TIME_STAMP
0,,,,,,,,,,,,,,,,,,,,,,,,,,,43.18454,-77.543633,,1660576007.0
1,,,,,,,,,,,,,,,,0.0,,15.0,66811.0,358.0,-103.2,0.0,,,,,43.18454,-77.543633,,1660576007.6
2,,,,,,,,,,,,,,,,,,,,,,,,,,,43.18454,-77.543633,,1660576007.624464
3,,,,,,,,,,,,,,,,,,15.0,66811.0,358.0,-104.55,,,,,,43.18454,-77.543633,,1660576007.7
4,,,,,,,,,,,,,,,,,,15.0,66811.0,358.0,-104.76,,,,,,43.18454,-77.543633,0.0,1660576007.8
5,,,,,,,,,,,,,,,,,,15.0,66811.0,358.0,-105.74,,,,,,43.18454,-77.543633,,1660576007.9
6,,,,,,,,,,,,,,,,,0.0,15.0,66811.0,358.0,-105.65,,,,,,43.18454,-77.543633,,1660576008.0
7,,,,,,,,,,,,,,,,,,15.0,66811.0,358.0,-103.98,,,,,,43.18454,-77.543633,,1660576008.1
8,,,,,,,,,,,,,,,,,,15.0,66811.0,358.0,-100.33,,,,,,43.18454,-77.543633,,1660576008.2
9,,,,,,,,,,,,,,,,,,15.0,66811.0,358.0,-100.99,,,,,,43.184513,-77.543625,0.0,1660576008.3
10,,,,,,,,,,,,,,,,,,15.0,66811.0,358.0,-99.94,,,,,,43.18449,-77.543625,,1660576008.4
11,,,,,,,,,,,,,,,,0.0,,15.0,66811.0,358.0,-99.24,0.0,,,,,43.184464,-77.543617,,1660576008.5
12,,,,,,,,,,,,,,,,,,15.0,66811.0,358.0,-102.35,,,,,,43.184441,-77.54361,,1660576008.6
13,,,,,,,,,,,,,,,,,,15.0,66811.0,358.0,-102.64,,,,,,43.184418,-77.54361,,1660576008.7
14,,,,,,,,,,,,,,,,,,15.0,66811.0,358.0,-102.28,,,,,,43.184391,-77.543602,0.0,1660576008.8
15,,,,,,,,,,,,,,,,,,15.0,66811.0,358.0,-102.0,,,,,,43.184368,-77.543594,,1660576008.9
16,,,,,,,,,,,,,,,,,0.0,15.0,66811.0,358.0,-102.03,,,,,,43.184341,-77.543587,,1660576009.0
17,,,,,,,,,,,,,,,,,,15.0,66811.0,358.0,-101.87,,,,,,43.184319,-77.543587,,1660576009.1
18,,,,,,,,,,,,,,,,,,15.0,66811.0,358.0,-100.51,,,,,,43.184292,-77.543579,,1660576009.2
19,,,,,,,,,,,,,,,,,,15.0,66811.0,358.0,-101.09,,,,,,43.184265,-77.543571,0.0,1660576009.3
20,,,,,,,,,,,,,,,,0.0,,15.0,66811.0,358.0,-100.88,0.0,,,,,43.184242,-77.543571,,1660576009.4
21,,,,,,,,,,,,,,,,,,15.0,66811.0,358.0,-102.38,,,,,,43.184216,-77.543564,,1660576009.5
22,,,,,,,,,,,,,,,,,,15.0,66811.0,358.0,-104.5,,,,,,43.184193,-77.543564,,1660576009.6
23,,,,,,,,,,,,,,,,,,15.0,66811.0,358.0,-104.12,,,,,,43.184166,-77.543556,,1660576009.7
24,,,,,,,,,,,,,,,,,,15.0,66811.0,358.0,-103.13,,,,,,43.184139,-77.543549,0.0,1660576009.8
25,,,,,,,,,,,,,,,,,,15.0,66811.0,358.0,-102.3,,,,,,43.184116,-77.543549,,1660576009.9
26,,,,,,,,,,,,,,,,,0.0,15.0,66811.0,358.0,-102.6,,,,,,43.18409,-77.543541,,1660576010.0
27,,,,,,,,,,,,,,,,,,15.0,66811.0,358.0,-101.72,,,,,,43.184067,-77.543541,,1660576010.1
28,,,,,,,,,,,,,,,,,,15.0,66811.0,358.0,-100.72,,,,,,43.18404,-77.543533,,1660576010.2
29,,,,,,,,,,,,,,,,0.0,,15.0,66811.0,358.0,-100.37,0.0,,,,,43.184013,-77.543526,0.0,1660576010.3
30,,,,,,,,,,,,,,,,,,15.0,66811.0,358.0,-100.42,,,,,,43.18399,-77.543526,,1660576010.4
31,,,,,,,,,,,,,,,,,,15.0,66811.0,358.0,-100.04,,,,,,43.183964,-77.543518,,1660576010.5
32,,,,,,,,,,,,,,,,,,15.0,66811.0,358.0,-99.64,,,,,,43.183941,-77.54351,,1660576010.6
33,,,,,,,,,,,,,,,,,,15.0,66811.0,358.0,-99.94,,,,,,43.183914,-77.543503,,1660576010.7
34,,,,,,,,,,,,,,,,,,15.0,66811.0,358.0,-101.01,,,,,,43.183887,-77.543503,0.0,1660576010.8
35,,,,,,,,,,,,,,,,,,15.0,66811.0,358.0,-100.98,,,,,,43.183865,-77.543495,,1660576010.9
36,,,,,,,,,,,,,,,,,0.0,15.0,66811.0,358.0,-101.98,,,,,,43.183838,-77.543488,,1660576011.0
37,,,,,,,,,,,,,,,,,,15.0,66811.0,358.0,-101.88,,,,,,43.183815,-77.543488,,1660576011.1
38,,,,,,,,,,,,,,,,,,15.0,66811.0,358.0,-100.32,,,,,,43.183788,-77.54348,,1660576011.2
39,,,,,,,,,,,,,,,,,,15.0,66811.0,358.0,-100.98,,,,,,43.183762,-77.543472,0.0,1660576011.3
40,,,,,,,,,,,,,,,,,,15.0,66811.0,358.0,-100.46,,,,,,43.183739,-77.543472,,1660576011.4
41,,,,,,,,,,,,,,,,0.0,,15.0,66811.0,358.0,-100.11,0.0,,,,,43.183712,-77.543465,,1660576011.5
42,,,,,,,,,,,,,,,,,,15.0,66811.0,358.0,-100.25,,,,,,43.183689,-77.543457,,1660576011.6
43,,,,,,,,,,,,,,,,,,15.0,66811.0,358.0,-100.24,,,,,,43.183662,-77.543457,,1660576011.7
44,,,,,,,,,,,,,,,,,,15.0,66811.0,358.0,-100.26,,,,,,43.18364,-77.543449,0.0,1660576011.8
45,,,,,,,,,,,,,,,,,,15.0,66811.0,358.0,-99.88,,,,,,43.183617,-77.543442,,1660576011.9
46,,,,,,,,,,,,,,,,,0.0,15.0,66811.0,358.0,-99.97,,,,,,43.18359,-77.543434,,1660576012.0
47,,,,,,,,,,,,,,,,0.0,,15.0,66811.0,358.0,-100.43,0.0,,,,,43.183567,-77.543434,,1660576012.1
48,,,,,,,,,,,,,,,,,,15.0,66811.0,358.0,-99.15,,,,,,43.18354,-77.543427,,1660576012.2
49,,,,,,,,,,,,,,,,,,15.0,66811.0,358.0,-98.44,,,,,,43.183514,-77.543419,0.0,1660576012.3
50,,,,,,,,,,,,,,,,0.0,,15.0,66811.0,358.0,-98.05,0.0,,,,,43.183491,-77.543419,,1660576012.4
51,,,,,,,,,,,,,,,,,,15.0,66811.0,358.0,-98.29,,,,,,43.183464,-77.543411,,1660576012.5
52,,,,,,,,,,,,,,,,,,15.0,66811.0,358.0,-98.13,,,,,,43.183441,-77.543411,,1660576012.6
53,,,,,,,,,,,,,,,,,,15.0,66811.0,358.0,-98.36,,,,,,43.183414,-77.543411,,1660576012.7
54,,,,,,,,,,,,,,,,,,15.0,66811.0,358.0,-98.8,,,,,,43.183388,-77.543404,0.0,1660576012.8
55,,,,,,,,,,,,,,,,,,15.0,66811.0,358.0,-98.95,,,,,,43.183365,-77.543404,,1660576012.9
56,,,,,,,,,,,,,,,,,0.025,15.0,66811.0,358.0,-98.97,,,,,,43.183338,-77.543396,,1660576013.0
57,,,,,,,,,,,,,,,,,,15.0,66811.0,358.0,-99.53,,,,,,43.183315,-77.543396,,1660576013.1
58,,,,,,,,,,,,,,,RRC Connection Release,,,,,,,,,,,,43.183308,-77.543388,,1660576013.118933
59,,,,,,,,,,,,,,,Cell Searching Start,,,,,,,,,,,,43.1833,-77.543388,,1660576013.157318
60,,,,,,,,,,,,,,,Cell Camp On,,,,,,,,,,,,43.1833,-77.543388,,1660576013.160109
61,,,,,,,,,,,,,,,,,,,,,,,,,,,43.183289,-77.543388,,1660576013.2
62,,,,,,,,,,,,,,,,,,,,,,,,,,,43.183262,-77.543381,0.0,1660576013.3
63,,,,,,,,,,,,,,,,0.0,,,,,,0.0,,,,,43.183212,-77.543373,,1660576013.5
64,,,,,,,,,,,,,,,,,,,,,,,,,,,43.183167,-77.543365,,1660576013.7
65,,,,,,,,,,,,,,,,,,,,,,,,,,,43.18314,-77.543365,0.0,1660576013.8
66,,,,,,,,,,,,,,,,,,,,,,,,,,,43.183117,-77.543365,,1660576013.9
67,,,,,,,,,,,,,,,,,0.0,,,,,,,,,,43.18309,-77.543358,,1660576014.0
68,,,,,,,,,,,,,,,,,,,,,,,,,,,43.183067,-77.543358,,1660576014.1
69,,,,,,,,,,,,,,,,,,,,,,,,,,,43.183041,-77.54335,,1660576014.2
70,,,,,,,,,,,,,,,,,,,,,,,,,,,43.183014,-77.543343,0.0,1660576014.3
71,,,,,,,,,,,,,,,,,,15.0,66811.0,358.0,-105.31,,,,,,43.182991,-77.543343,,1660576014.4
72,,,,,,,,,,,,,,,,0.0,,,,,,0.0,,,,,43.182888,-77.543327,0.0,1660576014.8
73,,,,,,,,,,,,,,,,,,,,,,,,,,,43.182838,-77.54332,,1660576015.0
74,,,,,,,,,,,,,,,,,,,,,,,,,,,43.182816,-77.54332,,1660576015.1
75,,,,,,,,,,,,,,,,,,,,,,,,,,,43.182789,-77.543312,,1660576015.2
76,,,,,,,,,,,,,,,,,,,,,,,,,,,43.182762,-77.543312,0.0,1660576015.3
77,,,,,,,,,,,,,,,,,,15.0,66811.0,358.0,-96.56,,,,,,43.182686,-77.543297,,1660576015.6
78,,,,,,,,,,,,,,,,,,,,,,,,,,,43.182632,-77.543297,0.0,1660576015.8
79,,,,,,,,,,,,,,,,,,,,,,,,,,,43.182556,-77.543282,,1660576016.1
80,,,,,,,,,,,,,,,,,,,,,,,,,,,43.182529,-77.543282,,1660576016.2
81,,,,,,,,,,,,,,,,,,,,,,,,,,,43.182503,-77.543282,0.0,1660576016.3
82,,,,,,,,,,,,,,,,,,,,,,,,,,,43.182381,-77.543266,0.0,1660576016.8
83,,,,,,,,,,,,,,,,,,15.0,66811.0,358.0,-97.75,,,,,,43.182331,-77.543259,,1660576017.0
84,,,,,,,,,,,,,,,,,,,,,,,,,,,43.182281,-77.543251,,1660576017.2
85,,,,,,,,,,,,,,,,,,,,,,,,,,,43.182255,-77.543251,0.0,1660576017.3
86,,,,,,,,,,,,,,,,,,,,,,,,,,,43.182125,-77.543236,0.0,1660576017.8
87,,,,,,,,,,,,,,,,,,,,,,,,,,,43.182072,-77.543236,,1660576018.0
88,,,,,,,,,,,,,,,,,,,,,,,,,,,43.182045,-77.543228,,1660576018.1
89,,,,,,,,,,,,,,,,,,15.0,66811.0,358.0,-100.56,,,,,,43.182018,-77.543228,,1660576018.2
90,,,,,,,,,,,,,,,,,,,,,,,,,,,43.181992,-77.543228,0.0,1660576018.3
91,,,,,,,,,,,,,,,,,,,,,,,,,,,43.18187,-77.543221,0.0,1660576018.8
92,,,,,,,,,,,,,,,,,0.001,,,,,,,,,,43.18182,-77.543213,,1660576019.0
93,,,,,,,,,,,,,,,,,,,,,,,,,,,43.181797,-77.543213,,1660576019.1
94,,,,,,,,,,,,,,,,,,,,,,,,,,,43.18177,-77.543213,,1660576019.2
95,,,,,,,,,,,,,,,RRC Setup Start,,,,,,,,,,,,43.181751,-77.543213,,1660576019.27238
96,,,,,,,,,,,,,,,,5.0,,15.0,66811.0,358.0,-100.11,0.0,,,,,43.181744,-77.543213,0.0,1660576019.3
97,,,,,,,,,,,,,,,PRACH: Msg1(RA),,,,,,,,,,,,43.18174,-77.543213,,1660576019.317293
98,,,,,,,,,,,,,,,PRACH: Msg2(RAR),,,,,,,,,,,,43.181736,-77.543213,,1660576019.330301
99,,,,,,,,,,,,,,,PRACH: Msg3(UE ID),,,,,,,,,,,,43.181736,-77.543213,,1660576019.330314
100,,,,,,,,,,,,,,,PRACH: Msg4[Pass],,,,,,,,,,,,43.181736,-77.543213,,1660576019.333401
101,,,,,,,,,,,,,,,Received RAR[True],,,,,,,,,,,,43.181736,-77.543213,,1660576019.33342
102,,,,,,,,,,,,,,,RRC Setup Success,,,,,,,,,,,,43.181736,-77.543213,,1660576019.333789
103,,,,,,,,,,,,,,,,,,15.0,66811.0,358.0,-100.27,,,,,,43.181721,-77.543213,,1660576019.4
104,,,,,,,,,,,,,,,,,,15.0,66811.0,358.0,-100.85,,,,,,43.181694,-77.543205,,1660576019.5
105,,,,,,,,,,,,,,,,0.0,,15.0,66811.0,358.0,-101.08,0.0,,,,,43.181671,-77.543205,,1660576019.6
106,,,,,,,,,,,,,,,,,,15.0,66811.0,358.0,-102.36,,,,,,43.181644,-77.543205,,1660576019.7
107,,,,,,,,,,,,,,,,,,15.0,66811.0,358.0,-101.59,,,,,,43.181618,-77.543205,0.003,1660576019.8
108,,,,,,,,,,,,,,,eventA3,,,,,,,,,,,,43.18161,-77.543205,,1660576019.838521
109,,,,,,,,,,,,,,,Handover Attempt,,,,,,,,,,,,43.181595,-77.543205,,1660576019.895421
110,,,,,,,,,,,,,,,,1.0,,15.0,66811.0,126.0,-90.54,0.0,,,,,43.181595,-77.543205,,1660576019.9
111,,,,,,,,,,,,,,,Handover Success,,,,,,,,,,,,43.181591,-77.543205,,1660576019.919178
112,,,,,,,,,,,,,,,PRACH: Msg1(RA),,,,,,,,,,,,43.181587,-77.543205,,1660576019.931097
113,,,,,,,,,,,,,,,Received RAR[True],,,,,,,,,,,,43.181583,-77.543205,,1660576019.936765
114,,,,,,,,,,,,,,,PRACH: Msg2(RAR),,,,,,,,,,,,43.181583,-77.543205,,1660576019.93678
115,,,,,,,,,,,,,,,PRACH: Msg3(UE ID),,,,,,,,,,,,43.181583,-77.543205,,1660576019.936926
116,,,,,,,,,,,,,,,,2.22,14.391,15.0,66811.0,126.0,-91.01,0.0,1.22,1.467,3.267,3.47,43.181568,-77.543198,,1660576020.0
117,,,,,,,,,,,,,,,,,,15.0,66811.0,126.0,-88.77,,,,,,43.181545,-77.543198,,1660576020.1
118,,,,,,,,,,,,,,,,7.6,,15.0,66811.0,126.0,-87.76,0.0,,,,,43.181519,-77.543198,,1660576020.2
119,,,,,,,,,,,,,,,,11.96,,15.0,66811.0,126.0,-87.48,1.11,,,,,43.181492,-77.543198,9.19,1660576020.3
120,,,,,,,,,,,,,,,,13.7,,15.0,66811.0,126.0,-85.25,8.7,,,,,43.181465,-77.543198,,1660576020.4
121,,,,,,,,,,,,,,,,13.21,,15.0,66811.0,126.0,-86.47,8.11,,,,,43.181442,-77.54319,,1660576020.5
122,,,,,,,,,,,,,,,,13.51,,15.0,66811.0,126.0,-85.48,8.54,,,,,43.181416,-77.54319,,1660576020.6
123,,,,,,,,,,,,,,,,9.7,,15.0,66811.0,126.0,-85.46,14.88,,,,,43.181389,-77.54319,,1660576020.7
124,,,,,,,,,,,,,,,,12.92,,15.0,66811.0,126.0,-82.71,9.3,,,,,43.181362,-77.54319,22.094,1660576020.8
125,,,,,,,,,,,,,,,,14.59,,15.0,66811.0,126.0,-85.34,51.85,,,,,43.181335,-77.54319,,1660576020.9
126,,,,,,,,,,,,,,,,10.29,6.926,15.0,66811.0,126.0,-82.94,30.12,0.346,2.559,3.84,3.112,43.181313,-77.543182,,1660576021.0
127,,,,,,,,,,,,,,,,12.82,,15.0,66811.0,126.0,-83.64,5.49,,,,,43.181286,-77.543182,,1660576021.1
128,,,,,,,,,,,,,,,,10.73,,15.0,66811.0,126.0,-81.12,7.91,,,,,43.181259,-77.543182,,1660576021.2
129,,,,,,,,,,,,,,,,8.82,,15.0,66811.0,126.0,-79.39,10.81,,,,,43.181232,-77.543182,11.789,1660576021.3
130,,,,,,,,,,,,,,,,12.13,,15.0,66811.0,126.0,-80.92,9.76,,,,,43.181206,-77.543175,,1660576021.4
131,,,,,,,,,,,,,,,,13.82,,15.0,66811.0,126.0,-80.47,13.74,,,,,43.181183,-77.543175,,1660576021.5
132,,,,,,,,,,,,,,,,12.38,,15.0,66811.0,126.0,-83.44,5.81,,,,,43.181156,-77.543175,,1660576021.6
133,,,,,,,,,,,,,,,,8.0,,15.0,66811.0,126.0,-88.7,0.0,,,,,43.181129,-77.543167,,1660576021.7
134,,,,,,,,,,,,,,,,6.0,,15.0,66811.0,126.0,-87.85,15.22,,,,,43.181103,-77.543167,12.088,1660576021.8
135,,,,,,,,,,,,,,,,12.47,,15.0,66811.0,126.0,-84.39,0.0,,,,,43.181076,-77.543167,,1660576021.9
136,,,,,,,,,,,,,,,,13.76,6.436,15.0,66811.0,126.0,-83.92,4.07,0.044,1.349,1.569,1.189,43.181053,-77.543167,,1660576022.0
137,,,,,,,,,,,,,,,,,,15.0,66811.0,126.0,-85.4,,,,,,43.181026,-77.543159,,1660576022.1
138,,,,,,,,,,,,,,,,11.72,,15.0,66811.0,126.0,-85.93,13.16,,,,,43.181,-77.543159,,1660576022.2
139,,,,,,,,,,,,,,,,6.0,,15.0,66811.0,126.0,-84.02,0.0,,,,,43.180973,-77.543159,7.289,1660576022.3
140,,,,,,,,,,,,,,,,5.78,,15.0,66811.0,126.0,-84.69,0.0,,,,,43.18095,-77.543152,,1660576022.4
141,,,,,,,,,,,,,,,,7.29,,15.0,66811.0,126.0,-85.44,1.08,,,,,43.180923,-77.543152,,1660576022.5
142,,,,,,,,,,,,,,,,7.63,,15.0,66811.0,126.0,-82.91,0.0,,,,,43.180901,-77.543144,,1660576022.6
143,,,,,,,,,,,,,,,,7.64,,15.0,66811.0,126.0,-85.93,0.0,,,,,43.180878,-77.543144,,1660576022.7
144,,,,,,,,,,,,,,,,7.8,,15.0,66811.0,126.0,-82.09,2.04,,,,,43.180851,-77.543144,5.997,1660576022.8
145,,,,,,,,,,,,,,,,9.83,,15.0,66811.0,126.0,-82.8,4.0,,,,,43.180828,-77.543137,,1660576022.9
146,,,,,,,,,,,,,,,,9.0,6.876,15.0,66811.0,126.0,-85.59,4.44,0.02,0.531,0.542,0.483,43.180801,-77.543137,,1660576023.0
147,,,,,,,,,,,,,,,,10.75,,15.0,66811.0,126.0,-86.25,2.22,,,,,43.180779,-77.543129,,1660576023.1
148,,,,,,,,,,,,,,,,8.9,,15.0,66811.0,126.0,-84.95,0.0,,,,,43.180752,-77.543129,,1660576023.2
149,,,,,,,,,,,,,,,,13.34,,15.0,66811.0,126.0,-84.17,2.15,,,,,43.180725,-77.543129,7.303,1660576023.3
150,,,,,,,,,,,,,,,,14.93,,15.0,66811.0,126.0,-83.08,8.89,,,,,43.180702,-77.543129,,1660576023.4
151,,,,,,,,,,,,,,,,9.43,,15.0,66811.0,126.0,-82.26,0.0,,,,,43.180676,-77.543129,,1660576023.5
152,,,,,,,,,,,,,,,,13.0,,15.0,66811.0,126.0,-82.47,2.04,,,,,43.180653,-77.543129,,1660576023.6
153,,,,,,,,,,,,,,,,15.06,,15.0,66811.0,126.0,-84.98,4.08,,,,,43.180626,-77.543121,,1660576023.7
154,,,,,,,,,,,,,,,,15.46,,15.0,66811.0,126.0,-84.71,5.56,,,,,43.180599,-77.543121,4.652,1660576023.8
155,,,,,,,,,,,,,,,,,,15.0,66811.0,126.0,-85.48,,,,,,43.180576,-77.543121,,1660576023.9
156,,,,,,,,,,,,,,,,15.39,6.346,15.0,66811.0,126.0,-84.94,12.82,0.028,0.496,0.907,0.653,43.18055,-77.543121,,1660576024.0
157,,,,,,,,,,,,,,,,15.71,,15.0,66811.0,126.0,-83.14,9.43,,,,,43.180527,-77.543121,,1660576024.1
158,,,,,,,,,,,,,,,,15.87,,15.0,66811.0,126.0,-83.28,2.22,,,,,43.1805,-77.543121,,1660576024.2
159,,,,,,,,,,,,,,,,13.56,,15.0,66811.0,126.0,-86.22,2.08,,,,,43.180473,-77.543121,6.181,1660576024.3
160,,,,,,,,,,,,,,,,12.43,,15.0,66811.0,126.0,-88.54,6.56,,,,,43.180447,-77.543114,,1660576024.4
161,,,,,,,,,,,,,,,,10.3,,15.0,66811.0,126.0,-88.78,0.0,,,,,43.180424,-77.543114,,1660576024.5
162,,,,,,,,,,,,,,,,9.8,,15.0,66811.0,126.0,-88.93,0.0,,,,,43.180397,-77.543106,,1660576024.6
163,,,,,,,,,,,,,,,,10.13,,15.0,66811.0,126.0,-88.67,0.0,,,,,43.18037,-77.543106,,1660576024.7
164,,,,,,,,,,,,,,,,12.4,,15.0,66811.0,126.0,-90.31,4.35,,,,,43.180344,-77.543106,6.832,1660576024.8
165,,,,,,,,,,,,,,,,12.63,,15.0,66811.0,126.0,-88.0,2.22,,,,,43.180317,-77.543098,,1660576024.9
166,,,,,,,,,,,,,,,,11.73,6.28,15.0,66811.0,126.0,-87.63,6.9,0.031,0.432,0.621,0.46,43.180294,-77.543098,,1660576025.0
167,,,,,,,,,,,,,,,,10.63,,15.0,66811.0,126.0,-83.78,0.0,,,,,43.180267,-77.543091,,1660576025.1
168,,,,,,,,,,,,,,,,12.27,,15.0,66811.0,126.0,-85.24,0.0,,,,,43.180241,-77.543091,,1660576025.2
169,,,,,,,,,,,,,,,,11.55,,15.0,66811.0,126.0,-80.52,3.23,,,,,43.180214,-77.543091,5.826,1660576025.3
170,,,,,,,,,,,,,,,,9.46,,15.0,66811.0,126.0,-80.56,1.15,,,,,43.180191,-77.543091,,1660576025.4
171,,,,,,,,,,,,,,,,9.77,,15.0,66811.0,126.0,-76.98,2.08,,,,,43.180164,-77.543091,,1660576025.5
172,,,,,,,,,,,,,,,,14.45,,15.0,66811.0,126.0,-77.88,0.0,,,,,43.180141,-77.543091,,1660576025.6
173,,,,,,,,,,,,,,,,16.19,,15.0,66811.0,126.0,-80.51,10.99,,,,,43.180115,-77.543091,,1660576025.7
174,,,,,,,,,,,,,,,,13.71,,15.0,66811.0,126.0,-80.62,4.55,,,,,43.180088,-77.543083,5.781,1660576025.8
175,,,,,,,,,,,,,,,,11.72,,15.0,66811.0,126.0,-82.88,10.75,,,,,43.180065,-77.543083,,1660576025.9
176,,,,,,,,,,,,,,,,9.36,3.746,15.0,66811.0,126.0,-81.98,0.0,0.106,0.712,1.848,2.084,43.180038,-77.543083,,1660576026.0
177,,,,,,,,,,,,,,,,5.16,,15.0,66811.0,126.0,-80.69,3.37,,,,,43.180016,-77.543083,,1660576026.1
178,,,,,,,,,,,,,,,,5.71,,15.0,66811.0,126.0,-83.81,9.09,,,,,43.179989,-77.543083,,1660576026.2
179,,,,,,,,,,,,,,,,5.17,,15.0,66811.0,126.0,-85.79,2.44,,,,,43.179962,-77.543083,6.055,1660576026.3
180,,,,,,,,,,,,,,,,2.75,,15.0,66811.0,126.0,-85.03,8.05,,,,,43.179939,-77.543076,,1660576026.4
181,,,,,,,,,,,,,,,,1.45,,15.0,66811.0,126.0,-81.52,1.96,,,,,43.179913,-77.543076,,1660576026.5
182,,,,,,,,,,,,,,,,1.0,,15.0,66811.0,126.0,-78.52,0.0,,,,,43.17989,-77.543076,,1660576026.6
183,,,,,,,,,,,,,,,,5.18,,15.0,66811.0,126.0,-81.55,4.88,,,,,43.179863,-77.543076,,1660576026.7
184,,,,,,,,,,,,,,,,4.69,,15.0,66811.0,126.0,-81.33,18.18,,,,,43.17984,-77.543068,,1660576026.8
185,,,,,,,,,,,,,,,,5.47,,15.0,66811.0,126.0,-79.11,12.05,,,,,43.179817,-77.543068,5.427,1660576026.9
186,,,,,,,,,,,,,,,,6.38,2.184,15.0,66811.0,126.0,-74.76,4.65,0.034,0.433,0.708,0.737,43.17979,-77.543068,,1660576027.0
187,,,,,,,,,,,,,,,,3.08,,15.0,66811.0,126.0,-75.94,6.31,,,,,43.179741,-77.54306,,1660576027.2
188,,,,,,,,,,,,,,,,2.7,,15.0,66811.0,126.0,-75.42,0.0,,,,,43.179718,-77.54306,4.327,1660576027.3
189,,,,,,,,,,,,,,,,1.77,,15.0,66811.0,126.0,-75.57,0.0,,,,,43.179691,-77.543053,,1660576027.4
190,,,,,,,,,,,,,,,,2.9,,15.0,66811.0,126.0,-80.25,2.0,,,,,43.179619,-77.543045,,1660576027.7
191,,,,,,,,,,,,,,,,,,15.0,66811.0,126.0,-80.11,,,,,,43.179596,-77.543045,1.508,1660576027.8
192,,,,,,,,,,,,,,,,3.33,,15.0,66811.0,126.0,-78.26,5.56,,,,,43.179573,-77.543045,,1660576027.9
193,,,,,,,,,,,,,,,eventA3,,,,,,,,,,,,43.179565,-77.543045,,1660576027.927184
194,,,,,,,,,,,,,,,Handover Attempt,,,,,,,,,,,,43.179558,-77.543045,,1660576027.967433
195,,,,,,,,,,,,,,,Handover Success,,,,,,,,,,,,43.17955,-77.543045,,1660576027.993429
196,,,,,,,,,,,,,,,,3.09,5.493,15.0,66811.0,127.0,-66.52,0.0,,,,,43.17955,-77.543045,,1660576028.0
197,,,,,,,,,,,,,,,PRACH: Msg1(RA),,,,,,,,,,,,43.179546,-77.543045,,1660576028.005094
198,,,,,,,,,,,,,,,Received RAR[True],,,,,,,,,,,,43.179546,-77.543045,,1660576028.00799
199,,,,,,,,,,,,,,,PRACH: Msg2(RAR),,,,,,,,,,,,43.179546,-77.543045,,1660576028.008072
200,,,,,,,,,,,,,,,PRACH: Msg3(UE ID),,,,,,,,,,,,43.179546,-77.543045,,1660576028.008682
201,,,,,,,,,,,,,,,,6.0,,15.0,66811.0,127.0,-68.31,0.0,,,,,43.179523,-77.543037,,1660576028.1
202,,,,,,,,,,,,,,,,10.45,,15.0,66811.0,127.0,-69.69,8.33,,,,,43.179501,-77.543037,,1660576028.2
203,,,,,,,,,,,,,,,,6.8,,15.0,66811.0,127.0,-71.86,8.33,,,,,43.179478,-77.543037,3.084,1660576028.3
204,,,,,,,,,,,,,,,,,,15.0,66811.0,127.0,-70.61,,,,,,43.179451,-77.543037,,1660576028.4
205,,,,,,,,,,,,,,,,15.09,,15.0,66811.0,127.0,-75.29,0.0,,,,,43.179428,-77.54303,,1660576028.5
206,,,,,,,,,,,,,,,,13.35,,15.0,66811.0,127.0,-73.66,0.0,,,,,43.179405,-77.54303,,1660576028.6
207,,,,,,,,,,,,,,,,12.22,,15.0,66811.0,127.0,-72.14,0.0,,,,,43.179382,-77.54303,,1660576028.7
208,,,,,,,,,,,,,,,,,,15.0,66811.0,127.0,-75.0,,,,,,43.179356,-77.54303,6.179,1660576028.8
209,,,,,,,,,,,,,,,,12.71,,15.0,66811.0,127.0,-76.39,0.0,,,,,43.179333,-77.54303,,1660576028.9
210,,,,,,,,,,,,,,,,13.41,6.145,15.0,66811.0,127.0,-75.65,2.22,,,,,43.17931,-77.543022,,1660576029.0
211,,,,,,,,,,,,,,,,,,15.0,66811.0,127.0,-75.82,,,,,,43.179283,-77.543022,,1660576029.1
212,,,,,,,,,,,,,,,,14.44,,15.0,66811.0,127.0,-75.08,3.03,,,,,43.17926,-77.543022,,1660576029.2
213,,,,,,,,,,,,,,,,12.41,,15.0,66811.0,127.0,-75.8,2.22,,,,,43.179237,-77.543022,5.105,1660576029.3
214,,,,,,,,,,,,,,,,,,15.0,66811.0,127.0,-75.24,,,,,,43.179214,-77.543015,,1660576029.4
215,,,,,,,,,,,,,,,,12.22,,15.0,66811.0,127.0,-74.87,7.69,,,,,43.179192,-77.543015,,1660576029.5
216,,,,,,,,,,,,,,,,,,15.0,66811.0,127.0,-75.14,,,,,,43.179169,-77.543015,,1660576029.6
217,,,,,,,,,,,,,,,,11.7,,15.0,66811.0,127.0,-73.84,4.35,,,,,43.179146,-77.543015,,1660576029.7
218,,,,,,,,,,,,,,,,11.94,,15.0,66811.0,127.0,-72.14,0.0,,,,,43.179123,-77.543007,5.895,1660576029.8
219,,,,,,,,,,,,,,,,13.09,,15.0,66811.0,127.0,-73.84,0.0,,,,,43.1791,-77.543007,,1660576029.9
220,,,,,,,,,,,,,,,,11.87,7.62,15.0,66811.0,127.0,-72.89,4.35,,,,,43.179077,-77.543007,,1660576030.0
221,,,,,,,,,,,,,,,,9.2,,15.0,66811.0,127.0,-74.33,0.0,,,,,43.179054,-77.542999,,1660576030.1
222,,,,,,,,,,,,,,,,13.96,,15.0,66811.0,127.0,-75.02,0.0,,,,,43.179031,-77.542999,,1660576030.2
223,,,,,,,,,,,,,,,,,,15.0,66811.0,127.0,-71.56,,,,,,43.179008,-77.542999,6.192,1660576030.3
224,,,,,,,,,,,,,,,,15.19,,15.0,66811.0,127.0,-75.85,0.0,,,,,43.178986,-77.542992,,1660576030.4
225,,,,,,,,,,,,,,,,14.91,,15.0,66811.0,127.0,-75.39,4.35,,,,,43.178963,-77.542992,,1660576030.5
226,,,,,,,,,,,,,,,,15.19,,15.0,66811.0,127.0,-71.2,11.11,,,,,43.17894,-77.542992,,1660576030.6
227,,,,,,,,,,,,,,,,18.86,,15.0,66811.0,127.0,-71.17,7.69,,,,,43.178917,-77.542984,,1660576030.7
228,,,,,,,,,,,,,,,,14.35,,15.0,66811.0,127.0,-75.62,15.22,,,,,43.17889,-77.542984,6.763,1660576030.8
229,,,,,,,,,,,,,,,,,,15.0,66811.0,127.0,-76.48,,,,,,43.178867,-77.542984,,1660576030.9
230,,,,,,,,,,,,,,,,12.52,7.168,15.0,66811.0,127.0,-74.77,0.0,,,,,43.178844,-77.542984,,1660576031.0
231,,,,,,,,,,,,,,,,14.61,,15.0,66811.0,127.0,-72.93,6.52,,,,,43.178822,-77.542976,,1660576031.1
232,,,,,,,,,,,,,,,,15.25,,15.0,66811.0,127.0,-76.24,4.65,,,,,43.178799,-77.542976,,1660576031.2
233,,,,,,,,,,,,,,,,13.4,,15.0,66811.0,127.0,-76.5,0.0,,,,,43.178776,-77.542976,,1660576031.3
234,,,,,,,,,,,,,,,,11.14,,15.0,66811.0,127.0,-72.48,2.22,,,,,43.178753,-77.542976,7.837,1660576031.4
235,,,,,,,,,,,,,,,,,,15.0,66811.0,127.0,-74.65,,,,,,43.17873,-77.542969,,1660576031.5
236,,,,,,,,,,,,,,,,8.69,,15.0,66811.0,127.0,-77.6,3.85,,,,,43.178707,-77.542969,,1660576031.6
237,,,,,,,,,,,,,,,,12.05,,15.0,66811.0,127.0,-74.79,11.63,,,,,43.178684,-77.542969,,1660576031.7
238,,,,,,,,,,,,,,,,8.48,,15.0,66811.0,127.0,-72.1,0.0,,,,,43.178661,-77.542969,5.186,1660576031.8
239,,,,,,,,,,,,,,,,4.17,,15.0,66811.0,127.0,-70.63,0.0,,,,,43.178638,-77.542969,,1660576031.9
240,,,,,,,,,,,,,,,,4.17,6.79,15.0,66811.0,127.0,-70.41,0.0,,,,,43.178616,-77.542961,,1660576032.0
241,,,,,,,,,,,,,,,,,,15.0,66811.0,127.0,-66.97,,,,,,43.178593,-77.542961,,1660576032.1
242,,,,,,,,,,,,,,,,5.0,,15.0,66811.0,127.0,-66.91,0.0,,,,,43.17857,-77.542961,,1660576032.2
243,,,,,,,,,,,,,,,,13.22,,15.0,66811.0,127.0,-63.61,0.0,,,,,43.178547,-77.542961,,1660576032.3
244,,,,,,,,,,,,,,,,,,15.0,66811.0,127.0,-63.86,,,,,,43.178524,-77.542953,5.735,1660576032.4
245,,,,,,,,,,,,,,,,18.0,,15.0,66811.0,127.0,-66.4,7.32,,,,,43.178501,-77.542953,,1660576032.5
246,,,,,,,,,,,,,,,,17.41,,15.0,66811.0,127.0,-70.47,11.11,,,,,43.178478,-77.542953,,1660576032.6
247,,,,,,,,,,,,,,,,,,15.0,66811.0,127.0,-71.06,,,,,,43.178455,-77.542953,,1660576032.7
248,,,,,,,,,,,,,,,,19.29,,15.0,66811.0,127.0,-69.6,0.0,,,,,43.178432,-77.542946,5.918,1660576032.8
249,,,,,,,,,,,,,,,,18.3,,15.0,66811.0,127.0,-70.84,0.0,,,,,43.17841,-77.542946,,1660576032.9
250,,,,,,,,,,,,,,,,,7.282,15.0,66811.0,127.0,-66.85,,,,,,43.178387,-77.542946,,1660576033.0
251,,,,,,,,,,,,,,,,18.95,,15.0,66811.0,127.0,-66.31,0.0,,,,,43.178364,-77.542938,,1660576033.1
252,,,,,,,,,,,,,,,,20.35,,15.0,66811.0,127.0,-66.88,2.22,,,,,43.178341,-77.542938,,1660576033.2
253,,,,,,,,,,,,,,,,,,15.0,66811.0,127.0,-68.42,,,,,,43.178318,-77.542938,7.129,1660576033.3
254,,,,,,,,,,,,,,,,20.0,,15.0,66811.0,127.0,-66.57,6.38,,,,,43.178295,-77.542938,,1660576033.4
255,,,,,,,,,,,,,,,,18.09,,15.0,66811.0,127.0,-67.87,0.0,,,,,43.178272,-77.542931,,1660576033.5
256,,,,,,,,,,,,,,,,16.05,,15.0,66811.0,127.0,-68.34,11.63,,,,,43.178249,-77.542931,,1660576033.6
257,,,,,,,,,,,,,,,,11.22,,15.0,66811.0,127.0,-67.94,0.0,,,,,43.178223,-77.542931,,1660576033.7
258,,,,,,,,,,,,,,,,18.17,,15.0,66811.0,127.0,-70.38,8.7,,,,,43.1782,-77.542931,6.727,1660576033.8
259,,,,,,,,,,,,,,,,,,15.0,66811.0,127.0,-69.26,,,,,,43.178177,-77.542931,,1660576033.9
260,,,,,,,,,,,,,,,,15.0,6.305,15.0,66811.0,127.0,-70.06,2.22,,,,,43.178154,-77.542923,,1660576034.0
261,,,,,,,,,,,,,,,,,,15.0,66811.0,127.0,-70.31,,,,,,43.178131,-77.542923,,1660576034.1
262,,,,,,,,,,,,,,,,14.27,,15.0,66811.0,127.0,-69.58,11.11,,,,,43.178108,-77.542923,,1660576034.2
263,,,,,,,,,,,,,,,,12.35,,15.0,66811.0,127.0,-70.67,0.0,,,,,43.178085,-77.542923,6.42,1660576034.3
264,,,,,,,,,,,,,,,,,,15.0,66811.0,127.0,-69.72,,,,,,43.178066,-77.542915,,1660576034.4
265,,,,,,,,,,,,,,,,15.83,,15.0,66811.0,127.0,-70.81,0.0,,,,,43.178043,-77.542915,,1660576034.5
266,,,,,,,,,,,,,,,,17.08,,15.0,66811.0,127.0,-69.92,7.69,,,,,43.17802,-77.542915,,1660576034.6
267,,,,,,,,,,,,,,,,,,15.0,66811.0,127.0,-69.9,,,,,,43.178001,-77.542908,,1660576034.7
268,,,,,,,,,,,,,,,,16.39,,15.0,66811.0,127.0,-68.01,0.0,,,,,43.177979,-77.542908,5.449,1660576034.8
269,,,,,,,,,,,,,,,,13.73,,15.0,66811.0,127.0,-68.26,12.5,,,,,43.177956,-77.542908,,1660576034.9
270,,,,,,,,,,,,,,,,,4.061,15.0,66811.0,127.0,-66.79,,,,,,43.177933,-77.542908,,1660576035.0
271,,,,,,,,,,,,,,,,11.17,,15.0,66811.0,127.0,-65.3,4.35,,,,,43.177914,-77.5429,,1660576035.1
272,,,,,,,,,,,,,,,,9.63,,15.0,66811.0,127.0,-64.73,0.0,,,,,43.177891,-77.5429,,1660576035.2
273,,,,,,,,,,,,,,,,,,15.0,66811.0,127.0,-64.7,,,,,,43.177868,-77.5429,4.478,1660576035.3
274,,,,,,,,,,,,,,,,8.61,,15.0,66811.0,127.0,-64.63,4.35,,,,,43.177845,-77.542892,,1660576035.4
275,,,,,,,,,,,,,,,,9.38,,15.0,66811.0,127.0,-64.4,0.0,,,,,43.177822,-77.542892,,1660576035.5
276,,,,,,,,,,,,,,,,,,15.0,66811.0,127.0,-64.25,,,,,,43.177799,-77.542892,,1660576035.6
277,,,,,,,,,,,,,,,,5.64,,15.0,66811.0,127.0,-63.71,6.67,,,,,43.177776,-77.542892,,1660576035.7
278,,,,,,,,,,,,,,,,7.56,,15.0,66811.0,127.0,-64.04,0.0,,,,,43.177753,-77.542885,2.65,1660576035.8
279,,,,,,,,,,,,,,,,,,15.0,66811.0,127.0,-64.69,,,,,,43.177731,-77.542885,,1660576035.9
280,,,,,,,,,,,,,,,,6.87,3.936,15.0,66811.0,127.0,-65.2,0.0,,,,,43.177708,-77.542885,,1660576036.0
281,,,,,,,,,,,,,,,,6.13,,15.0,66811.0,127.0,-66.71,0.0,,,,,43.177685,-77.542877,,1660576036.1
282,,,,,,,,,,,,,,,,,,15.0,66811.0,127.0,-66.38,,,,,,43.177662,-77.542877,,1660576036.2
283,,,,,,,,,,,,,,,,7.35,,15.0,66811.0,127.0,-66.06,0.0,,,,,43.177639,-77.542877,3.192,1660576036.3
284,,,,,,,,,,,,,,,,5.36,,15.0,66811.0,127.0,-67.41,0.0,,,,,43.177616,-77.542877,,1660576036.4
285,,,,,,,,,,,,,,,,,,15.0,66811.0,127.0,-68.49,,,,,,43.177593,-77.54287,,1660576036.5
286,,,,,,,,,,,,,,,,6.26,,15.0,66811.0,127.0,-69.97,0.0,,,,,43.17757,-77.54287,,1660576036.6
287,,,,,,,,,,,,,,,,5.25,,15.0,66811.0,127.0,-72.51,0.0,,,,,43.177544,-77.54287,,1660576036.7
288,,,,,,,,,,,,,,,,11.87,,15.0,66811.0,127.0,-74.06,0.0,,,,,43.177521,-77.54287,4.098,1660576036.8
289,,,,,,,,,,,,,,,,,,15.0,66811.0,127.0,-77.77,,,,,,43.177498,-77.54287,,1660576036.9
290,,,,,,,,,,,,,,,,15.33,4.293,15.0,66811.0,127.0,-81.4,0.0,,,,,43.177475,-77.542862,,1660576037.0
291,,,,,,,,,,,,,,,,11.57,,15.0,66811.0,127.0,-78.82,0.0,,,,,43.177452,-77.542862,,1660576037.1
292,,,,,,,,,,,,,,,,,,15.0,66811.0,127.0,-77.35,,,,,,43.177429,-77.542862,,1660576037.2
293,,,,,,,,,,,,,,,,6.68,,15.0,66811.0,127.0,-80.8,0.0,,,,,43.177406,-77.542862,4.501,1660576037.3
294,,,,,,,,,,,,,,,,9.87,,15.0,66811.0,127.0,-78.28,0.0,,,,,43.177387,-77.542854,,1660576037.4
295,,,,,,,,,,,,,,,,,,15.0,66811.0,127.0,-77.18,,,,,,43.177364,-77.542854,,1660576037.5
296,,,,,,,,,,,,,,,,12.6,,15.0,66811.0,127.0,-78.17,0.0,,,,,43.177341,-77.542847,,1660576037.6
297,,,,,,,,,,,,,,,,,,15.0,66811.0,127.0,-76.32,,,,,,43.177322,-77.542847,,1660576037.7
298,,,,,,,,,,,,,,,,15.96,,15.0,66811.0,127.0,-77.08,0.0,,,,,43.177299,-77.542847,3.124,1660576037.8
299,,,,,,,,,,,,,,,,18.93,,15.0,66811.0,127.0,-78.64,11.11,,,,,43.177277,-77.542839,,1660576037.9
300,,,,,,,,,,,,,,,,,3.256,15.0,66811.0,127.0,-77.6,,,,,,43.177254,-77.542839,,1660576038.0
301,,,,,,,,,,,,,,,,15.35,,15.0,66811.0,127.0,-80.69,6.67,,,,,43.177235,-77.542831,,1660576038.1
302,,,,,,,,,,,,,,,,19.22,,15.0,66811.0,127.0,-80.37,0.0,,,,,43.177212,-77.542831,,1660576038.2
303,,,,,,,,,,,,,,,,,,15.0,66811.0,127.0,-81.7,,,,,,43.177189,-77.542831,2.816,1660576038.3
304,,,,,,,,,,,,,,,,13.3,,15.0,66811.0,127.0,-80.22,4.35,,,,,43.177166,-77.542824,,1660576038.4
305,,,,,,,,,,,,,,,,17.25,,15.0,66811.0,127.0,-80.3,3.03,,,,,43.177143,-77.542824,,1660576038.5
306,,,,,,,,,,,,,,,,,,15.0,66811.0,127.0,-79.89,,,,,,43.17712,-77.542816,,1660576038.6
307,,,,,,,,,,,,,,,,13.3,,15.0,66811.0,127.0,-82.97,0.0,,,,,43.177094,-77.542816,,1660576038.7
308,,,,,,,,,,,,,,,,13.79,,15.0,66811.0,127.0,-78.99,3.45,,,,,43.177071,-77.542816,2.97,1660576038.8
309,,,,,,,,,,,,,,,,,,15.0,66811.0,127.0,-79.75,,,,,,43.177048,-77.542809,,1660576038.9
310,,,,,,,,,,,,,,,,12.04,3.446,15.0,66811.0,127.0,-79.3,0.0,,,,,43.177025,-77.542809,,1660576039.0
311,,,,,,,,,,,,,,,,16.4,,15.0,66811.0,127.0,-79.69,0.0,,,,,43.177002,-77.542801,,1660576039.1
312,,,,,,,,,,,,,,,,16.05,,15.0,66811.0,127.0,-81.71,15.0,,,,,43.176979,-77.542801,,1660576039.2
313,,,,,,,,,,,,,,,,,,15.0,66811.0,127.0,-81.09,,,,,,43.176956,-77.542793,2.873,1660576039.3
314,,,,,,,,,,,,,,,,14.85,,15.0,66811.0,127.0,-83.25,0.0,,,,,43.176937,-77.542793,,1660576039.4
315,,,,,,,,,,,,,,,,14.05,,15.0,66811.0,127.0,-82.37,9.52,,,,,43.176914,-77.542786,,1660576039.5
316,,,,,,,,,,,,,,,,,,15.0,66811.0,127.0,-83.97,,,,,,43.176891,-77.542786,,1660576039.6
317,,,,,,,,,,,,,,,,14.06,,15.0,66811.0,127.0,-82.66,0.0,,,,,43.176872,-77.542786,,1660576039.7
318,,,,,,,,,,,,,,,,,,15.0,66811.0,127.0,-87.69,,,,,,43.176849,-77.542778,3.388,1660576039.8
319,,,,,,,,,,,,,,,,13.52,,15.0,66811.0,127.0,-83.77,4.55,,,,,43.176826,-77.542778,,1660576039.9
320,,,,,,,,,,,,,,,,13.76,5.254,15.0,66811.0,127.0,-83.55,0.0,,,,,43.176804,-77.54277,,1660576040.0
321,,,,,,,,,,,,,,,,16.27,,15.0,66811.0,127.0,-83.67,4.65,,,,,43.176785,-77.54277,,1660576040.1
322,,,,,,,,,,,,,,,,,,15.0,66811.0,127.0,-84.36,,,,,,43.176762,-77.542763,,1660576040.2
323,,,,,,,,,,,,,,,,14.78,,15.0,66811.0,127.0,-83.76,0.0,,,,,43.176739,-77.542755,4.295,1660576040.3
324,,,,,,,,,,,,,,,,12.91,,15.0,66811.0,127.0,-86.23,8.7,,,,,43.176716,-77.542755,,1660576040.4
325,,,,,,,,,,,,,,,,,,15.0,66811.0,127.0,-88.08,,,,,,43.176697,-77.542747,,1660576040.5
326,,,,,,,,,,,,,,,,10.0,,15.0,66811.0,127.0,-87.07,2.56,,,,,43.176674,-77.54274,,1660576040.6
327,,,,,,,,,,,,,,,,,,15.0,66811.0,127.0,-86.22,,,,,,43.176651,-77.54274,,1660576040.7
328,,,,,,,,,,,,,,,,11.41,,15.0,66811.0,127.0,-87.12,2.22,,,,,43.176628,-77.542732,5.062,1660576040.8
329,,,,,,,,,,,,,,,,13.85,,15.0,66811.0,127.0,-87.55,0.0,,,,,43.176605,-77.542725,,1660576040.9
330,,,,,,,,,,,,,,,,13.04,7.043,15.0,66811.0,127.0,-86.51,4.35,,,,,43.176586,-77.542717,,1660576041.0
331,,,,,,,,,,,,,,,,,,15.0,66811.0,127.0,-84.38,,,,,,43.176563,-77.542717,,1660576041.1
332,,,,,,,,,,,,,,,,14.15,,15.0,66811.0,127.0,-87.71,7.14,,,,,43.17654,-77.542709,,1660576041.2
333,,,,,,,,,,,,,,,,13.58,,15.0,66811.0,127.0,-89.16,25.0,,,,,43.176517,-77.542702,5.838,1660576041.3
334,,,,,,,,,,,,,,,,11.52,,15.0,66811.0,127.0,-86.4,0.0,,,,,43.176495,-77.542694,,1660576041.4
335,,,,,,,,,,,,,,,,12.0,,15.0,66811.0,127.0,-86.84,0.0,,,,,43.176472,-77.542694,,1660576041.5
336,,,,,,,,,,,,,,,,13.26,,15.0,66811.0,127.0,-87.12,13.64,,,,,43.176449,-77.542686,,1660576041.6
337,,,,,,,,,,,,,,,,12.3,,15.0,66811.0,127.0,-84.16,0.0,,,,,43.176426,-77.542679,,1660576041.7
338,,,,,,,,,,,,,,,,11.25,,15.0,66811.0,127.0,-85.02,0.0,,,,,43.176403,-77.542671,6.694,1660576041.8
339,,,,,,,,,,,,,,,,12.52,,15.0,66811.0,127.0,-83.79,0.0,,,,,43.17638,-77.542664,,1660576041.9
340,,,,,,,,,,,,,,,,15.35,6.579,15.0,66811.0,127.0,-83.21,0.0,,,,,43.176357,-77.542664,,1660576042.0
341,,,,,,,,,,,,,,,,18.9,,15.0,66811.0,127.0,-84.05,17.65,,,,,43.176334,-77.542656,,1660576042.1
342,,,,,,,,,,,,,,,,13.52,,15.0,66811.0,127.0,-82.2,12.2,,,,,43.176311,-77.542648,,1660576042.2
343,,,,,,,,,,,,,,,,12.91,,15.0,66811.0,127.0,-81.96,0.0,,,,,43.176289,-77.542641,6.179,1660576042.3
344,,,,,,,,,,,,,,,,14.5,,15.0,66811.0,127.0,-82.81,0.0,,,,,43.176266,-77.542633,,1660576042.4
345,,,,,,,,,,,,,,,,13.14,,15.0,66811.0,127.0,-85.29,2.22,,,,,43.176247,-77.542633,,1660576042.5
346,,,,,,,,,,,,,,,,10.85,,15.0,66811.0,127.0,-85.87,7.14,,,,,43.176224,-77.542625,,1660576042.6
347,,,,,,,,,,,,,,,,13.38,,15.0,66811.0,127.0,-86.54,0.0,,,,,43.176201,-77.542618,,1660576042.7
348,,,,,,,,,,,,,,,,15.36,,15.0,66811.0,127.0,-84.35,4.44,,,,,43.176178,-77.54261,6.387,1660576042.8
349,,,,,,,,,,,,,,,,,,15.0,66811.0,127.0,-82.74,,,,,,43.176155,-77.542603,,1660576042.9
350,,,,,,,,,,,,,,,,15.05,6.172,15.0,66811.0,127.0,-85.41,2.17,,,,,43.176136,-77.542603,,1660576043.0
351,,,,,,,,,,,,,,,,18.52,,15.0,66811.0,127.0,-84.98,6.98,,,,,43.176113,-77.542595,,1660576043.1
352,,,,,,,,,,,,,,,,16.06,,15.0,66811.0,127.0,-85.76,12.2,,,,,43.17609,-77.542587,,1660576043.2
353,,,,,,,,,,,,,,,,14.73,,15.0,66811.0,127.0,-86.01,0.0,,,,,43.176067,-77.54258,6.877,1660576043.3
354,,,,,,,,,,,,,,,,15.26,,15.0,66811.0,127.0,-86.01,0.0,,,,,43.176048,-77.542572,,1660576043.4
355,,,,,,,,,,,,,,,,,,15.0,66811.0,127.0,-84.62,,,,,,43.176025,-77.542564,,1660576043.5
356,,,,,,,,,,,,,,,,12.43,,15.0,66811.0,127.0,-86.44,0.0,,,,,43.176006,-77.542557,,1660576043.6
357,,,,,,,,,,,,,,,,11.55,,15.0,66811.0,127.0,-87.34,6.98,,,,,43.175987,-77.542557,,1660576043.7
358,,,,,,,,,,,,,,,,,,15.0,66811.0,127.0,-89.89,,,,,,43.175964,-77.542549,4.387,1660576043.8
359,,,,,,,,,,,,,,,,11.22,,15.0,66811.0,127.0,-91.21,5.56,,,,,43.175945,-77.542542,,1660576043.9
360,,,,,,,,,,,,,,,,13.76,5.203,15.0,66811.0,127.0,-87.14,4.55,,,,,43.175922,-77.542534,,1660576044.0
361,,,,,,,,,,,,,,,,,,15.0,66811.0,127.0,-86.94,,,,,,43.175903,-77.542526,,1660576044.1
362,,,,,,,,,,,,,,,,10.88,,15.0,66811.0,127.0,-87.23,2.86,,,,,43.17588,-77.542519,,1660576044.2
363,,,,,,,,,,,,,,,,13.57,,15.0,66811.0,127.0,-90.44,6.67,,,,,43.175858,-77.542511,4.067,1660576044.3
364,,,,,,,,,,,,,,,,,,15.0,66811.0,127.0,-92.45,,,,,,43.175835,-77.542503,,1660576044.4
365,,,,,,,,,,,,,,,,10.55,,15.0,66811.0,127.0,-90.24,10.0,,,,,43.175812,-77.542496,,1660576044.5
366,,,,,,,,,,,,,,,,8.39,,15.0,66811.0,127.0,-89.97,0.0,,,,,43.175789,-77.542488,,1660576044.6
367,,,,,,,,,,,,,,,,10.81,,15.0,66811.0,127.0,-91.85,6.82,,,,,43.175766,-77.54248,,1660576044.7
368,,,,,,,,,,,,,,,,12.25,,15.0,66811.0,127.0,-90.87,0.0,,,,,43.175743,-77.542473,5.166,1660576044.8
369,,,,,,,,,,,,,,,,12.17,,15.0,66811.0,127.0,-91.59,13.04,,,,,43.17572,-77.542465,,1660576044.9
370,,,,,,,,,,,,,,,,,4.856,15.0,66811.0,127.0,-92.32,,,,,,43.175697,-77.542458,,1660576045.0
371,,,,,,,,,,,,,,,,10.11,,15.0,66811.0,127.0,-93.64,7.5,,,,,43.175674,-77.54245,,1660576045.1
372,,,,,,,,,,,,,,,,8.78,,15.0,66811.0,127.0,-93.17,0.0,,,,,43.175652,-77.542442,,1660576045.2
373,,,,,,,,,,,,,,,,,,15.0,66811.0,127.0,-92.87,,,,,,43.175629,-77.542435,4.64,1660576045.3
374,,,,,,,,,,,,,,,,9.23,,15.0,66811.0,127.0,-91.71,0.0,,,,,43.175606,-77.542427,,1660576045.4
375,,,,,,,,,,,,,,,,12.48,,15.0,66811.0,127.0,-92.8,20.0,,,,,43.175587,-77.542419,,1660576045.5
376,,,,,,,,,,,,,,,,,,15.0,66811.0,127.0,-94.29,,,,,,43.175564,-77.542412,,1660576045.6
377,,,,,,,,,,,,,,,,8.38,,15.0,66811.0,127.0,-94.05,0.0,,,,,43.175541,-77.542404,,1660576045.7
378,,,,,,,,,,,,,,,,8.91,,15.0,66811.0,127.0,-92.44,0.0,,,,,43.175518,-77.542389,5.027,1660576045.8
379,,,,,,,,,,,,,,,,,,15.0,66811.0,127.0,-91.2,,,,,,43.175495,-77.542381,,1660576045.9
380,,,,,,,,,,,,,,,,9.1,5.846,15.0,66811.0,127.0,-92.33,8.77,0.355,0.318,0.233,0.169,43.175476,-77.542374,,1660576046.0
381,,,,,,,,,,,,,,,,7.0,,15.0,66811.0,127.0,-90.74,0.0,,,,,43.175453,-77.542366,,1660576046.1
382,,,,,,,,,,,,,,,,10.24,,15.0,66811.0,127.0,-90.35,4.55,,,,,43.17543,-77.542358,,1660576046.2
383,,,,,,,,,,,,,,,,11.13,,15.0,66811.0,127.0,-90.36,0.0,,,,,43.175407,-77.542351,5.141,1660576046.3
384,,,,,,,,,,,,,,,,11.43,,15.0,66811.0,127.0,-89.78,13.95,,,,,43.175385,-77.542336,,1660576046.4
385,,,,,,,,,,,,,,,,11.71,,15.0,66811.0,127.0,-98.32,0.0,,,,,43.175365,-77.542328,,1660576046.5
386,,,,,,,,,,,,,,,,10.62,,15.0,66811.0,127.0,-98.35,7.81,,,,,43.175343,-77.54232,,1660576046.6
387,,,,,,,,,,,,,,,,10.41,,15.0,66811.0,127.0,-99.14,5.75,,,,,43.17532,-77.542313,,1660576046.7
388,,,,,,,,,,,,,,,,8.5,,15.0,66811.0,127.0,-98.44,4.55,,,,,43.175297,-77.542297,6.26,1660576046.8
389,,,,,,,,,,,,,,,,8.18,,15.0,66811.0,127.0,-98.65,3.08,,,,,43.175274,-77.54229,,1660576046.9
390,,,,,,,,,,,,,,,,10.04,4.971,15.0,66811.0,127.0,-98.72,6.74,0.564,0.697,0.744,0.508,43.175255,-77.542282,,1660576047.0
391,,,,,,,,,,,,,,,,15.59,,15.0,66811.0,127.0,-100.46,34.15,,,,,43.175232,-77.542267,,1660576047.1
392,,,,,,,,,,,,,,,,11.78,,15.0,66811.0,127.0,-101.27,11.11,,,,,43.175209,-77.542259,,1660576047.2
393,,,,,,,,,,,,,,,,10.48,,15.0,66811.0,127.0,-101.09,0.0,,,,,43.175186,-77.542252,6.078,1660576047.3
394,,,,,,,,,,,,,,,,10.0,,15.0,66811.0,127.0,-99.64,4.65,,,,,43.175167,-77.542236,,1660576047.4
395,,,,,,,,,,,,,,,,12.0,,15.0,66811.0,127.0,-99.83,11.76,,,,,43.175144,-77.542229,,1660576047.5
396,,,,,,,,,,,,,,,,7.54,,15.0,66811.0,127.0,-98.46,4.44,,,,,43.175121,-77.542221,,1660576047.6
397,,,,,,,,,,,,,,,,5.45,,15.0,66811.0,127.0,-100.95,4.44,,,,,43.175102,-77.542206,,1660576047.7
398,,,,,,,,,,,,,,,eventA3,,,,,,,,,,,,43.175087,-77.542206,,1660576047.752774
399,,,,,,,,,,,,,,,,2.66,,15.0,66811.0,114.0,-87.04,11.86,,,,,43.175079,-77.542198,,1660576047.8
400,,,,,,,,,,,,,,,Handover Attempt,,,,,,,,,,,,43.175079,-77.542198,,1660576047.80406
401,,,,,,,,,,,,,,,Handover Success,,,,,,,,,,,,43.175072,-77.542198,,1660576047.831377
402,,,,,,,,,,,,,,,PRACH: Msg1(RA),,,,,,,,,,,,43.175068,-77.542198,,1660576047.844301
403,,,,,,,,,,,,,,,Received RAR[True],,,,,,,,,,,,43.175068,-77.542198,,1660576047.844767
404,,,,,,,,,,,,,,,PRACH: Msg2(RAR),,,,,,,,,,,,43.175068,-77.542198,,1660576047.844784
405,,,,,,,,,,,,,,,PRACH: Msg3(UE ID),,,,,,,,,,,,43.175068,-77.542198,,1660576047.844899
406,,,,,,,,,,,,,,,PRACH: Msg1(RA),,,,,,,,,,,,43.175064,-77.542191,,1660576047.867168
407,,,,,,,,,,,,,,,PRACH: Msg2(RAR),,,,,,,,,,,,43.17506,-77.542191,,1660576047.876569
408,,,,,,,,,,,,,,,PRACH: Msg3(UE ID),,,,,,,,,,,,43.17506,-77.542191,,1660576047.876612
409,,,,,,,,,,,,,,,Received RAR[True],,,,,,,,,,,,43.17506,-77.542191,,1660576047.887297
410,,,,,,,,,,,,,,,PRACH: Msg4[Pass],,,,,,,,,,,,43.17506,-77.542191,,1660576047.887303
411,,,,,,,,,,,,,,,,19.06,,15.0,66811.0,114.0,-88.8,61.54,,,,,43.175056,-77.542191,4.538,1660576047.9
412,,,,,,,,,,,,,,,,17.7,5.562,15.0,66811.0,114.0,-88.83,41.94,,,,,43.175034,-77.542183,,1660576048.0
413,,,,,,,,,,,,,,,,9.81,,15.0,66811.0,114.0,-84.85,0.0,,,,,43.175014,-77.542168,,1660576048.1
414,,,,,,,,,,,,,,,,5.74,,15.0,66811.0,114.0,-86.97,0.0,,,,,43.174992,-77.54216,,1660576048.2
415,,,,,,,,,,,,,,,,6.98,,15.0,66811.0,114.0,-79.44,2.22,,,,,43.174969,-77.542152,4.113,1660576048.3
416,,,,,,,,,,,,,,,,7.57,,15.0,66811.0,114.0,-80.38,0.0,,,,,43.174946,-77.542137,,1660576048.4
417,,,,,,,,,,,,,,,,11.57,,15.0,66811.0,114.0,-81.04,35.48,,,,,43.174927,-77.54213,,1660576048.5
418,,,,,,,,,,,,,,,,5.02,,15.0,66811.0,114.0,-81.88,10.0,,,,,43.174904,-77.542114,,1660576048.6
419,,,,,,,,,,,,,,,,7.06,,15.0,66811.0,114.0,-82.33,3.13,,,,,43.174881,-77.542107,,1660576048.7
420,,,,,,,,,,,,,,,,11.74,,15.0,66811.0,114.0,-81.65,28.89,,,,,43.174858,-77.542099,5.632,1660576048.8
421,,,,,,,,,,,,,,,,7.13,,15.0,66811.0,114.0,-78.96,16.44,,,,,43.174835,-77.542084,,1660576048.9
422,,,,,,,,,,,,,,,eventB1_NR_r15,,,,,,,,,,,,43.174828,-77.542084,,1660576048.933011
423,,,,,,,,,,,,,,,NR SCG Addition Attempt	 ,,,,,,,,,,,,43.174816,-77.542076,,1660576048.985565
424,0.0,0.0,0.0,60.0,3730.08,127.0,,,,,,,,,,0.0,4.647,15.0,66811.0,114.0,-75.31,0.0,,,,,43.174816,-77.542076,,1660576049.0
425,,,,,,,,,,,,,,,NR SCG Addition Success	 ,,,,,,,,,,,,43.174809,-77.542068,,1660576049.026183
426,,,,,,,,,,,,,,,PRACH: Msg1(RA),,,,,,,,,,,,43.174809,-77.542068,,1660576049.030695
427,,,,,,,,,,,,,,,PRACH: Msg2(RAR),,,,,,,,,,,,43.174805,-77.542068,,1660576049.042727
428,,,,,,,,,,,,,,,PRACH: Msg4[Pass]			,,,,,,,,,,,,43.174805,-77.542068,,1660576049.042727
429,,,,,,,,,,,,,,,,,,,,,,,,,,,43.174801,-77.542068,,1660576049.065647
430,0.0,0.0,0.002,60.0,3730.08,127.0,-103.17,,,,,,,,,,,15.0,66811.0,114.0,-77.19,,,,,,43.174793,-77.542061,,1660576049.1
431,0.0,0.0,0.014,,,,,,,,,,,,,11.14,,15.0,66811.0,114.0,-83.7,19.51,,,,,43.17477,-77.542053,,1660576049.2
432,0.0,0.0,0.018,60.0,3730.08,127.0,-106.02,,,,,,,,,4.24,,15.0,66811.0,114.0,-85.92,14.58,,,,,43.174747,-77.542038,3.701,1660576049.3
433,40.0,12.29,3.291,,,,,,,,,,,,,10.44,,15.0,66811.0,114.0,-79.74,8.77,,,,,43.174725,-77.54203,,1660576049.4
434,24.0,9.47,6.554,60.0,3730.08,127.0,-107.16,,,,,,,,,8.48,,15.0,66811.0,114.0,-82.69,16.0,,,,,43.174706,-77.542015,,1660576049.5
435,0.0,9.32,8.132,60.0,3730.08,127.0,-108.36,,,,,,,,,13.71,,15.0,66811.0,114.0,-84.07,15.79,,,,,43.174683,-77.542,,1660576049.6
436,9.52,10.2,10.861,,,,,,,,,,,,,,,15.0,66811.0,114.0,-77.33,,,,,,43.17466,-77.541992,,1660576049.7
437,11.76,9.62,9.056,60.0,3730.08,127.0,-107.77,,,,,,,,,14.64,,15.0,66811.0,114.0,-83.39,18.6,,,,,43.174637,-77.541977,,1660576049.8
438,0.0,9.63,9.741,60.0,3730.08,127.0,-109.02,,,,,,,,,20.29,,15.0,66811.0,114.0,-87.09,44.83,,,,,43.174614,-77.541962,8.065,1660576049.9
439,7.69,9.88,8.202,,,,,,,,,,,,,6.19,2.896,15.0,66811.0,114.0,-88.91,9.09,,,,,43.174595,-77.541946,,1660576050.0
440,0.0,12.5,0.248,60.0,3730.08,127.0,-107.03,,,,,,,,,,,15.0,66811.0,114.0,-84.16,,,,,,43.174572,-77.541939,,1660576050.1
441,7.69,10.25,9.44,,,,,,,,,,,,,5.35,,15.0,66811.0,114.0,-79.09,0.0,,,,,43.174549,-77.541924,,1660576050.2
442,3.85,11.5,18.538,60.0,3730.08,127.0,-106.63,,,,,,,,,3.74,,15.0,66811.0,114.0,-83.46,2.33,,,,,43.174526,-77.541908,8.477,1660576050.3
443,7.41,13.78,15.186,60.0,3730.08,127.0,-105.07,,,,,,,,,6.22,,15.0,66811.0,114.0,-80.94,2.5,,,,,43.174507,-77.541893,,1660576050.4
444,7.14,13.78,16.846,,,,,,,,,,,,,4.43,,15.0,66811.0,114.0,-78.33,0.0,,,,,43.174484,-77.541885,,1660576050.5
445,0.0,14.46,13.072,60.0,3730.08,127.0,-104.77,,,,,,,,,7.74,,15.0,66811.0,114.0,-80.25,7.41,,,,,43.174465,-77.54187,,1660576050.6
446,0.0,15.93,18.142,60.0,3730.08,127.0,-104.14,,,,,,,,,5.39,,15.0,66811.0,114.0,-83.7,3.45,,,,,43.174446,-77.541855,,1660576050.7
447,0.0,15.21,13.93,,,,,,,,,,,,,4.8,,15.0,66811.0,114.0,-89.89,0.0,,,,,43.174423,-77.54184,11.218,1660576050.8
448,0.0,11.95,12.965,60.0,3730.08,127.0,-104.46,,,,,,,,,7.19,,15.0,66811.0,114.0,-93.88,16.28,,,,,43.174404,-77.541824,,1660576050.9
449,0.0,12.83,22.86,,,,,,,,,,,,,6.68,2.807,15.0,66811.0,114.0,-92.03,10.53,,,,,43.174381,-77.541817,,1660576051.0
450,0.0,13.5,15.121,60.0,3730.08,127.0,-104.9,,,,,,,,,4.9,,15.0,66811.0,114.0,-93.63,0.0,,,,,43.174362,-77.541801,,1660576051.1
451,0.0,13.6,17.174,60.0,3730.08,127.0,-103.42,,,,,,,,,8.52,,15.0,66811.0,114.0,-91.34,21.95,,,,,43.174339,-77.541786,,1660576051.2
452,0.0,13.92,17.215,,,,,,,,,,,,,9.67,,15.0,66811.0,114.0,-90.58,8.7,,,,,43.174316,-77.541771,12.658,1660576051.3
453,0.0,14.55,21.174,60.0,3730.08,127.0,-103.94,,,,,,,,,8.15,,15.0,66811.0,114.0,-93.63,0.0,,,,,43.174297,-77.541756,,1660576051.4
454,0.0,13.3,17.901,60.0,3730.08,127.0,-104.95,,,,,,,,,6.73,,15.0,66811.0,114.0,-93.61,9.09,,,,,43.174274,-77.54174,,1660576051.5
455,0.0,12.83,18.143,,,,,,,,,,,,,,,15.0,66811.0,114.0,-91.9,,,,,,43.174252,-77.541725,,1660576051.6
456,0.0,14.92,26.987,60.0,3730.08,127.0,-103.27,,,,,,,,,5.84,,15.0,66811.0,114.0,-92.36,0.0,,,,,43.174232,-77.541718,,1660576051.7
457,,,0.0,,,,,,,,,,,,,,,15.0,66811.0,114.0,-93.06,,,,,,43.17421,-77.541702,9.688,1660576051.8
458,25.0,16.11,8.29,60.0,3730.08,127.0,-102.03,,,,,,,,,,,15.0,66811.0,114.0,-92.77,,,,,,43.174187,-77.541687,,1660576051.9
459,0.0,11.5,0.21,,,,,,,,,,,,,4.58,0.446,15.0,66811.0,114.0,-84.16,0.0,,,,,43.174164,-77.541672,,1660576052.0
460,,,0.0,60.0,3730.08,127.0,-101.77,,,,,,,,,,,15.0,66811.0,114.0,-79.99,,,,,,43.174145,-77.541656,,1660576052.1
461,,,0.0,,,,,,,,,,,,,,,15.0,66811.0,114.0,-84.18,,,,,,43.174122,-77.541641,,1660576052.2
462,,,0.0,,,,,,,,,,,,,10.25,,15.0,66811.0,114.0,-83.61,50.0,,,,,43.174103,-77.541626,0.0,1660576052.3
463,0.0,0.0,0.004,60.0,3730.08,127.0,-101.69,,,,,,,,,,,15.0,66811.0,114.0,-82.33,,,,,,43.17408,-77.541611,,1660576052.4
464,,,0.0,,,,,,,,,,,,,,,15.0,66811.0,114.0,-83.91,,,,,,43.174061,-77.541595,,1660576052.5
465,,,0.0,,,,,,,,,,,,,7.5,,15.0,66811.0,114.0,-86.1,50.0,,,,,43.174042,-77.54158,,1660576052.6
466,,,0.0,,,,,,,,,,,,,,,15.0,66811.0,114.0,-88.55,,,,,,43.174019,-77.541565,,1660576052.7
467,,,0.0,60.0,3730.08,127.0,-103.18,,,,,,,,,,,15.0,66811.0,114.0,-86.44,,,,,,43.174,-77.541557,,1660576052.8
468,0.0,5.0,0.102,,,,,,,,,,,,,7.2,,15.0,66811.0,114.0,-85.31,33.33,,,,,43.173981,-77.541542,0.477,1660576052.9
469,,,0.0,60.0,3730.08,127.0,-104.09,,,,,,,,,,0.868,15.0,66811.0,114.0,-85.34,,,,,,43.173962,-77.541527,,1660576053.0
470,,,0.0,,,,,,,,,,,,,,,15.0,66811.0,114.0,-89.2,,,,,,43.173939,-77.541512,,1660576053.1
471,,,0.0,,,,,,,,,,,,,9.32,,15.0,66811.0,114.0,-94.08,13.51,,,,,43.17392,-77.541496,,1660576053.2
472,,,0.0,60.0,3730.08,127.0,-101.77,,,,,,,,,,,15.0,66811.0,114.0,-87.79,,,,,,43.173897,-77.541481,0.919,1660576053.3
473,,,,,,,,,,,,,,,,,,15.0,66811.0,114.0,-87.6,,,,,,43.173874,-77.541466,,1660576053.4
474,,,0.0,,,,,,,,,,,,,13.0,,15.0,66811.0,114.0,-89.37,33.33,,,,,43.173855,-77.541451,,1660576053.5
475,0.0,0.0,0.001,,,,,,,,,,,,,,,15.0,66811.0,114.0,-91.11,,,,,,43.173832,-77.541435,,1660576053.6
476,,,0.0,60.0,3730.08,127.0,-95.66,,,,,,,,,,,15.0,66811.0,114.0,-91.94,,,,,,43.173809,-77.54142,,1660576053.7
477,,,0.0,,,,,,,,,,,,,7.75,,15.0,66811.0,114.0,-92.15,40.0,,,,,43.173786,-77.541405,0.0,1660576053.8
478,,,0.0,,,,,,,,,,,,,,,15.0,66811.0,114.0,-91.49,,,,,,43.173763,-77.541389,,1660576053.9
479,,,,,,,,,,,,,,,,,0.081,15.0,66811.0,114.0,-90.57,,,,,,43.173744,-77.541374,,1660576054.0
480,,,0.0,60.0,3730.08,127.0,-97.73,,,,,,,,,3.0,,15.0,66811.0,114.0,-90.69,0.0,,,,,43.173721,-77.541359,,1660576054.1
481,,,,,,,,,,,,,,,eventA3,,,,,,,,,,,,43.173714,-77.541351,,1660576054.134643
482,0.0,0.0,0.002,60.0,3730.08,127.0,-97.73,,,,,,,,,,,15.0,66811.0,114.0,-90.19,,,,,,43.173698,-77.541344,,1660576054.2
483,,,,,,,,,,,,,,,Handover Attempt,,,,,,,,,,,,43.173691,-77.541336,,1660576054.235679
484,,,,,,,,,,,,,,,Handover Success,,,,,,,,,,,,43.173687,-77.541336,,1660576054.26153
485,,,,,,,,,,,,,,,PRACH: Msg1(RA),,,,,,,,,,,,43.173683,-77.541336,,1660576054.269105
486,,,,,,,,,,,,,,,PRACH: Msg1(RA),,,,,,,,,,,,43.173683,-77.541336,,1660576054.269191
487,,,,,,,,,,,,,,,Received RAR[True],,,,,,,,,,,,43.173683,-77.541328,,1660576054.278752
488,,,,,,,,,,,,,,,PRACH: Msg2(RAR),,,,,,,,,,,,43.173683,-77.541328,,1660576054.278784
489,,,,,,,,,,,,,,,PRACH: Msg3(UE ID),,,,,,,,,,,,43.173683,-77.541328,,1660576054.279198
490,,,,,,,,,,,,,,,PRACH: Msg2(RAR),,,,,,,,,,,,43.173679,-77.541328,,1660576054.288587
491,,,,,,,,,,,,,,,PRACH: Msg3(UE ID),,,,,,,,,,,,43.173679,-77.541328,,1660576054.288587
492,,,,,,,,,,,,,,,PRACH: Msg4,,,,,,,,,,,,43.173679,-77.541328,,1660576054.288587
493,,,,,,,,,,,,,,,PRACH: Msg4[Pass]			,,,,,,,,,,,,43.173679,-77.541328,,1660576054.288587
494,,,,,,,,,,,,,,,PRACH: Msg5,,,,,,,,,,,,43.173679,-77.541328,,1660576054.289952
495,,,0.0,60.0,,,,,,,,,,,,,,15.0,66811.0,127.0,-80.7,,,,,,43.173679,-77.541328,0.0,1660576054.3
496,,,,,,,,,,,,,,,,,,,,,,,,,,,43.173676,-77.541328,,1660576054.307349
497,,,0.0,60.0,3730.08,127.0,-95.11,,,,,,,,,1.73,,15.0,66811.0,127.0,-81.22,0.0,,,,,43.17366,-77.541313,,1660576054.4
498,,,0.0,,,,,,,,,,,,,,,15.0,66811.0,127.0,-81.48,,,,,,43.173637,-77.541298,,1660576054.5
499,,,0.0,60.0,3730.08,127.0,-93.34,,,,,,,,,,,15.0,66811.0,127.0,-81.59,,,,,,43.173618,-77.541283,,1660576054.6
500,,,0.0,60.0,3730.08,127.0,-93.51,,,,,,,,,5.5,,15.0,66811.0,127.0,-81.56,0.0,,,,,43.173599,-77.54126,,1660576054.7
501,,,0.0,,,,,,,,,,,,,,,15.0,66811.0,127.0,-79.7,,,,,,43.17358,-77.541245,0.0,1660576054.8
502,,,0.0,60.0,3730.08,127.0,-93.09,,,,,,,,,,,15.0,66811.0,127.0,-77.58,,,,,,43.173561,-77.541229,,1660576054.9
503,,,0.0,,,,,,,,,,,,,,0.002,15.0,66811.0,127.0,-78.41,,,,,,43.173538,-77.541214,,1660576055.0
504,,,0.0,60.0,3730.08,127.0,-93.84,,,,,,,,,,,15.0,66811.0,127.0,-79.37,,,,,,43.173519,-77.541199,,1660576055.1
505,,,0.0,60.0,3730.08,127.0,-92.95,,,,,,,,,,,15.0,66811.0,127.0,-80.39,,,,,,43.1735,-77.541183,,1660576055.2
506,,,0.0,,,,,,,,,,,,,,,15.0,66811.0,127.0,-83.03,,,,,,43.173481,-77.541168,0.0,1660576055.3
507,,,0.0,60.0,3730.08,127.0,-92.03,,,,,,,,,,,15.0,66811.0,127.0,-83.03,,,,,,43.173462,-77.541153,,1660576055.4
508,,,0.0,,,,,,,,,,,,,,,15.0,66811.0,127.0,-80.35,,,,,,43.173439,-77.541138,,1660576055.5
509,,,0.0,60.0,3730.08,127.0,-92.99,,,,,,,,,0.0,,15.0,66811.0,127.0,-77.57,0.0,,,,,43.17342,-77.541122,,1660576055.6
510,0.0,0.0,0.001,60.0,3730.08,127.0,-93.08,,,,,,,,,,,15.0,66811.0,127.0,-79.47,,,,,,43.173401,-77.541107,,1660576055.7
511,,,0.0,,,,,,,,,,,,,,,15.0,66811.0,127.0,-79.21,,,,,,43.173382,-77.541084,0.0,1660576055.8
512,,,0.0,,,,,,,,,,,,,,,15.0,66811.0,127.0,-78.06,,,,,,43.173363,-77.541069,,1660576055.9
513,0.0,11.0,0.127,,,,,,,,,,,,,,1.275,15.0,66811.0,127.0,-77.63,,,,,,43.17334,-77.541054,,1660576056.0
514,,,0.0,60.0,3730.08,127.0,-92.67,,,,,,,,,,,15.0,66811.0,127.0,-78.19,,,,,,43.173321,-77.541039,,1660576056.1
515,,,0.0,,,,,,,,,,,,,,,15.0,66811.0,127.0,-77.62,,,,,,43.173302,-77.541023,,1660576056.2
516,,,0.0,,,,,,,,,,,,,,,15.0,66811.0,127.0,-78.34,,,,,,43.173283,-77.541008,0.0,1660576056.3
517,,,0.0,,,,,,,,,,,,,,,15.0,66811.0,127.0,-80.44,,,,,,43.17326,-77.540985,,1660576056.4
518,0.0,0.0,0.002,60.0,3730.08,127.0,-94.68,,,,,,,,,0.0,,15.0,66811.0,127.0,-82.27,0.0,,,,,43.173241,-77.54097,,1660576056.5
519,0.0,0.0,0.007,,,,,,,,,,,,,,,15.0,66811.0,127.0,-82.09,,,,,,43.173222,-77.540947,,1660576056.6
520,0.0,0.0,0.007,60.0,3730.08,127.0,-96.33,,,,,,,,,,,15.0,66811.0,127.0,-82.33,,,,,,43.173203,-77.540932,,1660576056.7
521,0.0,0.0,0.025,60.0,3730.08,127.0,-99.74,,,,,,,,,22.8,,15.0,66811.0,127.0,-85.73,3.45,,,,,43.17318,-77.540916,2.473,1660576056.8
522,0.0,3.83,0.015,,,,,,,,,,,,,21.04,,15.0,66811.0,127.0,-87.46,21.05,,,,,43.173161,-77.540894,,1660576056.9
523,25.0,15.21,15.459,60.0,3730.08,127.0,-103.28,,,,,,,,,,6.647,15.0,66811.0,127.0,-87.1,,,,,,43.173141,-77.540878,,1660576057.0
524,37.5,14.14,7.929,,,,,,,,,,,,,20.47,,15.0,66811.0,127.0,-89.39,8.57,,,,,43.173119,-77.540855,,1660576057.1
525,12.5,13.74,14.947,60.0,3730.08,127.0,-105.83,,,,,,,,,,,15.0,66811.0,127.0,-89.78,,,,,,43.1731,-77.54084,,1660576057.2
526,24.0,13.61,15.728,60.0,3730.08,127.0,-104.98,,,,,,,,,15.09,,15.0,66811.0,127.0,-88.72,11.63,,,,,43.17308,-77.540825,11.744,1660576057.3
527,3.85,11.85,14.439,,,,,,,,,,,,,14.33,,15.0,66811.0,127.0,-88.1,0.0,,,,,43.173061,-77.54081,,1660576057.4
528,6.67,13.96,20.698,60.0,3730.08,127.0,-106.05,,,,,,,,,,,15.0,66811.0,127.0,-88.46,,,,,,43.173038,-77.540787,,1660576057.5
529,4.17,12.65,10.78,,,,,,,,,,,,,17.52,,15.0,66811.0,127.0,-89.65,0.0,,,,,43.173019,-77.540771,,1660576057.6
530,4.35,10.55,15.219,60.0,3730.08,127.0,-106.96,,,,,,,,,19.19,,15.0,66811.0,127.0,-87.72,0.0,,,,,43.173,-77.540756,,1660576057.7
531,0.0,12.54,26.298,60.0,3730.08,127.0,-110.24,,,,,,,,,20.74,,15.0,66811.0,127.0,-87.47,0.0,,,,,43.172981,-77.540741,19.01,1660576057.8
532,0.0,10.12,26.241,,,,,,,,,,,,,,,15.0,66811.0,127.0,-83.81,,,,,,43.172962,-77.540726,,1660576057.9
533,0.0,9.92,16.721,60.0,3730.08,127.0,-110.63,,,,,,,,,22.25,17.028,15.0,66811.0,127.0,-85.24,0.0,0.38,0.846,0.555,,43.172939,-77.540703,,1660576058.0
534,0.0,11.61,21.314,60.0,3730.08,127.0,-110.02,,,,,,,,,23.61,,15.0,66811.0,127.0,-90.51,0.0,,,,,43.17292,-77.540688,,1660576058.1
535,0.0,11.68,24.849,,,,,,,,,,,,,23.91,,15.0,66811.0,127.0,-89.61,0.0,,,,,43.172901,-77.540672,,1660576058.2
536,0.0,12.74,33.728,60.0,3730.08,127.0,-110.88,,,,,,,,,24.0,,15.0,66811.0,127.0,-89.52,0.0,,,,,43.172882,-77.540657,31.599,1660576058.3
537,2.78,12.63,25.32,,,,,,,,,,,,,23.73,,15.0,66811.0,127.0,-89.2,4.55,,,,,43.172859,-77.540634,,1660576058.4
538,5.0,12.97,29.527,60.0,3730.08,127.0,-110.94,,,,,,,,,24.11,,15.0,66811.0,127.0,-90.17,9.52,,,,,43.17284,-77.540619,,1660576058.5
539,7.69,13.48,28.122,60.0,3730.08,127.0,-109.17,,,,,,,,,22.18,,15.0,66811.0,127.0,-92.91,29.41,,,,,43.172821,-77.540596,,1660576058.6
540,5.0,13.92,47.081,,,,,,,,,,,,,19.8,,15.0,66811.0,127.0,-92.44,19.51,,,,,43.172798,-77.540581,,1660576058.7
541,6.12,12.51,37.942,60.0,3730.08,127.0,-109.73,,,,,,,,,18.76,,15.0,66811.0,127.0,-91.73,5.0,,,,,43.172779,-77.540565,,1660576058.8
542,7.14,11.91,37.618,,,,,,,,,,,,,16.81,,15.0,66811.0,127.0,-92.67,20.41,,,,,43.17276,-77.540543,43.434,1660576058.9
543,2.63,12.38,44.208,,,,,,,,,,,,,,19.28,15.0,66811.0,127.0,-92.17,,4.804,8.245,10.556,,43.172741,-77.540527,,1660576059.0
544,6.56,10.81,39.819,60.0,,,,,,,,,,,,17.52,,15.0,66811.0,127.0,-91.13,18.28,,,,,43.172718,-77.540504,,1660576059.1
545,91.11,8.7,1.236,60.0,3730.08,127.0,-109.63,,,,,,,,,14.27,,15.0,66811.0,127.0,-92.5,18.37,,,,,43.172699,-77.540489,,1660576059.2
546,24.29,2.18,30.837,60.0,3730.08,127.0,-110.3,,,,,,,,,,,15.0,66811.0,127.0,-92.07,,,,,,43.17268,-77.540474,38.202,1660576059.3
547,11.65,1.77,24.628,,,,,,,,,,,,,13.33,,15.0,66811.0,127.0,-92.71,12.22,,,,,43.172661,-77.540459,,1660576059.4
548,0.0,1.82,8.596,60.0,3730.08,127.0,-111.25,,,,,,,,,11.93,,15.0,66811.0,127.0,-92.66,2.06,,,,,43.172642,-77.540436,,1660576059.5
549,6.93,1.96,20.107,,,,,,,,,,,,,13.0,,15.0,66811.0,127.0,-90.98,0.83,,,,,43.172623,-77.540421,,1660576059.6
550,6.74,1.56,18.451,60.0,3730.08,127.0,-112.2,,,,,,,,,15.73,,15.0,66811.0,127.0,-90.85,0.0,,,,,43.172604,-77.540405,,1660576059.7
551,2.17,1.89,22.456,60.0,3730.08,127.0,-112.95,,,,,,,,,16.53,,15.0,66811.0,127.0,-90.46,6.88,,,,,43.172585,-77.54039,,1660576059.8
552,10.16,1.92,21.092,,,,,,,,,,,,,15.05,,15.0,66811.0,127.0,-94.16,10.0,,,,,43.172565,-77.540375,65.825,1660576059.9
553,8.4,1.9,23.22,,,,,,,,,,,,,14.79,23.097,15.0,66811.0,127.0,-95.19,11.86,7.961,12.335,18.697,,43.172546,-77.540352,,1660576060.0
554,9.91,1.95,22.555,,,,,,,,,,,,,14.0,,15.0,66811.0,127.0,-94.45,5.63,,,,,43.172527,-77.540337,,1660576060.1
555,4.08,3.7,29.894,,,,,,,,,,,,,14.33,,15.0,66811.0,127.0,-94.92,9.09,,,,,43.172508,-77.540321,,1660576060.2
556,0.0,4.98,50.493,60.0,3730.08,127.0,-112.3,,,,,,,,,12.35,,15.0,66811.0,127.0,-95.51,11.17,,,,,43.172485,-77.540306,99.092,1660576060.3
557,1.32,10.36,74.72,,,,,,,,,,,,,12.5,,15.0,66811.0,127.0,-95.79,8.9,,,,,43.172466,-77.540291,,1660576060.4
558,2.53,11.47,76.583,,,,,,,,,,,,,12.4,,15.0,66811.0,127.0,-96.26,1.39,,,,,43.172443,-77.540268,,1660576060.5
559,4.67,11.78,113.513,,,,,,,,,,,,,15.22,,15.0,66811.0,127.0,-95.84,4.92,,,,,43.172424,-77.540253,,1660576060.6
560,6.9,11.74,90.354,,,,,,,,,,,,,15.14,,15.0,66811.0,127.0,-94.41,11.66,,,,,43.172401,-77.540237,,1660576060.7
561,8.9,11.65,136.171,,,,,,,,,,,,,15.55,,15.0,66811.0,127.0,-95.38,5.11,,,,,43.172382,-77.540222,161.855,1660576060.8
562,7.95,11.88,113.049,,,,,,,,,,,,,14.86,,15.0,66811.0,127.0,-96.04,5.15,,,,,43.172363,-77.540207,,1660576060.9
563,11.93,11.24,116.909,60.0,3730.08,127.0,-113.95,,,,,,,,,14.38,16.142,15.0,66811.0,127.0,-95.67,9.29,5.699,10.774,18.613,,43.17234,-77.540184,,1660576061.0
564,8.82,10.96,128.369,,,,,,,,,,,,,13.06,,15.0,66811.0,127.0,-95.69,12.22,,,,,43.172321,-77.540169,,1660576061.1
565,5.3,10.16,132.918,60.0,3730.08,127.0,-114.83,,,,,,,,,11.0,,15.0,66811.0,127.0,-98.02,11.31,,,,,43.172298,-77.540154,,1660576061.2
566,8.18,10.75,155.523,,,,,,,,,,,,,11.6,,15.0,66811.0,127.0,-97.71,9.15,,,,,43.172279,-77.540138,205.229,1660576061.3
567,0.0,3.57,6.396,,,,,,,,,,,,,10.0,,15.0,66811.0,127.0,-97.97,0.0,,,,,43.17226,-77.540115,,1660576061.4
568,,,0.0,60.0,3730.08,127.0,-114.12,,,,,,,,,,,15.0,66811.0,127.0,-95.52,,,,,,43.172237,-77.5401,,1660576061.5
569,,,0.0,,,,,,,,,,,,,8.25,,15.0,66811.0,127.0,-96.9,3.57,,,,,43.172218,-77.540085,,1660576061.6
570,,,0.0,60.0,3730.08,127.0,-114.88,,,,,,,,,,,15.0,66811.0,127.0,-96.96,,,,,,43.172199,-77.54007,,1660576061.7
571,,,0.0,,,,,,,,,,,,,,,15.0,66811.0,127.0,-94.67,,,,,,43.17218,-77.540047,0.014,1660576061.8
572,,,0.0,60.0,3730.08,127.0,-114.88,,,,,,,,,4.0,,15.0,66811.0,127.0,-96.14,0.0,,,,,43.172161,-77.540031,,1660576061.9
573,,,0.0,,,,,,,,,,,,,,0.0,15.0,66811.0,127.0,-96.74,,,,,,43.172138,-77.540016,,1660576062.0
574,,,0.0,60.0,3730.08,127.0,-113.91,,,,,,,,,,,15.0,66811.0,127.0,-97.28,,,,,,43.172119,-77.539993,,1660576062.1
575,,,0.0,60.0,3730.08,127.0,-113.82,,,,,,,,,,,15.0,66811.0,127.0,-98.14,,,,,,43.1721,-77.539978,,1660576062.2
576,,,0.0,,,,,,,,,,,,,,,15.0,66811.0,127.0,-97.53,,,,,,43.172077,-77.539963,0.0,1660576062.3
577,,,0.0,60.0,3730.08,127.0,-113.45,,,,,,,,,,,15.0,66811.0,127.0,-97.29,,,,,,43.172058,-77.539948,,1660576062.4
578,,,0.0,,,,,,,,,,,,,,,15.0,66811.0,127.0,-97.5,,,,,,43.172035,-77.539932,,1660576062.5
579,,,0.0,60.0,3730.08,127.0,-115.47,,,,,,,,,,,15.0,66811.0,127.0,-99.33,,,,,,43.172016,-77.539917,,1660576062.6
580,,,0.0,60.0,3730.08,127.0,-115.19,,,,,,,,,,,15.0,66811.0,127.0,-98.18,,,,,,43.171997,-77.539902,,1660576062.7
581,,,0.0,,,,,,,,,,,,,0.0,,15.0,66811.0,127.0,-98.99,0.0,,,,,43.171974,-77.539894,0.0,1660576062.8
582,0.0,0.0,0.003,60.0,3730.08,127.0,-116.56,,,,,,,,,,,15.0,66811.0,127.0,-99.73,,,,,,43.171955,-77.539879,,1660576062.9
583,,,0.0,60.0,,,,,,,,,,,,,0.004,15.0,66811.0,127.0,-99.91,,,,,,43.171932,-77.539864,,1660576063.0
584,,,,,,,,,,,,,,,eventA2,,,,,,,,,,,,43.171925,-77.539856,,1660576063.040137
585,,,0.0,,,,,,,,,,,,,0.0,,15.0,66811.0,127.0,-100.7,0.0,,,,,43.171913,-77.539848,,1660576063.1
586,,,0.0,60.0,3730.08,127.0,-115.95,,,,,,,,,,,15.0,66811.0,127.0,-99.88,,,,,,43.17189,-77.539833,,1660576063.2
587,,,,,,,,,,,,,,,,,,15.0,66811.0,127.0,-100.18,,,,,,43.171867,-77.539818,0.0,1660576063.3
588,,,0.0,60.0,3730.08,127.0,-116.9,,,,,,,,,,,15.0,66811.0,127.0,-99.85,,,,,,43.171848,-77.539803,,1660576063.4
589,,,0.0,60.0,3730.08,127.0,-116.38,,,,,,,,,,,15.0,66811.0,127.0,-100.74,,,,,,43.171825,-77.539787,,1660576063.5
590,,,0.0,,,,,,,,,,,,,,,15.0,66811.0,127.0,-99.78,,,,,,43.171806,-77.539772,,1660576063.6
591,,,0.0,,,,,,,,,,,,,,,15.0,66811.0,127.0,-100.96,,,,,,43.171783,-77.539764,,1660576063.7
592,,,,,,,,,,,,,,,,,,15.0,66811.0,127.0,-101.19,,,,,,43.171764,-77.539749,0.0,1660576063.8
593,,,0.0,60.0,3730.08,127.0,-118.69,,,,,,,,,,,15.0,66811.0,127.0,-100.95,,,,,,43.171745,-77.539734,,1660576063.9
594,,,0.0,60.0,3730.08,127.0,-120.58,,,,,,,,,,0.015,15.0,66811.0,127.0,-100.84,,,,,,43.171722,-77.539719,,1660576064.0
595,,,,,,,,,,,,,,,,,,15.0,66811.0,127.0,-101.76,,,,,,43.171703,-77.539703,,1660576064.1
596,,,0.0,60.0,3730.08,127.0,-117.81,,,,,,,,,,,15.0,66811.0,127.0,-100.32,,,,,,43.17168,-77.539688,,1660576064.2
597,,,0.0,,,,,,,,,,,,,5.5,,15.0,66811.0,127.0,-103.52,0.0,,,,,43.171658,-77.539673,0.0,1660576064.3
598,,,,,,,,,,,,,,,,,,15.0,66811.0,127.0,-101.89,,,,,,43.171635,-77.539658,,1660576064.4
599,,,0.0,60.0,3730.08,127.0,-142.12,,,,,,,,,,,15.0,66811.0,127.0,-101.03,,,,,,43.171616,-77.53965,,1660576064.5
600,,,,,,,,,,,,,,,,,,15.0,66811.0,127.0,-105.21,,,,,,43.171593,-77.539635,,1660576064.6
601,,,,,,,,,,,,,,,eventA2,,,,,,,,,,,,43.17157,-77.539619,,1660576064.697145
602,,,,,,,,,,,,,,,eventA2,,,,,,,,,,,,43.17157,-77.539619,,1660576064.69716
603,,,0.0,60.0,3730.08,127.0,-125.15,,,,,,,,,,,15.0,66811.0,127.0,-103.08,,,,,,43.17157,-77.539619,,1660576064.7
604,,,,,,,,,,,,,,,,,,15.0,66811.0,127.0,-105.53,,,,,,43.171547,-77.539604,0.0,1660576064.8
605,,,,,,,,,,,,,,,,1.75,,15.0,66811.0,127.0,-107.15,12.5,,,,,43.171524,-77.539589,,1660576064.9
606,,,,,,,,,,,,,,,,,0.0,15.0,66811.0,127.0,-107.39,,,,,,43.171505,-77.539581,,1660576065.0
607,,,,,,,,,,,,,,,,,,15.0,66811.0,127.0,-106.11,,,,,,43.171482,-77.539566,,1660576065.1
608,,,,,,,,,,,,,,,,,,15.0,66811.0,127.0,-107.89,,,,,,43.171459,-77.539551,,1660576065.2
609,,,,,,,,,,,,,,,,,,15.0,66811.0,127.0,-109.61,,,,,,43.171436,-77.539536,0.0,1660576065.3
610,,,,,,,,,,,,,,,,,,15.0,66811.0,127.0,-107.4,,,,,,43.171417,-77.539528,,1660576065.4
611,,,,,,,,,,,,,,,,,,15.0,66811.0,127.0,-107.96,,,,,,43.171394,-77.539513,,1660576065.5
612,,,,,,,,,,,,,,,,,,15.0,66811.0,127.0,-109.73,,,,,,43.171371,-77.539505,,1660576065.6
613,,,,,,,,,,,,,,,,,,15.0,66811.0,127.0,-109.95,,,,,,43.171349,-77.53949,,1660576065.7
614,,,,,,,,,,,,,,,,0.0,,15.0,66811.0,127.0,-107.65,0.0,,,,,43.171329,-77.539474,0.0,1660576065.8
615,,,,,,,,,,,,,,,,,,15.0,66811.0,127.0,-106.45,,,,,,43.171307,-77.539467,,1660576065.9
616,,,,,,,,,,,,,,,,,1.895,15.0,66811.0,127.0,-104.89,,,,,,43.171284,-77.539452,,1660576066.0
617,,,,,,,,,,,,,,,,0.0,,15.0,66811.0,127.0,-109.65,0.0,,,,,43.171265,-77.539444,,1660576066.1
618,,,,,,,,,,,,,,,,,,15.0,66811.0,127.0,-107.26,,,,,,43.171242,-77.539429,,1660576066.2
619,,,,,,,,,,,,,,,,4.61,,15.0,66811.0,127.0,-104.03,0.0,,,,,43.171219,-77.539421,0.612,1660576066.3
620,,,,,,,,,,,,,,,,7.4,,15.0,66811.0,127.0,-105.29,5.26,,,,,43.171196,-77.539406,,1660576066.4
621,,,,,,,,,,,,,,,,8.35,,15.0,66811.0,127.0,-107.71,8.89,,,,,43.171177,-77.539398,,1660576066.5
622,,,,,,,,,,,,,,,,,,15.0,66811.0,127.0,-104.66,,,,,,43.171154,-77.539391,,1660576066.6
623,,,,,,,,,,,,,,,,5.44,,15.0,66811.0,127.0,-103.19,0.0,,,,,43.171131,-77.539383,,1660576066.7
624,,,,,,,,,,,,,,,,,,15.0,66811.0,127.0,-102.97,,,,,,43.171108,-77.539368,2.199,1660576066.8
625,,,,,,,,,,,,,,,,,,15.0,66811.0,127.0,-105.52,,,,,,43.171085,-77.53936,,1660576066.9
626,,,,,,,,,,,,,,,,8.0,0.107,15.0,66811.0,127.0,-108.71,8.33,,,,,43.171066,-77.539352,,1660576067.0
627,,,,,,,,,,,,,,,,,,15.0,66811.0,127.0,-108.16,,,,,,43.171043,-77.539337,,1660576067.1
628,,,,,,,,,,,,,,,,,,15.0,66811.0,127.0,-107.04,,,,,,43.171021,-77.53933,,1660576067.2
629,,,,,,,,,,,,,,,,0.0,,15.0,66811.0,127.0,-104.24,0.0,,,,,43.170998,-77.539322,0.001,1660576067.3
630,,,,,,,,,,,,,,,,,,15.0,66811.0,127.0,-102.99,,,,,,43.170975,-77.539314,,1660576067.4
631,,,,,,,,,,,,,,,,,,15.0,66811.0,127.0,-104.99,,,,,,43.170956,-77.539307,,1660576067.5
632,,,,,,,,,,,,,,,,0.0,,15.0,66811.0,127.0,-106.3,0.0,,,,,43.170933,-77.539299,,1660576067.6
633,,,,,,,,,,,,,,,,,,15.0,66811.0,127.0,-107.78,,,,,,43.17091,-77.539291,,1660576067.7
634,,,,,,,,,,,,,,,,,,15.0,66811.0,127.0,-106.44,,,,,,43.170887,-77.539284,0.0,1660576067.8
635,,,,,,,,,,,,,,,eventB1_NR_r15,,,,,,,,,,,,43.170883,-77.539284,,1660576067.823838
636,,,,,,,,,,,,,,,,0.0,,15.0,66811.0,127.0,-101.42,0.0,,,,,43.170864,-77.539276,,1660576067.9
637,,,,,,,,,,,,,,,,,0.0,15.0,66811.0,127.0,-101.8,,,,,,43.170845,-77.539268,,1660576068.0
638,,,,,,,,,,,,,,,,,,15.0,66811.0,127.0,-105.14,,,,,,43.170822,-77.539261,,1660576068.1
639,,,,,,,,,,,,,,,,,,15.0,66811.0,127.0,-109.08,,,,,,43.170799,-77.539253,,1660576068.2
640,,,,,,,,,,,,,,,,,,15.0,66811.0,127.0,-108.49,,,,,,43.170776,-77.539246,0.0,1660576068.3
641,,,,,,,,,,,,,,,,,,15.0,66811.0,127.0,-104.78,,,,,,43.170753,-77.539238,,1660576068.4
642,,,,,,,,,,,,,,,,,,15.0,66811.0,127.0,-103.75,,,,,,43.170731,-77.53923,,1660576068.5
643,,,,,,,,,,,,,,,,,,15.0,66811.0,127.0,-105.13,,,,,,43.170708,-77.539223,,1660576068.6
644,,,,,,,,,,,,,,,,,,15.0,66811.0,127.0,-106.91,,,,,,43.170685,-77.539215,,1660576068.7
645,,,,,,,,,,,,,,,,0.0,,15.0,66811.0,127.0,-109.63,0.0,,,,,43.170662,-77.539207,0.0,1660576068.8
646,,,,,,,,,,,,,,,,,,15.0,66811.0,127.0,-113.44,,,,,,43.170639,-77.5392,,1660576068.9
647,,,,,,,,,,,,,,,,,0.001,15.0,66811.0,127.0,-113.71,,,,,,43.170616,-77.539192,,1660576069.0
648,,,,,,,,,,,,,,,,,,15.0,66811.0,127.0,-113.08,,,,,,43.170593,-77.539185,,1660576069.1
649,,,,,,,,,,,,,,,,,,15.0,66811.0,127.0,-113.8,,,,,,43.17057,-77.539177,,1660576069.2
650,,,,,,,,,,,,,,,eventA2,,,,,,,,,,,,43.17057,-77.539177,,1660576069.259068
651,,,,,,,,,,,,,,,,,,15.0,66811.0,127.0,-112.66,,,,,,43.17057,-77.539177,,1660576069.3
652,,,,,,,,,,,,,,,,0.0,,15.0,66811.0,127.0,-114.52,0.0,,,,,43.17057,-77.539177,,1660576069.4
653,,,,,,,,,,,,,,,,,,15.0,66811.0,127.0,-113.29,,,,,,43.17057,-77.539177,,1660576069.5
654,,,,,,,,,,,,,,,,,,15.0,66811.0,127.0,-110.94,,,,,,43.17057,-77.539177,,1660576069.6
655,,,,,,,,,,,,,,,,,,15.0,66811.0,127.0,-110.75,,,,,,43.17057,-77.539177,,1660576069.7
656,,,,,,,,,,,,,,,,,,,,,,,,,,,43.032459,-77.455521,0.0,1660576069.3
