TIME_STAMP,Lon,Lat,Event Technology,LTE KPI MAC DL Throughput[Mbps],LTE KPI CA Type,5G KPI Total Info Layer2 MAC DL Throughput [Mbps],5G KPI Total Info DL CA Type,5G KPI PCell RF Frequency [MHz],5G KPI PCell RF Serving SSB Idx,5G KPI PCell RF Best Beam SSB Idx,Smart Phone Smart Throughput Mobile Network DL Throughput [Mbps]
2022-08-13 12:29:52.000000,-87.624268,41.894112,5G-NR_NSA(2CA),,,0.000,,,,,0.000
2022-08-13 12:29:52.100000,-87.624268,41.894112,,,,0.000,,2638.95,0,0,
2022-08-13 12:29:52.200000,-87.624268,41.894112,,,NonCA,0.000,,,,,
2022-08-13 12:29:52.300000,-87.624268,41.894112,,,,0.000,,2638.95,0,0,
2022-08-13 12:29:52.400000,-87.624268,41.894112,,,,0.000,,,,,
2022-08-13 12:29:52.500000,-87.624268,41.894112,,,NonCA,0.000,,2638.95,0,0,0.000
2022-08-13 12:29:52.600000,-87.624268,41.894112,,,,0.000,,2638.95,0,0,
2022-08-13 12:29:52.700000,-87.624268,41.894112,,,,0.000,,,,,
2022-08-13 12:29:52.800000,-87.624268,41.894112,,,NonCA,0.000,,2638.95,0,0,
2022-08-13 12:29:52.900000,-87.624268,41.894112,,,,0.000,,,,,
2022-08-13 12:29:53.000000,-87.624268,41.894112,5G-NR_NSA(2CA),0.000,,0.000,,2638.95,0,0,0.000
2022-08-13 12:29:53.100000,-87.624268,41.894112,,,NonCA,0.000,,,,,
2022-08-13 12:29:53.200000,-87.624268,41.894112,,,,0.000,,2638.95,0,0,
2022-08-13 12:29:53.300000,-87.624268,41.894112,,,,0.000,,2638.95,0,0,
2022-08-13 12:29:53.400000,-87.624268,41.894112,,,NonCA,0.013,DL NonCA,,,,
2022-08-13 12:29:53.500000,-87.624268,41.894112,,,,0.000,,,,,0.000
2022-08-13 12:29:53.600000,-87.624268,41.894112,,,,0.000,,2638.95,0,0,
2022-08-13 12:29:53.700000,-87.624268,41.894112,,,,0.000,,,,,
2022-08-13 12:29:53.800000,-87.624268,41.894112,,,NonCA,0.000,,2638.95,0,0,
2022-08-13 12:29:53.900000,-87.624268,41.894112,,,,0.011,DL NonCA,2638.95,0,0,
2022-08-13 12:29:54.000000,-87.624268,41.894112,5G-NR_NSA(2CA),,,0.000,,,,,0.000
2022-08-13 12:29:54.100000,-87.624268,41.894112,,,NonCA,0.000,,,,,
2022-08-13 12:29:54.200000,-87.624268,41.894112,,,,0.000,,2638.95,0,0,
2022-08-13 12:29:54.300000,-87.624268,41.894112,,,,0.000,,,,,
2022-08-13 12:29:54.400000,-87.624268,41.894112,,,NonCA,0.000,,2638.95,0,0,
2022-08-13 12:29:54.500000,-87.624268,41.894112,,,,0.000,,2638.95,0,0,0.000
2022-08-13 12:29:54.600000,-87.624268,41.894112,,,,0.000,,,,,
2022-08-13 12:29:54.700000,-87.624268,41.894112,,,NonCA,0.000,,,,,
2022-08-13 12:29:54.800000,-87.624268,41.894112,,,,0.000,,2638.95,0,0,
2022-08-13 12:29:54.900000,-87.624268,41.894112,,,,0.000,,,,,
2022-08-13 12:29:55.000000,-87.624268,41.894112,5G-NR_NSA(2CA),0.000,NonCA,0.000,,2638.95,0,0,0.000
2022-08-13 12:29:55.100000,-87.624268,41.894112,,,,0.009,DL NonCA,2638.95,0,0,
2022-08-13 12:29:55.200000,-87.624268,41.894112,,,,0.046,DL NonCA,,,,
2022-08-13 12:29:55.300000,-87.624268,41.894112,,,,0.040,DL NonCA,2638.95,0,0,
2022-08-13 12:29:55.400000,-87.624268,41.894112,,,NonCA,1.343,DL NonCA,,,,
2022-08-13 12:29:55.500000,-87.624268,41.894112,,,,6.144,DL NonCA,2638.95,0,0,1.594
2022-08-13 12:29:55.600000,-87.624268,41.894112,,,,22.792,DL NonCA,2638.95,0,0,
2022-08-13 12:29:55.700000,-87.624268,41.894112,,,NonCA,19.993,DL NonCA,,,,
2022-08-13 12:29:55.800000,-87.624268,41.894112,,,,22.686,DL NonCA,2638.95,0,0,
2022-08-13 12:29:55.900000,-87.624268,41.894112,,,,24.666,DL NonCA,,,,
2022-08-13 12:29:56.000000,-87.624268,41.894112,5G-NR_NSA(2CA),,NonCA,29.067,DL NonCA,2638.95,0,0,22.905
2022-08-13 12:29:56.100000,-87.624268,41.894112,,,,37.899,DL NonCA,2638.95,0,0,
2022-08-13 12:29:56.200000,-87.624268,41.894112,,,,36.540,DL NonCA,,,,
2022-08-13 12:29:56.300000,-87.624268,41.894112,,,NonCA,35.284,DL NonCA,2638.95,0,0,
2022-08-13 12:29:56.400000,-87.624268,41.894112,,,,46.604,DL NonCA,2638.95,0,0,
2022-08-13 12:29:56.500000,-87.624268,41.894112,,,,43.057,DL NonCA,,,,37.178
2022-08-13 12:29:56.600000,-87.624268,41.894112,,,NonCA,49.527,DL NonCA,2638.95,0,0,
2022-08-13 12:29:56.700000,-87.624268,41.894112,,,,45.575,DL NonCA,2638.95,0,0,
2022-08-13 12:29:56.800000,-87.624268,41.894112,,,,75.845,DL NonCA,,,,
2022-08-13 12:29:56.900000,-87.624268,41.894112,,,,55.702,DL NonCA,2638.95,0,0,
2022-08-13 12:29:57.000000,-87.624268,41.894112,5G-NR_NSA(2CA),,NonCA,66.356,DL NonCA,,,,51.588
2022-08-13 12:29:57.100000,-87.624268,41.894112,,,,75.167,DL 2CA,2638.95,0,0,
2022-08-13 12:29:57.200000,-87.624268,41.894112,,,,83.614,DL 2CA,2638.95,0,0,
2022-08-13 12:29:57.300000,-87.624268,41.894112,,,NonCA,81.202,DL 2CA,,,,
2022-08-13 12:29:57.400000,-87.624268,41.894112,,,,74.711,DL 2CA,2638.95,0,0,
2022-08-13 12:29:57.500000,-87.624268,41.894112,,,,98.324,DL 2CA,2638.95,0,0,79.092
2022-08-13 12:29:57.600000,-87.624268,41.894112,,,NonCA,124.143,DL 2CA,,,,
2022-08-13 12:29:57.700000,-87.624268,41.894112,,,,82.025,DL 2CA,2638.95,0,0,
2022-08-13 12:29:57.800000,-87.624268,41.894112,,,,149.580,DL 2CA,,,,
2022-08-13 12:29:57.900000,-87.624268,41.894112,,,NonCA,76.721,DL 2CA,2638.95,0,0,
2022-08-13 12:29:58.000000,-87.624268,41.894112,5G-NR_NSA(2CA),0.032,,12.206,DL 2CA,2638.95,0,0,75.331
2022-08-13 12:29:58.100000,-87.624268,41.894112,,,,38.097,DL 2CA,,,,
2022-08-13 12:29:58.200000,-87.624268,41.894112,,,NonCA,64.106,DL 2CA,2638.95,0,0,
2022-08-13 12:29:58.300000,-87.624268,41.894112,,,NonCA,17.143,DL NonCA,,,,
2022-08-13 12:29:58.400000,-87.624268,41.894112,,,NonCA,77.957,DL 2CA,2638.95,0,0,
2022-08-13 12:29:58.500000,-87.624268,41.894112,,,,151.038,DL 2CA,2638.95,0,0,71.162
2022-08-13 12:29:58.600000,-87.624268,41.894112,,,NonCA,160.950,DL 2CA,,,,
2022-08-13 12:29:58.700000,-87.624268,41.894112,,,NonCA,164.653,DL 2CA,2638.95,0,0,
2022-08-13 12:29:58.800000,-87.624268,41.894112,,,,165.499,DL 2CA,2638.95,0,0,
2022-08-13 12:29:58.900000,-87.624268,41.894112,,,NonCA,186.090,DL 2CA,,,,
2022-08-13 12:29:59.000000,-87.624268,41.894112,5G-NR_NSA(2CA),,,181.488,DL 2CA,2638.95,0,0,159.516
2022-08-13 12:29:59.100000,-87.624268,41.894112,,,,220.251,DL 2CA,2638.95,0,0,
2022-08-13 12:29:59.200000,-87.624268,41.894112,,,NonCA,240.255,DL 2CA,,,,
2022-08-13 12:29:59.300000,-87.624268,41.894112,,,,176.707,DL 2CA,2638.95,0,0,
2022-08-13 12:29:59.400000,-87.624268,41.894112,,,,221.723,DL 2CA,,,,
2022-08-13 12:29:59.500000,-87.624268,41.894112,,,NonCA,291.930,DL 2CA,2638.95,0,0,209.839
2022-08-13 12:29:59.600000,-87.624268,41.894112,,,,316.038,DL 2CA,,,,
2022-08-13 12:29:59.700000,-87.624268,41.894112,,,,267.956,DL 2CA,2638.95,0,0,
2022-08-13 12:29:59.800000,-87.624268,41.894112,,,,246.522,DL 2CA,2638.95,0,0,
2022-08-13 12:29:59.900000,-87.624268,41.894112,,,NonCA,326.425,DL 2CA,,,,
2022-08-13 12:30:00.000000,-87.624268,41.894112,5G-NR_NSA(2CA),0.096,,324.341,DL 2CA,,,,282.402
2022-08-13 12:30:00.100000,-87.624268,41.894112,,,,329.783,DL 2CA,,,,
2022-08-13 12:30:00.200000,-87.624268,41.894112,,,,368.954,DL 2CA,,,,
2022-08-13 12:30:00.300000,-87.624268,41.894112,,,,359.189,DL 2CA,2638.95,0,0,
2022-08-13 12:30:00.400000,-87.624268,41.894112,,,,370.944,DL 2CA,,,,
2022-08-13 12:30:00.500000,-87.624268,41.894112,,,NonCA,360.309,DL 2CA,2638.95,0,0,329.913
2022-08-13 12:30:00.600000,-87.624268,41.894112,,,NonCA,311.689,DL 2CA,2638.95,0,0,
2022-08-13 12:30:00.700000,-87.624268,41.894112,,,NonCA,165.206,DL 2CA,,,,
2022-08-13 12:30:00.800000,-87.624268,41.894112,,,NonCA,416.804,DL 2CA,,,,
2022-08-13 12:30:00.900000,-87.624268,41.894112,,,NonCA,393.062,DL 2CA,,,,
2022-08-13 12:30:01.000000,-87.624268,41.894112,5G-NR_NSA(2CA),2.401,NonCA,431.739,DL 2CA,,,,325.452
2022-08-13 12:30:01.100000,-87.624268,41.894112,,,NonCA,444.439,DL 2CA,2638.95,0,0,
2022-08-13 12:30:01.200000,-87.624268,41.894112,,,NonCA,356.478,DL 2CA,,,,
2022-08-13 12:30:01.300000,-87.624268,41.894112,,,NonCA,481.827,DL 2CA,,,,
2022-08-13 12:30:01.400000,-87.624268,41.894112,,,NonCA,396.539,DL 2CA,,,,
2022-08-13 12:30:01.500000,-87.624268,41.894112,,,NonCA,395.631,DL 2CA,,,,391.215
2022-08-13 12:30:01.600000,-87.624268,41.894112,,,NonCA,374.270,DL 2CA,,,,
2022-08-13 12:30:01.700000,-87.624268,41.894112,,,NonCA,514.866,DL 2CA,,,,
2022-08-13 12:30:01.800000,-87.624268,41.894112,,,NonCA,377.601,DL 2CA,2638.95,0,0,
2022-08-13 12:30:01.900000,-87.624268,41.894112,,,NonCA,347.423,DL 2CA,,,,
2022-08-13 12:30:02.000000,-87.624268,41.894112,5G-NR_NSA(2CA),6.572,NonCA,379.459,DL 2CA,,,,348.924
2022-08-13 12:30:02.100000,-87.624268,41.894112,,,NonCA,437.068,DL 2CA,2638.95,0,0,
2022-08-13 12:30:02.200000,-87.624268,41.894112,,,NonCA,454.147,DL 2CA,,,,
2022-08-13 12:30:02.300000,-87.624268,41.894112,,,NonCA,133.241,DL 2CA,2638.95,0,0,
2022-08-13 12:30:02.400000,-87.624268,41.894112,,,NonCA,93.829,DL 2CA,2638.95,0,0,
2022-08-13 12:30:02.500000,-87.624268,41.894112,,,NonCA,78.372,DL 2CA,,,,220.448
2022-08-13 12:30:02.600000,-87.624268,41.894112,,,NonCA,308.371,DL 2CA,,,,
2022-08-13 12:30:02.700000,-87.624268,41.894112,,,NonCA,429.101,DL 2CA,2638.95,0,0,
2022-08-13 12:30:02.800000,-87.624268,41.894112,,,NonCA,439.952,DL 2CA,,,,
2022-08-13 12:30:02.900000,-87.624268,41.894112,,,NonCA,364.645,DL 2CA,,,,
2022-08-13 12:30:03.000000,-87.624268,41.894112,5G-NR_NSA(2CA),17.269,NonCA,366.790,DL 2CA,2638.95,0,0,413.698
2022-08-13 12:30:03.100000,-87.624268,41.894112,,,NonCA,423.707,DL 2CA,,,,
2022-08-13 12:30:03.200000,-87.624268,41.894112,,,NonCA,386.209,DL 2CA,,,,
2022-08-13 12:30:03.300000,-87.624268,41.894112,,,NonCA,341.042,DL 2CA,,,,
2022-08-13 12:30:03.400000,-87.624268,41.894112,,,NonCA,420.804,DL 2CA,,,,
2022-08-13 12:30:03.500000,-87.624268,41.894112,,,NonCA,401.884,DL 2CA,,,,378.348
2022-08-13 12:30:03.600000,-87.624268,41.894112,,,NonCA,371.434,DL 2CA,,,,
2022-08-13 12:30:03.700000,-87.624268,41.894112,,,NonCA,442.256,DL 2CA,,,,
2022-08-13 12:30:03.800000,-87.624268,41.894112,,,NonCA,403.567,DL 2CA,,,,
2022-08-13 12:30:03.900000,-87.624268,41.894112,,,NonCA,346.696,DL 2CA,2638.95,0,0,
2022-08-13 12:30:04.000000,-87.624268,41.894112,5G-NR_NSA(2CA),6.060,NonCA,366.735,DL 2CA,2638.95,0,0,353.995
2022-08-13 12:30:04.100000,-87.624268,41.894112,,,NonCA,326.680,DL 2CA,,,,
2022-08-13 12:30:04.200000,-87.624268,41.894112,,,NonCA,435.054,DL 2CA,,,,
2022-08-13 12:30:04.300000,-87.624268,41.894112,,,NonCA,417.830,DL 2CA,2638.95,0,0,
2022-08-13 12:30:04.400000,-87.624268,41.894112,,,NonCA,383.466,DL 2CA,,,,
2022-08-13 12:30:04.500000,-87.624268,41.894112,,,NonCA,257.132,DL 2CA,2638.95,0,0,306.332
2022-08-13 12:30:04.600000,-87.624268,41.894112,,,NonCA,227.347,DL 2CA,2638.95,0,0,
2022-08-13 12:30:04.700000,-87.624268,41.894112,,,NonCA,301.838,DL 2CA,,,,
2022-08-13 12:30:04.800000,-87.624268,41.894112,,,NonCA,322.663,DL 2CA,2638.95,0,0,
2022-08-13 12:30:04.900000,-87.624268,41.894112,,,NonCA,241.535,DL 2CA,,,,
2022-08-13 12:30:05.000000,-87.624268,41.894112,5G-NR_NSA(2CA),10.244,NonCA,306.908,DL 2CA,2638.95,0,0,328.608
2022-08-13 12:30:05.100000,-87.624268,41.894112,,,NonCA,378.367,DL 2CA,2638.95,0,0,
2022-08-13 12:30:05.200000,-87.624268,41.894112,,,NonCA,439.672,DL 2CA,,,,
2022-08-13 12:30:05.300000,-87.624268,41.894112,,,NonCA,451.646,DL 2CA,2638.95,0,0,
2022-08-13 12:30:05.400000,-87.624268,41.894112,,,NonCA,348.123,DL 2CA,,,,
2022-08-13 12:30:05.500000,-87.624268,41.894112,,,NonCA,292.962,DL 2CA,2638.95,0,0,376.357
2022-08-13 12:30:05.600000,-87.624268,41.894112,,,NonCA,421.273,DL 2CA,2638.95,0,0,
2022-08-13 12:30:05.700000,-87.624268,41.894112,,,NonCA,483.584,DL 2CA,,,,
2022-08-13 12:30:05.800000,-87.624268,41.894112,,,NonCA,463.639,DL 2CA,2638.95,0,0,
2022-08-13 12:30:05.900000,-87.624268,41.894112,,,NonCA,463.463,DL 2CA,,,,
2022-08-13 12:30:06.000000,-87.624268,41.894112,5G-NR_NSA(2CA),9.010,NonCA,432.919,DL 2CA,,,,433.813
2022-08-13 12:30:06.100000,-87.624268,41.894112,,,NonCA,424.432,DL 2CA,2638.95,0,0,
2022-08-13 12:30:06.200000,-87.624268,41.894112,,,NonCA,398.020,DL 2CA,,,,
2022-08-13 12:30:06.300000,-87.624268,41.894112,,,NonCA,432.333,DL 2CA,2638.95,0,0,
2022-08-13 12:30:06.400000,-87.624268,41.894112,,,NonCA,419.904,DL 2CA,,,,
2022-08-13 12:30:06.500000,-87.624268,41.894112,,,NonCA,374.159,DL 2CA,,,,417.613
2022-08-13 12:30:06.600000,-87.624268,41.894112,,,NonCA,407.447,DL 2CA,,,,
2022-08-13 12:30:06.700000,-87.624268,41.894112,,,NonCA,430.186,DL 2CA,2638.95,0,0,
2022-08-13 12:30:06.800000,-87.624268,41.894112,,,NonCA,444.947,DL 2CA,,,,
2022-08-13 12:30:06.900000,-87.624268,41.894112,,,NonCA,454.270,DL 2CA,,,,
2022-08-13 12:30:07.000000,-87.624268,41.894112,5G-NR_NSA(2CA),5.679,NonCA,427.219,DL 2CA,2638.95,0,0,419.405
2022-08-13 12:30:07.100000,-87.624268,41.894112,,,NonCA,396.904,DL 2CA,,,,
2022-08-13 12:30:07.200000,-87.624268,41.894112,,,NonCA,383.099,DL 2CA,2638.95,0,0,
2022-08-13 12:30:07.300000,-87.624268,41.894112,,,NonCA,334.091,DL 2CA,,,,
2022-08-13 12:30:07.400000,-87.624268,41.894112,,,NonCA,489.053,DL 2CA,,,,
2022-08-13 12:30:07.500000,-87.624268,41.894112,,,NonCA,427.528,DL 2CA,2638.95,0,0,404.597
2022-08-13 12:30:07.600000,-87.624268,41.894112,,,NonCA,387.242,DL 2CA,,,,
2022-08-13 12:30:07.700000,-87.624268,41.894112,,,NonCA,379.650,DL 2CA,,,,
2022-08-13 12:30:07.800000,-87.624268,41.894112,,,NonCA,400.592,DL 2CA,,,,
2022-08-13 12:30:07.900000,-87.624268,41.894112,,,NonCA,259.911,DL 2CA,,,,
2022-08-13 12:30:08.000000,-87.624268,41.894112,5G-NR_NSA(2CA),3.311,NonCA,398.376,DL 2CA,,,,356.707
2022-08-13 12:30:08.100000,-87.624268,41.894112,,,NonCA,431.403,DL 2CA,,,,
2022-08-13 12:30:08.200000,-87.624268,41.894112,,,NonCA,422.174,DL 2CA,,,,
2022-08-13 12:30:08.300000,-87.624268,41.894112,,,NonCA,380.179,DL 2CA,2638.95,0,0,
2022-08-13 12:30:08.400000,-87.624268,41.894112,,,NonCA,242.452,DL 2CA,,,,
2022-08-13 12:30:08.500000,-87.624268,41.894112,,,NonCA,194.169,DL 2CA,,,,343.038
2022-08-13 12:30:08.600000,-87.624268,41.894112,,,NonCA,395.417,DL 2CA,,,,
2022-08-13 12:30:08.700000,-87.624268,41.894112,,,NonCA,367.740,DL 2CA,,,,
2022-08-13 12:30:08.800000,-87.624268,41.894112,,,NonCA,318.641,DL 2CA,2638.95,0,0,
2022-08-13 12:30:08.900000,-87.624268,41.894112,,,NonCA,406.569,DL 2CA,,,,
2022-08-13 12:30:09.000000,-87.624268,41.894112,5G-NR_NSA(2CA),2.066,NonCA,417.820,DL 2CA,,,,338.868
2022-08-13 12:30:09.100000,-87.624268,41.894112,,,NonCA,381.510,DL 2CA,2638.95,0,0,
2022-08-13 12:30:09.200000,-87.624268,41.894112,,,NonCA,411.534,DL 2CA,,,,
2022-08-13 12:30:09.300000,-87.624268,41.894112,,,NonCA,444.677,DL 2CA,2638.95,0,0,
2022-08-13 12:30:09.400000,-87.624268,41.894112,,,NonCA,404.182,DL 2CA,,,,
2022-08-13 12:30:09.500000,-87.624268,41.894112,,,NonCA,348.221,DL 2CA,,,,442.377
2022-08-13 12:30:09.600000,-87.624268,41.894112,,,NonCA,391.755,DL 2CA,2638.95,0,0,
2022-08-13 12:30:09.700000,-87.624268,41.894112,,,NonCA,328.151,DL 2CA,,,,
2022-08-13 12:30:09.800000,-87.624268,41.894112,,,NonCA,358.722,DL 2CA,2638.95,0,0,
2022-08-13 12:30:09.900000,-87.624268,41.894112,,,NonCA,406.885,DL 2CA,2638.95,0,0,
2022-08-13 12:30:10.000000,-87.624268,41.894112,5G-NR_NSA(2CA),1.708,NonCA,436.334,DL 2CA,,,,317.363
2022-08-13 12:30:10.100000,-87.624268,41.894112,,,NonCA,319.493,DL 2CA,,,,
2022-08-13 12:30:10.200000,-87.624268,41.894112,,,NonCA,379.198,DL 2CA,,,,
2022-08-13 12:30:10.300000,-87.624268,41.894112,,,NonCA,405.423,DL 2CA,,,,
2022-08-13 12:30:10.400000,-87.624268,41.894112,,,NonCA,418.479,DL 2CA,2638.95,0,0,
2022-08-13 12:30:10.500000,-87.624268,41.894112,,,NonCA,405.373,DL 2CA,,,,421.722
2022-08-13 12:30:10.600000,-87.624268,41.894112,,,NonCA,462.119,DL 2CA,2638.95,0,0,
2022-08-13 12:30:10.700000,-87.624268,41.894112,,,NonCA,355.042,DL 2CA,,,,
2022-08-13 12:30:10.800000,-87.624268,41.894112,,,NonCA,412.840,DL 2CA,,,,
2022-08-13 12:30:10.900000,-87.624268,41.894112,,,NonCA,466.249,DL 2CA,,,,
2022-08-13 12:30:11.000000,-87.624268,41.894112,5G-NR_NSA(2CA),2.270,NonCA,424.827,DL 2CA,,,,392.585
2022-08-13 12:30:11.100000,-87.624268,41.894112,,,NonCA,431.546,DL 2CA,2638.95,0,0,
2022-08-13 12:30:11.200000,-87.624268,41.894112,,,NonCA,473.202,DL 2CA,2638.95,0,0,
2022-08-13 12:30:11.300000,-87.624268,41.894112,,,NonCA,451.654,DL 2CA,,,,
2022-08-13 12:30:11.400000,-87.624268,41.894112,,,NonCA,455.576,DL 2CA,,,,
2022-08-13 12:30:11.500000,-87.624268,41.894112,,,NonCA,405.202,DL 2CA,,,,419.175
2022-08-13 12:30:11.600000,-87.624268,41.894112,,,NonCA,460.010,DL 2CA,,,,
2022-08-13 12:30:11.700000,-87.624268,41.894112,,,NonCA,443.868,DL 2CA,2638.95,0,0,
2022-08-13 12:30:11.800000,-87.624268,41.894112,,,NonCA,210.166,DL 2CA,2638.95,0,0,
2022-08-13 12:30:11.900000,-87.624268,41.894112,,,NonCA,467.694,DL 2CA,,,,
2022-08-13 12:30:12.000000,-87.624268,41.894112,5G-NR_NSA(2CA),2.979,NonCA,423.031,DL 2CA,,,,374.073
2022-08-13 12:30:12.100000,-87.624268,41.894112,,,NonCA,442.616,DL 2CA,,,,
2022-08-13 12:30:12.200000,-87.624268,41.894112,,,NonCA,138.139,DL 2CA,2638.95,0,0,
2022-08-13 12:30:12.300000,-87.624268,41.894112,,,,66.676,DL 2CA,2638.95,0,0,
2022-08-13 12:30:12.400000,-87.624268,41.894112,,,NonCA,281.628,DL 2CA,,,,
2022-08-13 12:30:12.500000,-87.624268,41.894112,,,NonCA,401.606,DL 2CA,,,,321.462
2022-08-13 12:30:12.600000,-87.624268,41.894112,,,NonCA,434.540,DL 2CA,2638.95,0,0,
2022-08-13 12:30:12.700000,-87.624268,41.894112,,,NonCA,342.525,DL 2CA,,,,
2022-08-13 12:30:12.800000,-87.624268,41.894112,,,NonCA,407.630,DL 2CA,,,,
2022-08-13 12:30:12.900000,-87.624268,41.894112,,,NonCA,410.602,DL 2CA,,,,
2022-08-13 12:30:13.000000,-87.624268,41.894112,5G-NR_NSA(2CA),5.355,NonCA,417.797,DL 2CA,2638.95,0,0,383.719
2022-08-13 12:30:13.100000,-87.624268,41.894112,,,NonCA,336.581,DL 2CA,,,,
2022-08-13 12:30:13.200000,-87.624268,41.894112,,,NonCA,394.678,DL 2CA,,,,
2022-08-13 12:30:13.300000,-87.624268,41.894112,,,NonCA,305.535,DL 2CA,2638.95,0,0,
2022-08-13 12:30:13.400000,-87.624268,41.894112,,,NonCA,377.524,DL 2CA,,,,
2022-08-13 12:30:13.500000,-87.624268,41.894112,,,NonCA,365.631,DL 2CA,,,,332.786
2022-08-13 12:30:13.600000,-87.624268,41.894112,,,NonCA,348.009,DL 2CA,2638.95,0,0,
2022-08-13 12:30:13.700000,-87.624268,41.894112,,,NonCA,290.208,DL 2CA,,,,
2022-08-13 12:30:13.800000,-87.624268,41.894112,,,NonCA,405.248,DL 2CA,2638.95,0,0,
2022-08-13 12:30:13.900000,-87.624268,41.894112,,,NonCA,45.449,DL 2CA,2638.95,0,0,
2022-08-13 12:30:14.000000,-87.624268,41.894112,5G-NR_NSA(2CA),1.095,NonCA,21.982,DL 2CA,,,,233.813
2022-08-13 12:30:14.100000,-87.624268,41.894112,,,NonCA,317.496,DL 2CA,,,,
2022-08-13 12:30:14.200000,-87.624268,41.894112,,,NonCA,342.756,DL 2CA,,,,
2022-08-13 12:30:14.300000,-87.624268,41.894112,,,NonCA,409.988,DL 2CA,,,,
2022-08-13 12:30:14.400000,-87.624268,41.894112,,,NonCA,369.211,DL 2CA,2638.95,0,0,
2022-08-13 12:30:14.500000,-87.624268,41.894112,,,NonCA,339.664,DL 2CA,,,,367.924
2022-08-13 12:30:14.600000,-87.624268,41.894112,,,NonCA,420.015,DL 2CA,2638.95,0,0,
2022-08-13 12:30:14.700000,-87.624268,41.894112,,,NonCA,361.893,DL 2CA,2638.95,0,0,
2022-08-13 12:30:14.800000,-87.624268,41.894112,,,NonCA,379.042,DL 2CA,,,,
2022-08-13 12:30:14.900000,-87.624268,41.894112,,,NonCA,360.827,DL 2CA,2638.95,0,0,
2022-08-13 12:30:15.000000,-87.624268,41.894112,5G-NR_NSA(2CA),0.677,NonCA,343.366,DL 2CA,,,,342.068
2022-08-13 12:30:15.100000,-87.624268,41.894112,,,NonCA,197.479,DL 2CA,,,,
2022-08-13 12:30:15.200000,-87.624268,41.894112,,,NonCA,127.718,DL 2CA,,,,
2022-08-13 12:30:15.300000,-87.624268,41.894112,,,NonCA,419.217,DL 2CA,,,,
2022-08-13 12:30:15.400000,-87.624268,41.894112,,,NonCA,179.062,DL 2CA,2638.95,0,0,
2022-08-13 12:30:15.500000,-87.624268,41.894112,,,NonCA,460.265,DL 2CA,2638.95,0,0,299.367
2022-08-13 12:30:15.600000,-87.624268,41.894112,,,NonCA,399.343,DL 2CA,,,,
2022-08-13 12:30:15.700000,-87.624268,41.894112,,,NonCA,469.760,DL 2CA,2638.95,0,0,
2022-08-13 12:30:15.800000,-87.624268,41.894112,,,NonCA,399.689,DL 2CA,2638.95,0,0,
2022-08-13 12:30:15.900000,-87.624268,41.894112,,,NonCA,362.920,DL 2CA,,,,
2022-08-13 12:30:16.000000,-87.624268,41.894112,5G-NR_NSA(2CA),3.923,,316.314,DL 2CA,2638.95,0,0,330.250
2022-08-13 12:30:16.100000,-87.624268,41.894112,,,,19.151,DL NonCA,2638.95,0,0,
2022-08-13 12:30:16.200000,-87.624268,41.894112,,,NonCA,89.139,DL 2CA,,,,
2022-08-13 12:30:16.300000,-87.624268,41.894112,,,NonCA,314.806,DL 2CA,2638.95,0,0,
2022-08-13 12:30:16.400000,-87.624268,41.894112,,,NonCA,340.615,DL 2CA,,,,
2022-08-13 12:30:16.500000,-87.624268,41.894112,,,NonCA,289.390,DL 2CA,2638.95,0,0,267.917
2022-08-13 12:30:16.600000,-87.624268,41.894112,,,NonCA,352.640,DL 2CA,,,,
2022-08-13 12:30:16.700000,-87.624268,41.894112,,,NonCA,258.094,DL 2CA,2638.95,0,0,
2022-08-13 12:30:16.800000,-87.624268,41.894112,,,NonCA,347.949,DL 2CA,2638.95,0,,
2022-08-13 12:30:16.900000,-87.624268,41.894112,,,,392.944,DL 2CA,,,,
2022-08-13 12:30:17.000000,-87.624268,41.894112,5G-NR_NSA(2CA),0.108,,342.324,DL 2CA,2638.95,0,0,313.308
2022-08-13 12:30:17.100000,-87.624268,41.894112,,,,336.586,DL 2CA,2638.95,0,0,
2022-08-13 12:30:17.200000,-87.624268,41.894112,,,,315.674,DL 2CA,,,,
2022-08-13 12:30:17.300000,-87.624268,41.894112,,,,355.436,DL 2CA,,,,
2022-08-13 12:30:17.400000,-87.624268,41.894112,,,,376.007,DL 2CA,,,,
2022-08-13 12:30:17.500000,-87.624268,41.894112,,,,346.293,DL 2CA,2638.95,0,0,337.922
2022-08-13 12:30:17.600000,-87.624268,41.894112,,,,354.036,DL 2CA,2638.95,0,0,
2022-08-13 12:30:17.700000,-87.624268,41.894112,,,,274.690,DL 2CA,,,,
2022-08-13 12:30:17.800000,-87.624268,41.894112,,,NonCA,338.096,DL 2CA,2638.95,0,0,
2022-08-13 12:30:17.900000,-87.624268,41.894112,,,NonCA,336.159,DL 2CA,,,,
2022-08-13 12:30:18.000000,-87.624268,41.894112,5G-NR_NSA(2CA),1.954,NonCA,234.784,DL 2CA,2638.95,0,0,292.780
2022-08-13 12:30:18.100000,-87.624268,41.894112,,,NonCA,394.853,DL 2CA,2638.95,0,0,
2022-08-13 12:30:18.200000,-87.624268,41.894112,,,NonCA,349.661,DL 2CA,,,,
2022-08-13 12:30:18.300000,-87.624268,41.894112,,,NonCA,347.040,DL 2CA,2638.95,0,0,
2022-08-13 12:30:18.400000,-87.624268,41.894112,,,,257.922,DL 2CA,2638.95,0,0,
2022-08-13 12:30:18.500000,-87.624268,41.894112,,,,263.409,DL 2CA,,,,260.986
2022-08-13 12:30:18.600000,-87.624268,41.894112,,,,12.913,DL NonCA,2638.95,0,0,
2022-08-13 12:30:18.700000,-87.624268,41.894112,,,NonCA,61.855,DL 2CA,2638.95,0,0,
2022-08-13 12:30:18.800000,-87.624268,41.894112,,,NonCA,267.772,DL 2CA,,,,
2022-08-13 12:30:18.900000,-87.624268,41.894112,,,NonCA,257.110,DL 2CA,2638.95,0,0,
2022-08-13 12:30:19.000000,-87.624268,41.894112,5G-NR_NSA(2CA),0.142,NonCA,291.901,DL 2CA,2638.95,0,0,209.012
2022-08-13 12:30:19.100000,-87.624268,41.894112,,,NonCA,284.602,DL 2CA,,,,
2022-08-13 12:30:19.200000,-87.624268,41.894112,,,NonCA,279.260,DL 2CA,2638.95,0,0,
2022-08-13 12:30:19.300000,-87.624268,41.894112,,,NonCA,263.339,DL 2CA,,,,
2022-08-13 12:30:19.400000,-87.624268,41.894112,,,NonCA,255.213,DL 2CA,2638.95,0,0,
2022-08-13 12:30:19.500000,-87.624268,41.894112,,,,303.935,DL 2CA,2638.95,0,0,266.947
2022-08-13 12:30:19.600000,-87.624268,41.894112,,,,267.815,DL 2CA,,,,
2022-08-13 12:30:19.700000,-87.624268,41.894112,,,NonCA,295.803,DL 2CA,2638.95,0,0,
2022-08-13 12:30:19.800000,-87.624268,41.894112,,,,254.188,DL 2CA,2638.95,0,0,
2022-08-13 12:30:19.900000,-87.624268,41.894112,,,,320.418,DL 2CA,,,,
2022-08-13 12:30:20.000000,-87.624268,41.894112,5G-NR_NSA(2CA),,,243.516,DL 2CA,2638.95,0,0,254.296
2022-08-13 12:30:20.100000,-87.624268,41.894112,,,,314.156,DL 2CA,,,,
2022-08-13 12:30:20.200000,-87.624268,41.894112,,,,278.995,DL 2CA,2638.95,0,0,
2022-08-13 12:30:20.300000,-87.624268,41.894112,,,NonCA,311.264,DL 2CA,2638.95,0,0,
2022-08-13 12:30:20.400000,-87.624268,41.894112,,,,311.023,DL 2CA,,,,
2022-08-13 12:30:20.500000,-87.624268,41.894112,,,,236.614,DL 2CA,2638.95,0,0,289.724
2022-08-13 12:30:20.600000,-87.624268,41.894112,,,NonCA,250.991,DL 2CA,2638.95,0,0,
2022-08-13 12:30:20.700000,-87.624268,41.894112,,,,237.712,DL 2CA,,,,
2022-08-13 12:30:20.800000,-87.624268,41.894112,,,,54.803,DL 2CA,2638.95,0,0,
2022-08-13 12:30:20.900000,-87.624268,41.894112,,,,237.910,DL 2CA,,,,
2022-08-13 12:30:21.000000,-87.624268,41.894112,5G-NR_NSA(2CA),,NonCA,304.918,DL 2CA,2638.95,0,0,202.168
2022-08-13 12:30:21.100000,-87.624268,41.894112,,,,270.337,DL 2CA,2638.95,0,0,
2022-08-13 12:30:21.200000,-87.624268,41.894112,,,,288.098,DL 2CA,,,,
2022-08-13 12:30:21.300000,-87.624268,41.894112,,,,294.142,DL 2CA,2638.95,0,0,
2022-08-13 12:30:21.400000,-87.624268,41.894112,,,,329.008,DL 2CA,,,,
2022-08-13 12:30:21.500000,-87.624268,41.894112,,,,302.131,DL 2CA,2638.95,0,0,285.043
2022-08-13 12:30:21.600000,-87.624268,41.894112,,,NonCA,327.101,DL 2CA,2638.95,0,0,
2022-08-13 12:30:21.700000,-87.624268,41.894112,,,,271.253,DL 2CA,,,,
2022-08-13 12:30:21.800000,-87.624268,41.894112,,,,312.066,DL 2CA,2638.95,0,0,
2022-08-13 12:30:21.900000,-87.624268,41.894112,,,NonCA,319.496,DL 2CA,2638.95,0,0,
2022-08-13 12:30:22.000000,-87.624268,41.894112,5G-NR_NSA(2CA),,,309.637,DL 2CA,,,,305.531
2022-08-13 12:30:22.100000,-87.624268,41.894112,,,,316.028,DL 2CA,2638.95,0,0,
2022-08-13 12:30:22.200000,-87.624268,41.894112,,,,340.450,DL 2CA,,,,
2022-08-13 12:30:22.300000,-87.624268,41.894112,,,,275.215,DL 2CA,2638.95,0,0,
2022-08-13 12:30:22.400000,-87.624268,41.894112,,,,256.429,DL 2CA,2638.95,0,0,
2022-08-13 12:30:22.500000,-87.624268,41.894112,,,,346.653,DL 2CA,,,,280.720
2022-08-13 12:30:22.600000,-87.624268,41.894112,,,NonCA,249.161,DL 2CA,,,,
2022-08-13 12:30:22.700000,-87.624268,41.894112,,,,302.239,DL 2CA,2638.95,0,0,
2022-08-13 12:30:22.800000,-87.624268,41.894112,,,,296.026,DL 2CA,,,,
2022-08-13 12:30:22.900000,-87.624268,41.894112,,,NonCA,260.144,DL 2CA,2638.95,0,0,
2022-08-13 12:30:23.000000,-87.624268,41.894112,5G-NR_NSA(2CA),0.120,NonCA,212.300,DL 2CA,2638.95,0,0,254.393
2022-08-13 12:30:23.100000,-87.624268,41.894112,,,NonCA,250.554,DL 2CA,,,,
2022-08-13 12:30:23.200000,-87.624268,41.894112,,,NonCA,252.971,DL 2CA,2638.95,0,0,
2022-08-13 12:30:23.300000,-87.624268,41.894112,,,NonCA,206.676,DL 2CA,,,,
2022-08-13 12:30:23.400000,-87.624268,41.894112,,,NonCA,227.245,DL 2CA,,,,
2022-08-13 12:30:23.500000,-87.624268,41.894112,,,NonCA,251.851,DL 2CA,2638.95,0,0,221.798
2022-08-13 12:30:23.600000,-87.624268,41.894112,,,NonCA,269.901,DL 2CA,,,,
2022-08-13 12:30:23.700000,-87.624268,41.894112,,,NonCA,251.234,DL 2CA,2638.95,0,0,
2022-08-13 12:30:23.800000,-87.624268,41.894112,,,NonCA,320.463,DL 2CA,,,,
2022-08-13 12:30:23.900000,-87.624268,41.894112,,,NonCA,208.911,DL 2CA,2638.95,0,0,
2022-08-13 12:30:24.000000,-87.624268,41.894112,5G-NR_NSA(2CA),,NonCA,278.191,DL 2CA,2638.95,0,0,259.217
2022-08-13 12:30:24.100000,-87.624268,41.894112,,,NonCA,257.057,DL 2CA,,,,
2022-08-13 12:30:24.200000,-87.624268,41.894112,,,NonCA,324.785,DL 2CA,2638.95,0,0,
2022-08-13 12:30:24.300000,-87.624268,41.894112,,,,308.814,DL 2CA,2638.95,0,0,
2022-08-13 12:30:24.400000,-87.624268,41.894112,,,,181.557,DL 2CA,,,,
2022-08-13 12:30:24.500000,-87.624268,41.894112,,,NonCA,349.828,DL 2CA,2638.95,0,0,268.332
2022-08-13 12:30:24.600000,-87.624268,41.894112,,,,269.479,DL 2CA,,,,
2022-08-13 12:30:24.700000,-87.624268,41.894112,,,,354.680,DL 2CA,2638.95,0,0,
2022-08-13 12:30:24.800000,-87.624268,41.894112,,,NonCA,309.475,DL 2CA,2638.95,0,0,
2022-08-13 12:30:24.900000,-87.624268,41.894112,,,,203.548,DL 2CA,,,,
2022-08-13 12:30:25.000000,-87.624268,41.894112,5G-NR_NSA(2CA),10.030,,278.952,DL 2CA,2638.95,0,0,267.578
2022-08-13 12:30:25.100000,-87.624268,41.894112,,,,283.594,DL 2CA,2638.95,0,0,
2022-08-13 12:30:25.200000,-87.624268,41.894112,,,,223.470,DL 2CA,,,,
2022-08-13 12:30:25.300000,-87.624268,41.894112,,,,172.168,DL 2CA,2638.95,0,0,
2022-08-13 12:30:25.400000,-87.624268,41.894112,,,,199.108,DL 2CA,2638.95,0,0,
2022-08-13 12:30:25.500000,-87.624268,41.894112,,,NonCA,261.360,DL 2CA,,,,223.395
2022-08-13 12:30:25.600000,-87.624268,41.894112,,,NonCA,170.475,DL 2CA,2638.95,0,0,
2022-08-13 12:30:25.700000,-87.624268,41.894112,,,NonCA,254.386,DL 2CA,,,,
2022-08-13 12:30:25.800000,-87.624268,41.894112,,,NonCA,203.478,DL 2CA,2638.95,0,0,
2022-08-13 12:30:25.900000,-87.624268,41.894112,,,,111.641,DL 2CA,2638.95,0,0,
2022-08-13 12:30:26.000000,-87.624268,41.894112,5G-NR_NSA(2CA),2.545,,260.170,DL 2CA,,,,166.271
2022-08-13 12:30:26.100000,-87.624268,41.894112,,,NonCA,38.128,DL 2CA,2638.95,0,0,
2022-08-13 12:30:26.200000,-87.624268,41.894112,,,NonCA,119.233,DL 2CA,2638.95,0,0,
2022-08-13 12:30:26.300000,-87.624268,41.894112,,,NonCA,263.669,DL 2CA,,,,
2022-08-13 12:30:26.400000,-87.624268,41.894112,,,NonCA,280.976,DL 2CA,,,,
2022-08-13 12:30:26.500000,-87.624268,41.894112,,,NonCA,287.554,DL 2CA,,,,219.810
2022-08-13 12:30:26.600000,-87.624268,41.894112,,,NonCA,312.511,DL 2CA,2638.95,0,0,
2022-08-13 12:30:26.700000,-87.624268,41.894112,,,NonCA,291.851,DL 2CA,2638.95,0,0,
2022-08-13 12:30:26.800000,-87.624268,41.894112,,,NonCA,287.658,DL 2CA,,,,
2022-08-13 12:30:26.900000,-87.624268,41.894112,,,,289.851,DL 2CA,2638.95,0,0,
2022-08-13 12:30:27.000000,-87.624268,41.894112,5G-NR_NSA(2CA),,,0.112,DL 2CA,,,,235.692
2022-08-13 12:30:27.100000,-87.624268,41.894112,,,,0.015,DL NonCA,2638.95,0,0,
2022-08-13 12:30:27.200000,-87.624268,41.894112,,,,0.000,,,,,
2022-08-13 12:30:27.300000,-87.624268,41.894112,,,,0.000,,2638.95,0,0,
2022-08-13 12:30:27.400000,-87.624268,41.894112,,,NonCA,0.000,,2638.95,0,0,
2022-08-13 12:30:27.500000,-87.624268,41.894112,,,,0.000,,,,,0.002
2022-08-13 12:30:27.600000,-87.624268,41.894112,,,,0.000,,2638.95,0,0,
2022-08-13 12:30:27.700000,-87.624268,41.894112,,,NonCA,0.000,,,,,
2022-08-13 12:30:27.800000,-87.624268,41.894112,,,,0.000,,2638.95,0,0,
2022-08-13 12:30:27.900000,-87.624268,41.894112,,,,0.000,,2638.95,0,0,
2022-08-13 12:30:28.000000,-87.624268,41.894112,5G-NR_NSA(2CA),,NonCA,0.000,,,,,0.000
2022-08-13 12:30:28.100000,-87.624268,41.894112,,,,0.000,,2638.95,0,0,
2022-08-13 12:30:28.200000,-87.624268,41.894112,,,,0.000,,,,,
2022-08-13 12:30:28.300000,-87.624268,41.894112,,,NonCA,0.012,DL NonCA,2638.95,0,0,
2022-08-13 12:30:28.400000,-87.624268,41.894112,,,,0.000,,,,,
2022-08-13 12:30:28.500000,-87.624268,41.894112,,,,0.000,,2638.95,0,0,0.000
2022-08-13 12:30:28.600000,-87.624268,41.894112,,,NonCA,0.000,,,,,
2022-08-13 12:30:28.700000,-87.624268,41.894112,,,,0.000,,2638.95,0,0,
2022-08-13 12:30:28.800000,-87.624268,41.894112,,,,0.000,,,,,
2022-08-13 12:30:28.900000,-87.624268,41.894112,,,,0.000,,2638.95,0,0,
2022-08-13 12:30:29.000000,-87.624268,41.894112,5G-NR_NSA(2CA),,NonCA,0.000,,,,,0.000
2022-08-13 12:30:29.100000,-87.624268,41.894112,,,,0.000,,2638.95,0,0,
2022-08-13 12:30:29.200000,-87.624268,41.894112,,,,0.000,,,,,
2022-08-13 12:30:29.300000,-87.624268,41.894112,,,NonCA,0.000,,2638.95,0,0,
2022-08-13 12:30:29.400000,-87.624268,41.894112,,,,0.000,,,,,
2022-08-13 12:30:29.500000,-87.624268,41.894112,,,,0.000,,2638.95,0,0,0.000
2022-08-13 12:30:29.600000,-87.624268,41.894112,,,NonCA,0.000,,,,,
2022-08-13 12:30:29.700000,-87.624268,41.894112,,,,0.000,,2638.95,0,0,
2022-08-13 12:30:29.800000,-87.624268,41.894112,,,,0.000,,,,,
2022-08-13 12:30:29.900000,-87.624268,41.894112,,,NonCA,0.000,,,,,
2022-08-13 12:30:30.000000,-87.624268,41.894112,5G-NR_NSA(2CA),,,0.000,,2638.95,0,0,0.000
2022-08-13 12:30:30.100000,-87.624268,41.894112,,,,0.000,,,,,
2022-08-13 12:30:30.200000,-87.624268,41.894112,,,NonCA,0.000,,,,,
2022-08-13 12:30:30.300000,-87.624268,41.894112,,,,0.000,,2638.95,0,0,
2022-08-13 12:30:30.400000,-87.624268,41.894112,,,,0.000,,,,,
2022-08-13 12:30:30.500000,-87.624268,41.894112,,,,0.000,,2638.95,0,0,0.000
2022-08-13 12:30:30.600000,-87.624268,41.894112,,,NonCA,0.000,,,,,
2022-08-13 12:30:30.700000,-87.624268,41.894112,,,,0.000,,2638.95,0,0,
2022-08-13 12:30:30.800000,-87.624268,41.894112,,,,0.000,,,,,
2022-08-13 12:30:30.900000,-87.624268,41.894112,,,NonCA,0.000,,2638.95,0,0,
2022-08-13 12:30:31.000000,-87.624268,41.894112,5G-NR_NSA(2CA),0.000,,0.000,,,,,0.000
2022-08-13 12:30:31.100000,-87.624268,41.894112,,,,0.000,,2638.95,0,0,
2022-08-13 12:30:31.200000,-87.624268,41.894112,,,NonCA,0.000,,2638.95,0,0,
2022-08-13 12:30:31.300000,-87.624268,41.894112,,,,0.000,,,,,
2022-08-13 12:30:31.400000,-87.624268,41.894112,,,,0.000,,,,,
2022-08-13 12:30:31.500000,-87.624268,41.894112,,,NonCA,0.000,,2638.95,0,0,0.000
2022-08-13 12:30:31.600000,-87.624268,41.894112,,,,0.000,,,,,
2022-08-13 12:30:31.700000,-87.624268,41.894112,,,,0.000,,2638.95,0,0,
2022-08-13 12:30:31.800000,-87.624268,41.894112,,,NonCA,0.000,,,,,
2022-08-13 12:30:31.900000,-87.624268,41.894112,,,,0.000,,,,,
2022-08-13 12:30:32.000000,-87.624268,41.894112,5G-NR_NSA(2CA),0.000,,0.000,,2638.95,0,0,0.000
2022-08-13 12:30:32.100000,-87.624268,41.894112,,,,0.000,,,,,
2022-08-13 12:30:32.200000,-87.624268,41.894112,,,NonCA,0.000,,2638.95,0,0,
2022-08-13 12:30:32.300000,-87.624268,41.894112,,,,0.000,,,,,
2022-08-13 12:30:32.400000,-87.624268,41.894112,,,,0.000,,2638.95,0,0,
2022-08-13 12:30:32.500000,-87.624268,41.894112,,,NonCA,0.000,,,,,0.000
2022-08-13 12:30:32.600000,-87.624268,41.894112,,,,0.000,,,,,
2022-08-13 12:30:32.700000,-87.624268,41.894112,,,,0.000,,2638.95,0,0,
2022-08-13 12:30:32.800000,-87.624268,41.894112,,,NonCA,0.000,,,,,
2022-08-13 12:30:32.900000,-87.624268,41.894112,,,,0.000,,2638.95,0,0,
2022-08-13 12:30:33.000000,-87.624268,41.894112,5G-NR_NSA(2CA),,,0.000,,,,,
2022-08-13 12:30:33.100000,-87.624268,41.894112,,,,0.000,,2638.95,0,0,
Count,412,412,5G-NR_NSA(2CA): 42 (100.0%),28,"Count: 256
NonCA: 256 (100.0%)
CA Avg=1.000",412,324,198,198,197,82
Minimum,-87.624268,41.894112,,0.000,,0.000,,2638.95,0,0,0.000
Maximum,-87.624268,41.894112,,17.269,,514.866,,2638.95,0,0,442.377
Average,,,,3.416,,227.450,,,,,221.213
Stdev,,,,4.073,,165.500,,,,,150.377
Median,,,,2.168,,270.795,,,,,267.262
5%-tile,,,,0.000,,0.000,,,,,0.000
95%-tile,,,,10.169,,444.125,,,,,419.097
