,5G KPI PCell Layer1 UL BLER [%],5G KPI PCell Layer1 UL MCS (Avg),5G KPI PCell Layer2 MAC UL Throughput [Mbps],5G KPI PCell RF Frequency [MHz],5G KPI PCell RF Serving PCI,5G KPI PCell RF Serving SS-RSRP [dBm],5G KPI SCell[1] Layer2 MAC UL Throughput [Mbps],5G KPI SCell[2] Layer2 MAC UL Throughput [Mbps],5G KPI SCell[3] Layer2 MAC UL Throughput [Mbps],5G KPI SCell[4] Layer2 MAC UL Throughput [Mbps],5G KPI SCell[5] Layer2 MAC UL Throughput [Mbps],5G KPI SCell[6] Layer2 MAC UL Throughput [Mbps],5G KPI SCell[7] Layer2 MAC UL Throughput [Mbps],Event 5G-NR/LTE Events,LTE KPI PCell MAC UL Throughput[Mbps],LTE KPI PCell Serving EARFCN(DL),LTE KPI PCell Serving PCI,LTE KPI PCell Serving RSRP[dBm],LTE KPI PCell UL MCS,LTE KPI PUSCH BLER[%],LTE KPI SCell[1] MAC UL Throughput[Mbps],LTE KPI SCell[2] MAC UL Throughput[Mbps],LTE KPI SCell[3] MAC UL Throughput[Mbps],LTE KPI SCell[4] MAC UL Throughput[Mbps],Lat,Lon,Smart Phone Smart Throughput Mobile Network Tx Byte,Smart Phone Smart Throughput Mobile Network UL Throughput [Mbps],TIME_STAMP
0,,,,,,,,,,,,,,,0.0,,,,,,,,,,41.848221,-87.618599,,,1660413337.0
1,,,,,,,,,,,,,,,,,,,,,,,,,41.848221,-87.618599,,,1660413337.593766
2,0.0,15.15,0.19,2638.95,866.0,-75.05,,,,,,,,,,,,,,,,,,,41.848221,-87.618599,,,1660413337.6
3,0.0,13.0,0.134,2638.95,866.0,-74.28,,,,,,,,,,,,,,,,,,,41.848221,-87.618599,,,1660413337.7
4,0.0,13.0,0.071,,,,,,,,,,,,,,,,,,,,,,41.848221,-87.618599,1902.0,0.03,1660413337.8
5,0.0,12.5,0.123,2638.95,866.0,-75.89,,,,,,,,,,,,,,0.0,,,,,41.848221,-87.618622,,,1660413337.9
6,0.0,13.0,0.143,,,,,,,,,,,,,852.0,481.0,-72.81,,,,,,,41.848221,-87.618637,,,1660413338.0
7,0.0,13.0,0.151,2638.95,866.0,-75.84,,,,,,,,,,,,,,,,,,,41.848221,-87.61866,,,1660413338.1
8,0.0,12.65,0.163,2638.95,866.0,-74.46,,,,,,,,,,,,,,,,,,,41.848221,-87.618675,,,1660413338.2
9,0.0,12.53,0.159,,,,,,,,,,,,,852.0,481.0,-75.25,,,,,,,41.848221,-87.618698,0.0,0.0,1660413338.3
10,9.52,12.58,0.161,2638.95,866.0,-72.48,,,,,,,,,,,,,,,,,,,41.848221,-87.618721,,,1660413338.4
11,0.0,12.58,0.161,2638.95,866.0,-70.83,,,,,,,,,,,,,,,,,,,41.848221,-87.618736,,,1660413338.5
12,9.09,13.0,0.17,,,,,,,,,,,,,852.0,481.0,-70.38,,,,,,,41.848221,-87.618759,,,1660413338.6
13,0.0,13.0,0.154,2638.95,866.0,-69.74,,,,,,,,,,,,,,,,,,,41.848221,-87.618774,,,1660413338.7
14,5.88,13.0,0.152,,,,,,,,,,,,,,,,,,,,,,41.848221,-87.618797,0.0,0.0,1660413338.8
15,0.0,12.58,0.16,2638.95,866.0,-70.07,,,,,,,,,,852.0,481.0,-77.25,,,,,,,41.848221,-87.61882,,,1660413338.9
16,5.26,12.56,0.17,2638.95,866.0,-72.48,,,,,,,,,0.0,,,,,,,,,,41.848221,-87.618835,,,1660413339.0
17,5.0,13.0,0.154,,,,,,,,,,,,,,,,,,,,,,41.848221,-87.618858,,,1660413339.1
18,0.0,13.0,0.154,2638.95,866.0,-74.53,,,,,,,,,,,,,,0.0,,,,,41.848221,-87.618874,,,1660413339.2
19,6.25,12.47,0.159,,,,,,,,,,,,,852.0,481.0,-74.31,,,,,,,41.848221,-87.618896,0.0,0.0,1660413339.3
20,18.18,13.0,0.072,2638.95,866.0,-74.52,,,,,,,,,,,,,,,,,,,41.848221,-87.618912,,,1660413339.4
21,0.0,13.0,0.127,2638.95,866.0,-73.4,,,,,,,,,,,,,,,,,,,41.848221,-87.618927,,,1660413339.5
22,5.88,12.5,0.161,,,,,,,,,,,,,,,,,,,,,,41.848221,-87.61895,,,1660413339.6
23,7.14,12.38,0.11,2638.95,866.0,-72.08,,,,,,,,,,,,,,,,,,,41.848221,-87.618965,,,1660413339.7
24,15.38,13.0,0.085,,,,,,,,,,,,,,,,,,,,,,41.848221,-87.618988,0.0,0.0,1660413339.8
25,0.0,13.0,0.094,2638.95,866.0,-71.6,,,,,,,,,,852.0,481.0,-67.98,,,,,,,41.848221,-87.619011,,,1660413339.9
26,0.0,13.0,0.118,2638.95,866.0,-71.97,,,,,,,,,0.0,852.0,481.0,-69.49,,,,,,,41.848217,-87.619026,,,1660413340.0
27,0.0,13.0,0.124,,,,,,,,,,,,,852.0,481.0,-74.88,,,,,,,41.848217,-87.619049,,,1660413340.1
28,0.0,13.0,0.12,2638.95,866.0,-72.7,,,,,,,,,,,,,,,,,,,41.848217,-87.619064,,,1660413340.2
29,7.69,13.0,0.097,2638.95,866.0,-73.6,,,,,,,,,,,,,,,,,,,41.848213,-87.619087,0.0,0.0,1660413340.3
30,0.0,13.0,0.1,,,,,,,,,,,,,,,,,,,,,,41.848213,-87.61911,,,1660413340.4
31,6.67,13.0,0.118,2638.95,866.0,-76.47,,,,,,,,,,852.0,481.0,-72.56,,0.0,,,,,41.848213,-87.619125,,,1660413340.5
32,6.67,13.0,0.104,,,,,,,,,,,,,,,,,,,,,,41.848213,-87.619148,,,1660413340.6
33,,,,2638.95,866.0,-75.95,,,,,,,,,,,,,,,,,,,41.848209,-87.619164,,,1660413340.7
34,,,0.0,,,,,,,,,,,,,,,,,,,,,,41.848209,-87.619186,0.0,0.0,1660413340.8
35,,,,2638.95,866.0,-75.06,,,,,,,,,,852.0,481.0,-71.56,,,,,,,41.848209,-87.619209,,,1660413340.9
36,0.0,4.0,0.002,2638.95,866.0,-75.49,,,,,,,,,2.573,,,,,,,,,,41.848209,-87.619232,,,1660413341.0
37,,,0.0,,,,,,,,,,,,,,,,,,,,,,41.848206,-87.619247,,,1660413341.1
38,6.67,12.57,0.072,2638.95,866.0,-76.18,,,,,,,,,,852.0,481.0,-68.94,,,,,,,41.848206,-87.61927,,,1660413341.2
39,0.0,13.3,0.211,,,,,,,,,,,,,,,,,,,,,,41.848206,-87.619293,635.0,0.01,1660413341.3
40,13.04,13.4,1.269,2638.95,866.0,-75.89,,,,,,,,,,852.0,481.0,-68.75,,,,,,,41.848206,-87.619316,,,1660413341.4
41,12.5,17.0,6.918,2638.95,866.0,-74.9,,,,,,,,,,852.0,481.0,-67.69,,0.0,,,,,41.848206,-87.619339,,,1660413341.5
42,66.67,18.33,2.756,,,,,,,,,,,,,852.0,481.0,-66.74,21.71,6.25,,,,,41.848202,-87.619354,,,1660413341.6
43,36.36,14.71,6.259,2638.95,866.0,-75.84,,,,,,,,,,852.0,481.0,-66.22,25.0,0.0,,,,,41.848202,-87.619377,,,1660413341.7
44,28.13,14.65,14.385,,,,,,,,,,,,,852.0,481.0,-66.81,24.47,5.66,,,,,41.848202,-87.6194,278904.0,4.462,1660413341.8
45,34.48,16.47,11.782,2638.95,866.0,-75.72,,,,,,,,,,852.0,481.0,-66.94,25.54,7.0,,,,,41.848202,-87.619423,,,1660413341.9
46,34.78,16.4,9.229,2638.95,866.0,-75.98,,,,,,,,,21.759,852.0,481.0,-68.1,26.16,8.0,,,,,41.848202,-87.619446,,,1660413342.0
47,33.33,16.28,13.737,,,,,,,,,,,,,852.0,481.0,-69.05,27.21,9.0,,,,,41.848202,-87.619461,,,1660413342.1
48,36.0,16.63,11.85,2638.95,866.0,-74.3,,,,,,,,,,852.0,481.0,-68.68,22.79,17.5,,,,,41.848202,-87.619484,,,1660413342.2
49,37.5,16.85,11.509,2638.95,866.0,-73.98,,,,,,,,,,852.0,481.0,-68.52,22.93,3.0,,,,,41.848202,-87.619507,2245015.0,35.92,1660413342.3
50,40.0,19.17,18.573,,,,,,,,,,,,,852.0,481.0,-69.55,26.69,8.0,,,,,41.848202,-87.61953,,,1660413342.4
51,28.13,17.78,16.791,2638.95,866.0,-72.25,,,,,,,,,,852.0,481.0,-70.74,25.76,8.0,,,,,41.848202,-87.619553,,,1660413342.5
52,18.18,18.56,19.871,,,,,,,,,,,,,852.0,481.0,-71.3,24.26,6.0,,,,,41.848202,-87.619568,,,1660413342.6
53,22.58,19.21,21.188,2638.95,866.0,-71.35,,,,,,,,,,852.0,481.0,-72.99,26.12,9.0,,,,,41.848202,-87.619591,,,1660413342.7
54,27.27,20.5,19.383,2638.95,866.0,-71.38,,,,,,,,,,852.0,481.0,-72.48,26.18,2.0,,,,,41.848202,-87.619614,2276140.0,36.418,1660413342.8
55,28.57,20.16,21.514,,,,,,,,,,,,,852.0,481.0,-68.4,26.47,2.0,,,,,41.848202,-87.619637,,,1660413342.9
56,25.0,17.81,16.113,2638.95,866.0,-70.45,,,,,,,,,23.604,852.0,481.0,-66.94,27.03,2.5,,,,,41.848202,-87.619659,,,1660413343.0
57,33.33,18.17,13.972,,,,,,,,,,,,,852.0,481.0,-67.15,25.45,10.91,,,,,41.848202,-87.619682,,,1660413343.1
58,39.39,16.65,12.098,2638.95,866.0,-69.4,,,,,,,,,,852.0,481.0,-69.77,24.0,8.08,,,,,41.848202,-87.619705,,,1660413343.2
59,31.25,13.09,9.265,2638.95,866.0,-71.52,,,,,,,,,,852.0,481.0,-73.38,24.95,4.04,,,,,41.848202,-87.619728,2243269.0,35.892,1660413343.3
60,27.27,17.38,16.08,,,,,,,,,,,,,852.0,481.0,-74.74,25.66,7.5,,,,,41.848202,-87.619751,,,1660413343.4
61,28.57,18.95,15.017,2638.95,866.0,-71.53,,,,,,,,,,852.0,481.0,-73.27,27.14,5.0,,,,,41.848202,-87.619774,,,1660413343.5
62,23.33,18.3,15.748,2638.95,866.0,-71.63,,,,,,,,,,852.0,481.0,-69.53,26.47,2.5,,,,,41.848202,-87.619797,,,1660413343.6
63,25.81,18.43,17.445,,,,,,,,,,,,,852.0,481.0,-68.04,27.47,5.0,,,,,41.848202,-87.61982,,,1660413343.7
64,27.27,16.29,14.737,2638.95,866.0,-71.4,,,,,,,,,,852.0,481.0,-68.27,27.8,4.0,,,,,41.848202,-87.619843,2539360.0,40.63,1660413343.8
65,44.83,14.56,8.333,2638.95,866.0,-71.62,,,,,,,,,,852.0,481.0,-69.97,27.78,3.0,,,,,41.848202,-87.619865,,,1660413343.9
66,34.78,14.87,9.597,,,,,,,,,,,,24.056,852.0,481.0,-72.54,27.64,8.0,,,,,41.848202,-87.619881,,,1660413344.0
67,32.35,14.96,12.473,2638.95,866.0,-71.97,,,,,,,,,,852.0,481.0,-72.79,27.8,4.0,,,,,41.848202,-87.619904,,,1660413344.1
68,34.48,14.05,10.228,,,,,,,,,,,,,852.0,481.0,-70.61,27.81,6.0,,,,,41.848202,-87.619926,,,1660413344.2
69,35.29,16.59,12.243,2638.95,866.0,-73.49,,,,,,,,,,852.0,481.0,-70.35,27.14,10.0,,,,,41.848202,-87.619949,2011692.0,32.187,1660413344.3
70,29.41,19.08,11.565,,,,,,,,,,,,,852.0,481.0,-68.53,26.93,5.0,,,,,41.848202,-87.619965,,,1660413344.4
71,32.26,18.62,15.43,2638.95,866.0,-74.41,,,,,,,,,,852.0,481.0,-68.32,27.2,5.0,,,,,41.848202,-87.619987,,,1660413344.5
72,33.33,19.78,14.175,2638.95,866.0,-74.18,,,,,,,,,,852.0,481.0,-70.48,26.38,9.0,,,,,41.848202,-87.62001,,,1660413344.6
73,20.69,22.09,19.747,,,,,,,,,,,,,852.0,481.0,-74.05,26.15,6.0,,,,,41.848202,-87.620026,,,1660413344.7
74,21.88,20.04,20.165,2638.95,866.0,-73.24,,,,,,,,,,852.0,481.0,-73.17,27.34,2.0,,,,,41.848202,-87.620049,2440432.0,39.047,1660413344.8
75,29.41,20.88,19.257,,,,,,,,,,,,,852.0,481.0,-70.84,27.52,4.0,,,,,41.848202,-87.620071,,,1660413344.9
76,32.43,19.64,18.499,2638.95,866.0,-72.55,,,,,,,,,20.729,852.0,481.0,-70.03,27.7,5.0,,,,,41.848198,-87.620094,,,1660413345.0
77,39.29,17.0,11.238,2638.95,866.0,-72.57,,,,,,,,,,852.0,481.0,-70.26,26.99,10.0,,,,,41.848198,-87.620117,,,1660413345.1
78,33.33,18.11,16.471,,,,,,,,,,,,,852.0,481.0,-70.64,25.81,11.0,,,,,41.848198,-87.62014,,,1660413345.2
79,26.67,18.27,15.599,2638.95,866.0,-73.32,,,,,,,,,,852.0,481.0,-72.69,26.1,15.0,,,,,41.848198,-87.620163,2341452.0,37.463,1660413345.3
80,27.78,19.38,20.569,2638.95,866.0,-73.24,,,,,,,,,,852.0,481.0,-70.44,26.48,1.0,,,,,41.848194,-87.620186,,,1660413345.4
81,33.33,19.5,15.17,,,,,,,,,,,,,852.0,481.0,-72.87,27.68,0.83,,,,,41.848194,-87.620209,,,1660413345.5
82,28.13,19.3,15.501,2638.95,866.0,-74.13,,,,,,,,,,852.0,481.0,-73.23,25.87,4.0,,,,,41.848194,-87.620232,,,1660413345.6
83,30.3,18.09,11.992,,,,,,,,,,,,,852.0,481.0,-69.08,25.68,3.37,,,,,41.84819,-87.620255,,,1660413345.7
84,33.33,18.7,15.533,2638.95,866.0,-74.79,,,,,,,,,,852.0,481.0,-67.78,26.63,4.0,,,,,41.84819,-87.620277,2176624.0,34.826,1660413345.8
85,27.59,18.71,15.5,2638.95,866.0,-75.36,,,,,,,,,,852.0,481.0,-70.18,24.27,10.0,,,,,41.84819,-87.6203,,,1660413345.9
86,26.67,18.09,15.027,,,,,,,,,,,,19.367,852.0,481.0,-72.65,26.42,0.0,,,,,41.84819,-87.620323,,,1660413346.0
87,26.47,19.68,21.965,2638.95,866.0,-75.56,,,,,,,,,,852.0,481.0,-73.47,26.6,7.0,,,,,41.84819,-87.620346,,,1660413346.1
88,30.0,18.19,14.042,2638.95,866.0,-75.53,,,,,,,,,,852.0,481.0,-74.53,25.23,10.0,,,,,41.84819,-87.620392,2308476.0,36.936,1660413346.3
89,33.33,17.44,9.993,2638.95,866.0,-76.21,,,,,,,,,,852.0,481.0,-78.3,20.8,17.0,,,,,41.84819,-87.620407,,,1660413346.4
90,36.67,16.79,12.543,,,,,,,,,,,,,852.0,481.0,-79.94,22.15,6.0,,,,,41.84819,-87.62043,,,1660413346.5
91,25.81,19.13,17.678,2638.95,866.0,-76.6,,,,,,,,,,852.0,481.0,-78.39,25.36,6.0,,,,,41.84819,-87.620453,,,1660413346.6
92,30.0,20.52,19.302,,,,,,,,,,,,,852.0,481.0,-77.42,26.6,14.0,,,,,41.84819,-87.620476,,,1660413346.7
93,28.13,21.26,18.411,2638.95,866.0,-76.74,,,,,,,,,,852.0,481.0,-78.31,22.56,6.12,,,,,41.84819,-87.620499,2110672.0,33.771,1660413346.8
94,35.71,23.61,18.116,,,,,,,,,,,,,852.0,481.0,-75.63,23.75,11.25,,,,,41.84819,-87.620522,,,1660413346.9
95,29.41,22.38,22.673,2638.95,866.0,-75.06,,,,,,,,,18.234,852.0,481.0,-78.45,22.97,9.35,,,,,41.84819,-87.620544,,,1660413347.0
96,20.0,21.67,22.418,2638.95,866.0,-74.56,,,,,,,,,,852.0,481.0,-79.49,21.05,11.39,,,,,41.84819,-87.620575,,,1660413347.1
97,36.67,21.0,17.392,,,,,,,,,,,,,852.0,481.0,-79.09,20.73,1.0,,,,,41.84819,-87.620598,,,1660413347.2
98,32.26,20.43,18.657,2638.95,866.0,-74.16,,,,,,,,,,852.0,481.0,-79.61,23.57,13.0,,,,,41.84819,-87.620621,2176572.0,34.825,1660413347.3
99,26.67,18.05,17.736,,,,,,,,,,,,,852.0,481.0,-82.03,23.9,6.0,,,,,41.84819,-87.620644,,,1660413347.4
100,,,,,,,,,,,,,,eventA3,,,,,,,,,,,41.84819,-87.620667,,,1660413347.488709
101,83.33,15.0,1.991,2638.95,866.0,-76.05,,,,,,,,,,852.0,481.0,-82.95,23.66,5.0,,,,,41.84819,-87.620667,,,1660413347.5
102,,,,,,,,,,,,,,Handover Attempt,,,,,,,,,,,41.84819,-87.620682,,,1660413347.554149
103,,,,,,,,,,,,,,Handover Success,,,,,,,,,,,41.84819,-87.620689,,,1660413347.581726
104,,,,,,,,,,,,,,PRACH: Msg1(RA),,,,,,,,,,,41.84819,-87.620689,,,1660413347.592877
105,0.0,11.63,13.22,,,,,,,,,,,,,852.0,383.0,-69.34,27.05,0.0,,,,,41.84819,-87.620697,,,1660413347.6
106,,,,,,,,,,,,,,Received RAR[True],,,,,,,,,,,41.84819,-87.620697,,,1660413347.601172
107,,,,,,,,,,,,,,PRACH: Msg2(RAR),,,,,,,,,,,41.84819,-87.620697,,,1660413347.60118
108,,,,,,,,,,,,,,PRACH: Msg3(UE ID),,,,,,,,,,,41.84819,-87.620697,,,1660413347.601343
109,,,,,,,,,,,,,,PRACH: Msg3(UE ID),,,,,,,,,,,41.84819,-87.620712,,,1660413347.676266
110,,,,,,,,,,,,,,PRACH: Msg4,,,,,,,,,,,41.84819,-87.620712,,,1660413347.676266
111,,,,,,,,,,,,,,PRACH: Msg4[Pass]			,,,,,,,,,,,41.84819,-87.620712,,,1660413347.676266
112,,,,,,,,,,,,,,PRACH: Msg5,,,,,,,,,,,41.84819,-87.620712,,,1660413347.679729
113,,,,,,,,,,,,,,,,,,,,,,,,,41.84819,-87.620712,,,1660413347.679836
114,33.33,16.25,14.674,2638.95,866.0,-74.66,,,,,,,,,,852.0,383.0,-71.83,25.19,1.0,,,,,41.84819,-87.62072,,,1660413347.7
115,28.57,20.36,22.426,,,,,,,,,,,,,852.0,383.0,-72.07,27.54,0.0,,,,,41.84819,-87.620743,1650048.0,26.401,1660413347.8
116,42.86,19.13,14.344,2638.95,866.0,-73.05,,,,,,,,,,852.0,383.0,-75.03,27.19,8.75,,,,,41.84819,-87.620766,,,1660413347.9
117,38.71,16.79,13.511,2638.95,866.0,-74.91,,,,,,,,,22.126,852.0,383.0,-76.3,25.73,8.33,,,,,41.848186,-87.620789,,,1660413348.0
118,32.14,15.26,12.95,,,,,,,,,,,,,852.0,383.0,-75.22,24.91,14.0,,,,,41.848186,-87.620811,,,1660413348.1
119,38.46,14.63,10.623,2638.95,866.0,-75.74,,,,,,,,,,852.0,383.0,-75.94,23.52,0.0,,,,,41.848186,-87.620834,,,1660413348.2
120,37.04,15.12,10.114,,,,,,,,,,,,,852.0,383.0,-76.43,26.33,2.15,,,,,41.848183,-87.620857,2078163.0,33.251,1660413348.3
121,35.71,15.61,12.442,2638.95,866.0,-77.02,,,,,,,,,,852.0,383.0,-77.09,23.67,6.0,,,,,41.848183,-87.62088,,,1660413348.4
122,37.93,16.78,12.91,2638.95,866.0,-77.8,,,,,,,,,,852.0,383.0,-75.73,25.76,9.0,,,,,41.848183,-87.620903,,,1660413348.5
123,30.0,15.48,13.595,,,,,,,,,,,,,852.0,383.0,-76.94,23.66,8.0,,,,,41.848183,-87.620926,,,1660413348.6
124,29.03,15.41,12.636,2638.95,866.0,-78.54,,,,,,,,,,852.0,383.0,-78.31,24.56,2.0,,,,,41.848179,-87.620949,,,1660413348.7
125,31.03,20.5,15.527,2638.95,866.0,-77.96,,,,,,,,,,852.0,383.0,-81.34,25.66,5.0,,,,,41.848179,-87.620972,2209548.0,35.353,1660413348.8
126,34.38,19.1,17.241,,,,,,,,,,,,,852.0,383.0,-77.96,27.35,7.0,,,,,41.848179,-87.620995,,,1660413348.9
127,30.0,21.19,19.904,2638.95,866.0,-76.93,,,,,,,,,23.627,852.0,383.0,-71.61,27.07,3.0,,,,,41.848179,-87.621017,,,1660413349.0
128,38.46,19.88,14.966,,,,,,,,,,,,,852.0,383.0,-70.24,26.08,9.0,,,,,41.848179,-87.62104,,,1660413349.1
129,23.53,23.96,26.841,2638.95,866.0,-76.66,,,,,,,,,,852.0,383.0,-72.38,27.74,1.0,,,,,41.848179,-87.621063,,,1660413349.2
130,28.57,23.3,27.244,2638.95,866.0,-75.97,,,,,,,,,,852.0,383.0,-74.25,25.93,8.75,,,,,41.848179,-87.621094,2712908.0,43.407,1660413349.3
131,26.47,23.52,29.082,,,,,,,,,,,,,852.0,383.0,-74.07,26.85,4.17,,,,,41.848179,-87.621117,,,1660413349.4
132,30.0,22.05,21.88,2638.95,866.0,-74.78,,,,,,,,,,852.0,383.0,-71.27,26.63,8.0,,,,,41.848179,-87.62114,,,1660413349.5
133,28.57,21.25,21.048,2638.95,866.0,-72.91,,,,,,,,,,852.0,383.0,-70.43,27.0,3.26,,,,,41.848179,-87.621162,,,1660413349.6
134,26.67,20.68,21.134,,,,,,,,,,,,,852.0,383.0,-71.03,26.78,17.0,,,,,41.848179,-87.621185,,,1660413349.7
135,48.0,21.38,12.636,2638.95,866.0,-71.75,,,,,,,,,,852.0,383.0,-71.89,24.31,3.0,,,,,41.848179,-87.621208,2896183.0,46.339,1660413349.8
136,19.35,20.92,20.423,,,,,,,,,,,,,852.0,383.0,-71.63,23.03,9.0,,,,,41.848175,-87.621231,,,1660413349.9
137,33.33,22.59,24.525,2638.95,866.0,-70.17,,,,,,,,,21.753,852.0,383.0,-68.48,27.1,3.0,,,,,41.848175,-87.621254,,,1660413350.0
138,35.71,22.5,21.274,2638.95,866.0,-67.85,,,,,,,,,,852.0,383.0,-67.95,23.36,8.75,,,,,41.848171,-87.621277,,,1660413350.1
139,28.13,20.87,22.293,,,,,,,,,,,,,852.0,383.0,-70.29,24.16,7.0,,,,,41.848171,-87.6213,,,1660413350.2
140,34.62,19.29,14.676,2638.95,866.0,-65.89,,,,,,,,,,852.0,383.0,-73.07,24.81,3.0,,,,,41.848167,-87.621323,2421952.0,38.751,1660413350.3
141,34.62,21.65,19.413,2638.95,866.0,-64.27,,,,,,,,,,852.0,383.0,-70.72,23.03,9.0,,,,,41.848167,-87.621346,,,1660413350.4
142,48.15,15.64,9.069,,,,,,,,,,,,,852.0,383.0,-66.03,22.51,3.0,,,,,41.848167,-87.621368,,,1660413350.5
143,34.38,16.71,12.705,2638.95,866.0,-64.3,,,,,,,,,,852.0,383.0,-70.43,25.99,2.0,,,,,41.848164,-87.621391,,,1660413350.6
144,35.71,17.39,13.472,,,,,,,,,,,,,852.0,383.0,-71.04,25.63,7.0,,,,,41.848164,-87.621414,,,1660413350.7
145,31.03,17.15,14.598,2638.95,866.0,-65.0,,,,,,,,,,852.0,383.0,-72.95,25.81,4.0,,,,,41.84816,-87.621437,2234842.0,35.757,1660413350.8
146,29.03,20.77,20.668,2638.95,866.0,-66.47,,,,,,,,,,852.0,383.0,-72.98,25.55,14.0,,,,,41.84816,-87.62146,,,1660413350.9
147,22.58,20.67,24.696,,,,,,,,,,,,22.196,852.0,383.0,-69.24,26.39,1.0,,,,,41.848156,-87.621483,,,1660413351.0
148,18.18,22.67,28.237,2638.95,866.0,-65.56,,,,,,,,,,852.0,383.0,-67.74,26.23,1.0,,,,,41.848156,-87.621506,,,1660413351.1
149,24.14,23.73,28.498,2638.95,866.0,-64.48,,,,,,,,,,852.0,383.0,-70.01,26.75,4.0,,,,,41.848156,-87.621529,,,1660413351.2
150,32.26,20.86,20.079,,,,,,,,,,,,,852.0,383.0,-70.58,26.56,14.0,,,,,41.848152,-87.621552,2899232.0,46.388,1660413351.3
151,27.59,21.24,23.343,2638.95,866.0,-64.26,,,,,,,,,,852.0,383.0,-71.58,27.58,0.0,,,,,41.848152,-87.621582,,,1660413351.4
152,28.57,19.95,17.546,,,,,,,,,,,,,852.0,383.0,-69.7,23.7,3.0,,,,,41.848152,-87.621605,,,1660413351.5
153,32.26,19.62,17.634,2638.95,866.0,-63.58,,,,,,,,,,852.0,383.0,-66.6,27.21,4.0,,,,,41.848152,-87.621628,,,1660413351.6
154,30.0,20.19,14.759,2638.95,866.0,-65.35,,,,,,,,,,852.0,383.0,-69.22,22.65,15.0,,,,,41.848148,-87.621651,,,1660413351.7
155,41.38,18.82,14.023,,,,,,,,,,,,,852.0,383.0,-71.8,22.62,10.0,,,,,41.848148,-87.621674,2417164.0,38.675,1660413351.8
156,28.13,19.26,19.136,2638.95,866.0,-65.05,,,,,,,,,,852.0,383.0,-69.38,20.36,17.5,,,,,41.848148,-87.621696,,,1660413351.9
157,35.71,17.56,12.576,2638.95,866.0,-65.57,,,,,,,,,18.345,852.0,383.0,-68.61,23.0,2.0,,,,,41.848148,-87.621712,,,1660413352.0
158,37.5,16.85,13.645,,,,,,,,,,,,,852.0,383.0,-69.3,20.0,7.0,,,,,41.848145,-87.621735,,,1660413352.1
159,36.67,21.42,19.174,2638.95,866.0,-66.16,,,,,,,,,,852.0,383.0,-67.99,22.03,3.85,,,,,41.848145,-87.621758,,,1660413352.2
160,35.71,20.06,16.802,,,,,,,,,,,,,852.0,383.0,-70.27,21.04,8.75,,,,,41.848145,-87.62178,2021972.0,32.352,1660413352.3
161,40.63,14.47,10.45,2638.95,866.0,-64.29,,,,,,,,,,852.0,383.0,-74.37,24.19,13.33,,,,,41.848145,-87.621796,,,1660413352.4
162,35.71,16.11,12.847,,,,,,,,,,,,,852.0,383.0,-76.97,18.55,8.75,,,,,41.848145,-87.621819,,,1660413352.5
163,30.56,17.04,13.111,2638.95,866.0,-65.16,,,,,,,,,,852.0,383.0,-73.63,23.39,2.0,,,,,41.848141,-87.621841,,,1660413352.6
164,45.83,14.69,7.582,2638.95,866.0,-66.84,,,,,,,,,,852.0,383.0,-76.06,25.76,12.0,,,,,41.848141,-87.621857,,,1660413352.7
165,20.0,20.25,28.145,,,,,,,,,,,,,852.0,383.0,-74.67,21.97,12.0,,,,,41.848141,-87.62188,1875149.0,30.002,1660413352.8
166,20.0,17.13,27.104,,,,,,,,,,,,,852.0,383.0,-76.24,24.29,6.0,,,,,41.848141,-87.621902,,,1660413352.9
167,31.25,17.14,15.896,2638.95,866.0,-65.55,,,,,,,,,18.733,852.0,383.0,-72.38,25.47,4.0,,,,,41.848141,-87.621918,,,1660413353.0
168,41.67,18.29,12.607,,,,,,,,,,,,,852.0,383.0,-72.46,26.13,8.0,,,,,41.848141,-87.621941,,,1660413353.1
169,29.03,17.27,16.986,2638.95,866.0,-64.55,,,,,,,,,,852.0,383.0,-78.84,24.99,9.0,,,,,41.848141,-87.621956,,,1660413353.2
170,51.85,14.62,7.581,,,,,,,,,,,,,852.0,383.0,-76.86,19.56,8.0,,,,,41.848141,-87.621979,1565845.0,25.054,1660413353.3
171,31.25,15.23,13.62,2638.95,866.0,-64.41,,,,,,,,,,852.0,383.0,-77.49,20.97,7.0,,,,,41.848141,-87.622002,,,1660413353.4
172,34.38,17.14,14.316,2638.95,866.0,-63.69,,,,,,,,,,852.0,383.0,-76.53,19.78,4.12,,,,,41.848141,-87.622017,,,1660413353.5
173,46.67,10.0,5.533,,,,,,,,,,,,,852.0,383.0,-74.45,19.92,3.0,,,,,41.848141,-87.62204,,,1660413353.6
174,31.25,14.59,10.218,2638.95,866.0,-64.87,,,,,,,,,,852.0,383.0,-76.57,20.13,10.0,,,,,41.848141,-87.622055,,,1660413353.7
175,40.0,17.67,5.664,,,,,,,,,,,,,852.0,383.0,-79.14,23.24,1.0,,,,,41.848141,-87.622078,1564148.0,25.026,1660413353.8
176,40.0,16.2,6.947,2638.95,866.0,-65.23,,,,,,,,,,852.0,383.0,-78.52,23.77,5.0,,,,,41.848141,-87.622093,,,1660413353.9
177,48.39,14.63,4.656,,,,,,,,,,,,21.648,852.0,383.0,-79.52,24.2,6.0,,,,,41.848141,-87.622116,,,1660413354.0
178,35.0,14.54,10.798,,,,,,,,,,,,,852.0,383.0,-80.35,21.46,19.0,,,,,41.848141,-87.622131,,,1660413354.1
179,34.38,16.62,7.032,2638.95,866.0,-65.8,,,,,,,,,,852.0,383.0,-79.31,24.68,2.0,,,,,41.848141,-87.622154,,,1660413354.2
180,35.29,14.5,9.893,2638.95,866.0,-67.03,,,,,,,,,,852.0,383.0,-78.19,25.31,18.75,,,,,41.848141,-87.622169,1660152.0,26.562,1660413354.3
181,33.33,17.27,11.495,,,,,,,,,,,,,852.0,383.0,-77.56,25.93,2.0,,,,,41.848141,-87.622185,,,1660413354.4
182,31.43,22.21,14.122,2638.95,866.0,-65.59,,,,,,,,,,852.0,383.0,-75.65,26.47,8.0,,,,,41.848141,-87.622208,,,1660413354.5
183,28.13,19.61,14.352,,,,,,,,,,,,,852.0,383.0,-75.25,25.43,10.0,,,,,41.848141,-87.622223,,,1660413354.6
184,38.24,18.62,12.124,2638.95,866.0,-63.88,,,,,,,,,,852.0,383.0,-76.24,26.3,9.0,,,,,41.848141,-87.622246,,,1660413354.7
185,37.5,15.25,7.441,2638.95,866.0,-64.88,,,,,,,,,,852.0,383.0,-78.09,26.51,3.81,,,,,41.848141,-87.622261,2036122.0,32.578,1660413354.8
186,46.67,12.69,6.484,,,,,,,,,,,,,852.0,383.0,-77.56,26.45,12.0,,,,,41.848141,-87.622276,,,1660413354.9
187,41.18,12.5,7.524,2638.95,866.0,-65.78,,,,,,,,,22.502,852.0,383.0,-77.05,25.73,8.0,,,,,41.848141,-87.622292,,,1660413355.0
188,35.29,18.68,8.066,2638.95,866.0,-65.48,,,,,,,,,,852.0,383.0,-76.96,26.09,4.0,,,,,41.848141,-87.622314,,,1660413355.1
189,34.48,15.63,10.633,,,,,,,,,,,,,852.0,383.0,-75.44,27.68,1.0,,,,,41.848141,-87.62233,,,1660413355.2
190,43.59,12.59,5.144,2638.95,866.0,-65.78,,,,,,,,,,852.0,383.0,-75.47,27.0,10.0,,,,,41.848141,-87.622345,1817376.0,29.078,1660413355.3
191,36.0,11.63,7.606,,,,,,,,,,,,,852.0,383.0,-73.06,26.7,3.75,,,,,41.848141,-87.62236,,,1660413355.4
192,33.33,15.21,10.846,2638.95,866.0,-65.7,,,,,,,,,,852.0,383.0,-75.97,24.87,12.5,,,,,41.848141,-87.622375,,,1660413355.5
193,28.57,19.0,15.699,,,,,,,,,,,,,852.0,383.0,-76.53,25.71,8.75,,,,,41.848141,-87.622398,,,1660413355.6
194,40.48,17.72,8.471,2638.95,866.0,-64.95,,,,,,,,,,852.0,383.0,-76.08,25.11,9.17,,,,,41.848141,-87.622414,,,1660413355.7
195,34.38,19.71,8.654,2638.95,866.0,-65.76,,,,,,,,,,852.0,383.0,-76.87,24.26,8.0,,,,,41.848141,-87.622429,1746416.0,27.943,1660413355.8
196,33.33,20.92,10.941,,,,,,,,,,,,,852.0,383.0,-75.27,24.94,1.25,,,,,41.848141,-87.622444,,,1660413355.9
197,31.58,20.65,15.674,2638.95,866.0,-65.62,,,,,,,,,23.277,852.0,383.0,-72.87,27.38,0.0,,,,,41.848141,-87.622459,,,1660413356.0
198,26.92,22.42,24.489,,,,,,,,,,,,,852.0,383.0,-72.13,26.21,9.17,,,,,41.848141,-87.622475,,,1660413356.1
199,36.67,17.89,13.778,2638.95,866.0,-65.13,,,,,,,,,,852.0,383.0,-72.6,26.96,6.0,,,,,41.848141,-87.62249,,,1660413356.2
200,35.71,20.72,18.549,2638.95,866.0,-65.83,,,,,,,,,,852.0,383.0,-73.49,26.29,7.0,,,,,41.848141,-87.622505,2171335.0,34.741,1660413356.3
201,38.46,19.75,15.574,,,,,,,,,,,,,852.0,383.0,-73.13,26.09,11.0,,,,,41.848141,-87.62252,,,1660413356.4
202,45.45,18.58,17.075,2638.95,866.0,-65.52,,,,,,,,,,852.0,383.0,-77.03,23.86,1.25,,,,,41.848141,-87.622536,,,1660413356.5
203,28.13,16.13,16.137,,,,,,,,,,,,,852.0,383.0,-75.32,25.41,3.33,,,,,41.848141,-87.622551,,,1660413356.6
204,37.5,16.93,12.38,2638.95,866.0,-66.92,,,,,,,,,,852.0,383.0,-74.07,26.64,6.0,,,,,41.848141,-87.622566,,,1660413356.7
205,36.67,18.74,15.821,2638.95,866.0,-66.96,,,,,,,,,,852.0,383.0,-75.17,25.26,10.0,,,,,41.848141,-87.622581,2159568.0,34.553,1660413356.8
206,45.16,12.59,6.827,,,,,,,,,,,,,852.0,383.0,-77.03,26.98,8.0,,,,,41.848141,-87.622597,,,1660413356.9
207,35.71,13.83,10.192,2638.95,866.0,-67.44,,,,,,,,,22.783,852.0,383.0,-74.77,26.73,0.0,,,,,41.848141,-87.622612,,,1660413357.0
208,43.75,17.22,9.052,,,,,,,,,,,,,852.0,383.0,-76.3,23.09,12.0,,,,,41.848141,-87.622627,,,1660413357.1
209,20.83,14.11,14.235,2638.95,866.0,-69.6,,,,,,,,,,852.0,383.0,-77.53,26.34,4.0,,,,,41.848141,-87.622643,,,1660413357.2
210,37.14,18.27,15.001,2638.95,866.0,-70.62,,,,,,,,,,852.0,383.0,-76.79,25.33,5.83,,,,,41.848141,-87.62265,1945864.0,31.134,1660413357.3
211,34.38,18.19,17.099,,,,,,,,,,,,,852.0,383.0,-78.04,25.39,13.64,,,,,41.848141,-87.622665,,,1660413357.4
212,21.88,19.04,20.508,2638.95,866.0,-71.31,,,,,,,,,,852.0,383.0,-79.44,25.27,7.0,,,,,41.848141,-87.622681,,,1660413357.5
213,23.53,20.69,23.176,2638.95,866.0,-72.13,,,,,,,,,,852.0,383.0,-79.92,25.21,4.0,,,,,41.848141,-87.622696,,,1660413357.6
214,33.33,22.67,22.783,,,,,,,,,,,,,852.0,383.0,-79.51,27.44,0.0,,,,,41.848141,-87.622711,,,1660413357.7
215,22.22,22.21,29.843,2638.95,866.0,-72.48,,,,,,,,,,852.0,383.0,-79.27,27.06,12.0,,,,,41.848141,-87.622726,2584104.0,41.346,1660413357.8
216,33.33,21.05,20.247,,,,,,,,,,,,,852.0,383.0,-78.21,26.87,5.0,,,,,41.848141,-87.622742,,,1660413357.9
217,26.92,18.95,16.994,2638.95,866.0,-73.41,,,,,,,,,23.116,852.0,383.0,-80.09,26.16,10.0,,,,,41.848141,-87.622757,,,1660413358.0
218,41.67,18.71,15.212,2638.95,866.0,-73.28,,,,,,,,,,852.0,383.0,-81.49,26.57,2.0,,,,,41.848141,-87.622772,,,1660413358.1
219,26.92,19.42,21.426,,,,,,,,,,,,,852.0,383.0,-81.84,27.26,11.0,,,,,41.848141,-87.622787,,,1660413358.2
220,26.47,21.52,21.803,2638.95,866.0,-73.41,,,,,,,,,,852.0,383.0,-80.71,27.0,4.0,,,,,41.848141,-87.622803,2418704.0,38.622,1660413358.3
221,31.03,21.1,20.49,2638.95,866.0,-73.96,,,,,,,,,,852.0,383.0,-81.82,25.38,8.0,,,,,41.848141,-87.62281,,,1660413358.4
222,30.3,21.17,22.6,,,,,,,,,,,,,852.0,383.0,-81.03,25.51,5.0,,,,,41.848141,-87.622826,,,1660413358.5
223,27.59,20.81,21.364,2638.95,866.0,-74.72,,,,,,,,,,852.0,383.0,-81.77,25.71,7.0,,,,,41.848141,-87.622841,,,1660413358.6
224,30.0,20.57,20.286,,,,,,,,,,,,,852.0,383.0,-81.56,27.18,7.0,,,,,41.848141,-87.622856,,,1660413358.7
225,26.67,21.36,22.971,2638.95,866.0,-75.39,,,,,,,,,,852.0,383.0,-80.67,25.53,9.0,,,,,41.848141,-87.622871,2972740.0,47.659,1660413358.8
226,31.25,20.41,21.135,2638.95,866.0,-77.28,,,,,,,,,,852.0,383.0,-82.55,26.83,2.0,,,,,41.848141,-87.622887,,,1660413358.9
227,19.23,21.05,24.613,,,,,,,,,,,,24.111,852.0,383.0,-81.96,26.9,12.5,,,,,41.848141,-87.622902,,,1660413359.0
228,30.0,20.1,18.744,2638.95,866.0,-77.91,,,,,,,,,,852.0,383.0,-80.51,27.05,3.33,,,,,41.848141,-87.622917,,,1660413359.1
229,21.88,20.88,25.203,2638.95,866.0,-78.02,,,,,,,,,,852.0,383.0,-80.09,26.67,10.0,,,,,41.848141,-87.622932,,,1660413359.2
230,31.25,19.32,19.293,,,,,,,,,,,,,852.0,383.0,-79.5,26.94,1.0,,,,,41.848141,-87.62294,2834936.0,45.359,1660413359.3
231,23.53,19.42,22.56,2638.95,866.0,-79.16,,,,,,,,,,852.0,383.0,-80.95,26.4,3.75,,,,,41.848141,-87.622955,,,1660413359.4
232,26.67,20.68,21.762,,,,,,,,,,,,,852.0,383.0,-81.44,26.61,8.33,,,,,41.848141,-87.622971,,,1660413359.5
233,38.46,18.88,13.621,2638.95,866.0,-76.05,,,,,,,,,,852.0,383.0,-81.64,27.04,4.0,,,,,41.848141,-87.622986,,,1660413359.6
234,35.71,18.72,16.827,2638.95,866.0,-75.79,,,,,,,,,,852.0,383.0,-79.46,26.67,2.5,,,,,41.848141,-87.623001,,,1660413359.7
235,28.13,19.0,19.077,,,,,,,,,,,,,852.0,383.0,-79.44,27.07,10.0,,,,,41.848141,-87.623016,2490296.0,39.845,1660413359.8
236,35.71,19.11,15.511,2638.95,866.0,-76.08,,,,,,,,,,852.0,383.0,-78.67,25.78,7.0,,,,,41.848141,-87.623032,,,1660413359.9
237,28.13,18.39,17.669,2638.95,866.0,-75.71,,,,,,,,,22.792,852.0,383.0,-80.79,24.56,6.67,,,,,41.848137,-87.623047,,,1660413360.0
238,28.57,18.4,18.441,,,,,,,,,,,,,852.0,383.0,-81.45,26.42,7.0,,,,,41.848137,-87.623062,,,1660413360.1
239,31.03,19.05,16.792,2638.95,866.0,-76.12,,,,,,,,,,852.0,383.0,-81.98,25.86,8.0,,,,,41.848137,-87.623077,,,1660413360.2
240,17.86,21.61,20.831,,,,,,,,,,,,,852.0,383.0,-81.03,25.37,2.0,,,,,41.848137,-87.623093,2489328.0,39.829,1660413360.3
241,23.33,21.3,24.038,2638.95,866.0,-76.04,,,,,,,,,,852.0,383.0,-82.83,23.27,9.0,,,,,41.848133,-87.623108,,,1660413360.4
242,28.13,21.13,23.912,2638.95,866.0,-76.42,,,,,,,,,,852.0,383.0,-82.21,25.88,5.0,,,,,41.848133,-87.623123,,,1660413360.5
243,23.33,21.87,26.339,,,,,,,,,,,,,852.0,383.0,-81.96,24.15,6.0,,,,,41.848133,-87.623138,,,1660413360.6
244,22.22,20.86,25.988,2638.95,866.0,-76.76,,,,,,,,,,852.0,383.0,-81.6,27.46,4.0,,,,,41.848129,-87.623154,,,1660413360.7
245,21.21,21.88,28.472,2638.95,866.0,-76.52,,,,,,,,,,852.0,383.0,-82.21,26.66,5.0,,,,,41.848129,-87.623169,2910334.0,46.565,1660413360.8
246,20.51,24.97,38.713,,,,,,,,,,,,,852.0,383.0,-81.68,27.47,10.83,,,,,41.848129,-87.623184,,,1660413360.9
247,14.71,24.1,37.83,2638.95,866.0,-75.84,,,,,,,,,23.934,852.0,383.0,-81.36,27.34,3.0,,,,,41.848129,-87.623199,,,1660413361.0
248,16.67,25.13,38.71,,,,,,,,,,,,,852.0,383.0,-80.42,26.94,10.0,,,,,41.848129,-87.623215,,,1660413361.1
249,20.59,25.7,36.221,2638.95,866.0,-75.7,,,,,,,,,,852.0,383.0,-81.45,26.98,0.0,,,,,41.848129,-87.62323,,,1660413361.2
250,15.63,27.22,42.668,2638.95,866.0,-75.94,,,,,,,,,,852.0,383.0,-82.17,27.64,6.52,,,,,41.848129,-87.623245,3908868.0,62.542,1660413361.3
251,28.95,26.96,36.962,,,,,,,,,,,,,852.0,383.0,-81.99,26.46,6.67,,,,,41.848129,-87.623268,,,1660413361.4
252,17.65,27.43,41.18,2638.95,866.0,-76.05,,,,,,,,,,852.0,383.0,-79.08,26.87,9.09,,,,,41.848129,-87.623283,,,1660413361.5
253,17.65,27.5,42.254,2638.95,866.0,-76.52,,,,,,,,,,852.0,383.0,-77.89,25.78,3.0,,,,,41.848129,-87.623299,,,1660413361.6
254,19.44,27.76,43.177,,,,,,,,,,,,,852.0,383.0,-79.7,27.57,7.0,,,,,41.848129,-87.623314,,,1660413361.7
255,25.0,27.38,37.834,2638.95,866.0,-71.72,,,,,,,,,,852.0,383.0,-80.6,25.67,8.75,,,,,41.848129,-87.623329,3908712.0,62.539,1660413361.8
256,21.21,27.42,37.276,,,,,,,,,,,,,852.0,383.0,-80.71,26.11,2.0,,,,,41.848129,-87.623344,,,1660413361.9
257,27.27,27.83,36.66,2638.95,866.0,-72.48,,,,,,,,,25.226,852.0,383.0,-78.81,25.48,5.05,,,,,41.848129,-87.62336,,,1660413362.0
258,20.0,27.93,42.015,2638.95,866.0,-72.58,,,,,,,,,,852.0,383.0,-79.06,25.48,2.0,,,,,41.848125,-87.623375,,,1660413362.1
259,12.9,27.93,47.611,,,,,,,,,,,,,852.0,383.0,-81.84,27.64,2.02,,,,,41.848125,-87.62339,,,1660413362.2
260,16.22,28.0,44.015,2638.95,866.0,-71.19,,,,,,,,,,852.0,383.0,-81.99,27.6,2.0,,,,,41.848125,-87.623413,3908816.0,62.541,1660413362.3
261,13.16,28.0,47.39,2638.95,866.0,-69.68,,,,,,,,,,852.0,383.0,-80.44,27.73,0.0,,,,,41.848125,-87.623428,,,1660413362.4
262,17.65,27.64,44.753,,,,,,,,,,,,,852.0,383.0,-78.97,27.16,9.0,,,,,41.848125,-87.623444,,,1660413362.5
263,28.13,24.91,32.463,2638.95,866.0,-67.55,,,,,,,,,,852.0,383.0,-82.41,26.95,4.67,,,,,41.848122,-87.623459,,,1660413362.6
264,17.65,24.43,35.894,,,,,,,,,,,,,852.0,383.0,-83.51,27.71,7.0,,,,,41.848122,-87.623474,,,1660413362.7
265,12.12,26.69,43.745,2638.95,866.0,-67.1,,,,,,,,,,852.0,383.0,-83.44,27.8,1.0,,,,,41.848122,-87.623489,4043644.0,64.569,1660413362.8
266,25.64,24.34,34.775,2638.95,866.0,-66.27,,,,,,,,,,852.0,383.0,-83.07,26.84,12.0,,,,,41.848122,-87.623505,,,1660413362.9
267,25.81,21.7,25.883,,,,,,,,,,,,23.882,852.0,383.0,-83.35,27.32,3.0,,,,,41.848122,-87.62352,,,1660413363.0
268,23.33,24.09,29.647,2638.95,866.0,-65.18,,,,,,,,,,852.0,383.0,-84.96,26.93,8.0,,,,,41.848122,-87.623543,,,1660413363.1
269,27.59,21.71,24.719,,,,,,,,,,,,,852.0,383.0,-81.01,27.5,2.0,,,,,41.848122,-87.623558,,,1660413363.2
270,29.03,21.05,23.897,2638.95,866.0,-64.4,,,,,,,,,,852.0,383.0,-79.56,27.68,3.8,,,,,41.848122,-87.623573,3504488.0,56.184,1660413363.3
271,29.41,20.0,21.209,2638.95,866.0,-64.23,,,,,,,,,,852.0,383.0,-77.56,27.43,11.67,,,,,41.848122,-87.623589,,,1660413363.4
272,31.25,20.64,18.746,,,,,,,,,,,,,852.0,383.0,-76.76,26.29,9.0,,,,,41.848122,-87.623604,,,1660413363.5
273,37.04,21.12,18.034,2638.95,866.0,-64.39,,,,,,,,,,852.0,383.0,-76.07,25.4,7.0,,,,,41.848122,-87.623627,,,1660413363.6
274,26.67,21.64,26.942,,,,,,,,,,,,,852.0,383.0,-76.29,27.43,6.06,,,,,41.848122,-87.623642,,,1660413363.7
275,24.24,23.96,32.163,2638.95,866.0,-64.63,,,,,,,,,,852.0,383.0,-76.06,26.86,7.0,,,,,41.848122,-87.623657,2831752.0,45.308,1660413363.8
276,31.03,24.5,25.655,2638.95,866.0,-64.07,,,,,,,,,,852.0,383.0,-76.05,25.73,13.04,,,,,41.848122,-87.623672,,,1660413363.9
277,29.03,24.0,26.724,,,,,,,,,,,,22.706,852.0,383.0,-75.77,26.06,5.0,,,,,41.848118,-87.623695,,,1660413364.0
278,23.53,23.08,31.438,2638.95,866.0,-62.98,,,,,,,,,,852.0,383.0,-76.73,25.92,7.0,,,,,41.848118,-87.623711,,,1660413364.1
279,30.0,20.9,23.108,,,,,,,,,,,,,852.0,383.0,-76.76,27.13,13.75,,,,,41.848118,-87.623734,,,1660413364.2
280,15.63,21.96,28.122,2638.95,866.0,-62.28,,,,,,,,,,852.0,383.0,-76.71,26.62,5.0,,,,,41.848114,-87.623749,2898360.0,46.374,1660413364.3
281,25.71,22.54,25.772,2638.95,866.0,-62.3,,,,,,,,,,852.0,383.0,-76.26,26.8,8.33,,,,,41.848114,-87.623764,,,1660413364.4
282,31.25,22.45,27.162,,,,,,,,,,,,,852.0,383.0,-76.95,25.7,9.0,,,,,41.848114,-87.623787,,,1660413364.5
283,32.0,23.29,30.362,,,,,,,,,,,,,852.0,383.0,-76.43,26.32,11.0,,,,,41.848114,-87.623802,,,1660413364.6
284,27.27,23.29,26.61,2638.95,866.0,-61.68,,,,,,,,,,852.0,383.0,-76.14,25.46,5.0,,,,,41.84811,-87.623825,,,1660413364.7
285,27.27,22.5,25.14,2638.95,866.0,-61.36,,,,,,,,,,852.0,383.0,-81.88,26.58,3.0,,,,,41.84811,-87.62384,2958828.0,47.341,1660413364.8
286,36.67,23.47,24.633,,,,,,,,,,,,,852.0,383.0,-80.43,26.41,8.75,,,,,41.84811,-87.623856,,,1660413364.9
287,24.24,23.88,32.787,2638.95,866.0,-62.09,,,,,,,,,20.291,852.0,383.0,-75.73,26.97,2.0,,,,,41.848106,-87.623878,,,1660413365.0
288,35.71,26.11,25.628,,,,,,,,,,,,,852.0,383.0,-71.12,27.75,2.02,,,,,41.848106,-87.623894,,,1660413365.1
289,34.48,21.32,20.793,2638.95,866.0,-61.34,,,,,,,,,,852.0,383.0,-73.33,26.61,13.89,,,,,41.848106,-87.623917,,,1660413365.2
290,43.75,16.11,12.959,2638.95,866.0,-62.52,,,,,,,,,,852.0,383.0,-78.29,25.08,8.0,,,,,41.848106,-87.623932,3036807.0,48.589,1660413365.3
291,43.33,12.71,9.07,,,,,,,,,,,,,852.0,383.0,-80.85,25.9,8.0,,,,,41.848103,-87.623947,,,1660413365.4
292,28.57,13.3,10.872,2638.95,866.0,-65.59,,,,,,,,,,852.0,383.0,-81.22,27.09,8.0,,,,,41.848103,-87.62397,,,1660413365.5
293,37.04,15.82,13.498,2638.95,866.0,-67.5,,,,,,,,,,852.0,383.0,-81.83,25.99,8.0,,,,,41.848103,-87.623985,,,1660413365.6
294,31.58,18.08,20.273,,,,,,,,,,,,,852.0,383.0,-79.51,14.51,1.25,,,,,41.848099,-87.624008,,,1660413365.7
295,46.88,14.24,9.9,2638.95,866.0,-69.84,,,,,,,,,,852.0,383.0,-78.93,11.53,0.0,,,,,41.848099,-87.624023,1680412.0,26.887,1660413365.8
296,26.47,17.28,17.571,,,,,,,,,,,,,852.0,383.0,-78.79,26.03,2.0,,,,,41.848095,-87.624039,,,1660413365.9
297,44.0,18.64,10.223,2638.95,866.0,-71.88,,,,,,,,,24.331,852.0,383.0,-78.77,27.81,1.0,,,,,41.848091,-87.624062,,,1660413366.0
298,42.31,19.27,14.862,2638.95,866.0,-72.08,,,,,,,,,,852.0,383.0,-79.97,27.79,9.0,,,,,41.848091,-87.624077,,,1660413366.1
299,31.82,16.27,18.599,,,,,,,,,,,,,852.0,383.0,-81.4,27.74,8.08,,,,,41.848087,-87.6241,,,1660413366.2
300,28.57,16.2,14.067,2638.95,866.0,-72.55,,,,,,,,,,852.0,383.0,-81.49,26.79,11.39,,,,,41.848083,-87.624115,2137976.0,34.208,1660413366.3
301,,,,,,,,,,,,,,eventA3,,,,,,,,,,,41.848083,-87.624123,,,1660413366.329473
302,,,,,,,,,,,,,,NR SCG Modification Attempt,,,,,,,,,,,41.84808,-87.62413,,,1660413366.364469
303,,,,,,,,,,,,,,NR SCG Modification Success,,,,,,,,,,,41.84808,-87.62413,,,1660413366.383274
304,0.0,9.38,4.644,2638.95,621.0,-66.92,,,,,,,,,,852.0,383.0,-79.87,27.61,9.18,,,,,41.84808,-87.62413,,,1660413366.4
305,,,,,,,,,,,,,,PRACH: Msg1(RA),,,,,,,,,,,41.84808,-87.624138,,,1660413366.419952
306,,,,,,,,,,,,,,PRACH: Msg2(RAR),,,,,,,,,,,41.84808,-87.624146,,,1660413366.479442
307,,,,,,,,,,,,,,PRACH: Msg3(UE ID),,,,,,,,,,,41.84808,-87.624146,,,1660413366.479442
308,,,,,,,,,,,,,,PRACH: Msg4,,,,,,,,,,,41.84808,-87.624146,,,1660413366.479442
309,,,,,,,,,,,,,,PRACH: Msg4[Pass]			,,,,,,,,,,,41.84808,-87.624146,,,1660413366.479442
310,,,,,,,,,,,,,,PRACH: Msg5,,,,,,,,,,,41.84808,-87.624146,,,1660413366.485306
311,,,,,,,,,,,,,,,,,,,,,,,,,41.848076,-87.624153,,,1660413366.499176
312,30.77,14.67,9.984,,,,,,,,,,,,,852.0,383.0,-77.78,27.81,0.0,,,,,41.848076,-87.624153,,,1660413366.5
313,12.5,18.29,15.835,2638.95,621.0,-68.36,,,,,,,,,,852.0,383.0,-78.16,27.78,4.04,,,,,41.848076,-87.624168,,,1660413366.6
314,36.0,18.25,10.931,2638.95,621.0,-68.41,,,,,,,,,,852.0,383.0,-78.84,27.49,12.0,,,,,41.848072,-87.624191,,,1660413366.7
315,53.85,15.33,7.471,,,,,,,,,,,,,852.0,383.0,-79.63,26.09,17.72,,,,,41.848068,-87.624207,1905000.0,30.48,1660413366.8
316,,,,,,,,,,,,,,eventA1,,,,,,,,,,,41.848068,-87.624207,,,1660413366.813393
317,13.79,18.08,21.408,2638.95,621.0,-67.38,,,,,,,,,,852.0,383.0,-79.99,26.7,4.0,,,,,41.848064,-87.624229,,,1660413366.9
318,27.59,19.33,15.025,,,,,,,,,,,,17.876,852.0,383.0,-80.28,26.15,5.05,,,,,41.848064,-87.624245,,,1660413367.0
319,20.59,19.04,13.999,2638.95,621.0,-65.49,,,,,,,,,,852.0,383.0,-79.22,24.59,6.0,,,,,41.848061,-87.624268,,,1660413367.1
320,25.0,18.95,12.429,2638.95,621.0,-65.38,,,,,,,,,,852.0,383.0,-77.58,23.4,4.0,,,,,41.848057,-87.624283,,,1660413367.2
321,25.0,16.67,16.941,,,,,,,,,,,,,852.0,383.0,-79.15,12.7,3.0,,,,,41.848053,-87.624298,1950068.0,31.139,1660413367.3
322,25.0,17.75,16.556,2638.95,621.0,-65.73,,,,,,,,,,852.0,383.0,-80.5,15.53,14.14,,,,,41.848053,-87.624321,,,1660413367.4
323,21.88,13.8,11.905,2638.95,621.0,-67.22,,,,,,,,,,852.0,383.0,-81.18,18.92,1.0,,,,,41.848049,-87.624336,,,1660413367.5
324,20.0,15.75,12.725,,,,,,,,,,,,,852.0,383.0,-81.48,27.18,11.0,,,,,41.848045,-87.624359,,,1660413367.6
325,34.38,15.9,13.44,2638.95,621.0,-69.52,,,,,,,,,,852.0,383.0,-83.14,27.8,6.06,,,,,41.848045,-87.624374,,,1660413367.7
326,33.33,17.33,10.356,,,,,,,,,,,,,852.0,383.0,-83.81,26.95,14.81,,,,,41.848042,-87.624397,1955760.0,31.355,1660413367.8
327,,,,,,,,,,,,,,eventA3,,,,,,,,,,,41.848042,-87.624405,,,1660413367.837963
328,,,,,,,,,,,,,,Handover Attempt,,,,,,,,,,,41.848038,-87.624413,,,1660413367.891146
329,0.0,0.0,0.016,2638.95,621.0,-70.38,,,,,,,,,,852.0,120.0,-77.05,25.83,11.59,,,,,41.848038,-87.62442,,,1660413367.9
330,,,,,,,,,,,,,,Handover Success,,,,,,,,,,,41.848038,-87.62442,,,1660413367.912394
331,,,,,,,,,,,,,,PRACH: Msg1(RA),,,,,,,,,,,41.848038,-87.62442,,,1660413367.913383
332,,,,,,,,,,,,,,Received RAR[True],,,,,,,,,,,41.848038,-87.62442,,,1660413367.91774
333,,,,,,,,,,,,,,PRACH: Msg2(RAR),,,,,,,,,,,41.848038,-87.62442,,,1660413367.917747
334,,,,,,,,,,,,,,PRACH: Msg3(UE ID),,,,,,,,,,,41.848038,-87.62442,,,1660413367.91778
335,,,,,,,,,,,,,,PRACH: Msg1(RA),,,,,,,,,,,41.848038,-87.62442,,,1660413367.921718
336,,,,,,,,,,,,,,PRACH: Msg2(RAR),,,,,,,,,,,41.848038,-87.624435,,,1660413367.999018
337,,,,,,,,,,,,,,PRACH: Msg3(UE ID),,,,,,,,,,,41.848038,-87.624435,,,1660413367.999018
338,,,,,,,,,,,,,,PRACH: Msg4,,,,,,,,,,,41.848038,-87.624435,,,1660413367.999018
339,,,,,,,,,,,,,,PRACH: Msg4[Pass]			,,,,,,,,,,,41.848038,-87.624435,,,1660413367.999018
340,19.44,13.83,14.703,2638.95,621.0,-71.13,,,,,,,,,19.895,852.0,120.0,-77.33,25.19,0.0,,,,,41.848038,-87.624435,,,1660413368.0
341,,,,,,,,,,,,,,PRACH: Msg5,,,,,,,,,,,41.848038,-87.624435,,,1660413368.000493
342,,,,,,,,,,,,,,,,,,,,,,,,,41.848038,-87.624435,,,1660413368.002165
343,29.03,17.36,15.129,,,,,,,,,,,,,852.0,120.0,-76.7,25.57,3.0,,,,,41.848034,-87.624458,,,1660413368.1
344,24.24,16.04,11.572,2638.95,621.0,-71.53,,,,,,,,,,852.0,120.0,-77.42,25.12,7.5,,,,,41.848034,-87.624474,,,1660413368.2
345,26.67,16.32,14.401,,,,,,,,,,,,,852.0,120.0,-78.06,25.29,9.0,,,,,41.84803,-87.624496,1483024.0,23.728,1660413368.3
346,43.33,15.29,8.83,2638.95,621.0,-72.46,,,,,,,,,,852.0,120.0,-76.97,23.98,7.0,,,,,41.848026,-87.624512,,,1660413368.4
347,38.46,17.06,11.303,2638.95,621.0,-72.85,,,,,,,,,,852.0,120.0,-75.71,25.69,10.0,,,,,41.848026,-87.624527,,,1660413368.5
348,25.0,17.26,16.083,,,,,,,,,,,,,852.0,120.0,-74.78,23.58,10.0,,,,,41.848022,-87.62455,,,1660413368.6
349,37.93,18.28,12.476,2638.95,621.0,-73.25,,,,,,,,,,852.0,120.0,-74.84,24.25,2.06,,,,,41.848022,-87.624565,,,1660413368.7
350,32.0,18.94,10.63,2638.95,621.0,-74.02,,,,,,,,,,852.0,120.0,-76.06,24.39,9.0,,,,,41.848019,-87.624588,1948788.0,31.181,1660413368.8
351,25.0,19.75,20.737,,,,,,,,,,,,,852.0,120.0,-79.22,24.95,2.0,,,,,41.848015,-87.624611,,,1660413368.9
352,34.78,18.8,9.378,2638.95,621.0,-72.1,,,,,,,,,22.073,852.0,120.0,-81.15,26.05,10.0,,,,,41.848011,-87.624626,,,1660413369.0
353,29.17,18.53,12.756,,,,,,,,,,,,,852.0,120.0,-76.49,26.74,2.97,,,,,41.848007,-87.624649,,,1660413369.1
354,35.71,18.22,13.103,2638.95,621.0,-72.01,,,,,,,,,,852.0,120.0,-77.02,27.71,4.0,,,,,41.848003,-87.624664,,,1660413369.2
355,48.28,17.6,10.346,2638.95,621.0,-71.89,,,,,,,,,,852.0,120.0,-78.03,13.73,2.53,,,,,41.848,-87.624687,2106592.0,33.705,1660413369.3
356,33.33,17.25,13.878,,,,,,,,,,,,,852.0,120.0,-79.02,24.23,0.0,,,,,41.847996,-87.62471,,,1660413369.4
357,34.62,20.41,14.089,2638.95,621.0,-71.55,,,,,,,,,,852.0,120.0,-77.32,27.79,9.0,,,,,41.847992,-87.624725,,,1660413369.5
358,31.82,18.53,12.247,,,,,,,,,,,,,852.0,120.0,-76.38,27.42,10.0,,,,,41.847988,-87.624748,,,1660413369.6
359,32.14,20.16,10.841,2638.95,621.0,-72.14,,,,,,,,,,852.0,120.0,-74.32,27.46,4.0,,,,,41.847984,-87.624763,,,1660413369.7
360,32.0,19.18,13.49,2638.95,621.0,-71.95,,,,,,,,,,852.0,120.0,-74.9,26.13,8.08,,,,,41.84798,-87.624786,2039984.0,32.64,1660413369.8
361,26.92,17.89,12.508,,,,,,,,,,,,,852.0,120.0,-75.56,25.52,9.0,,,,,41.847977,-87.624809,,,1660413369.9
362,31.25,18.91,14.695,2638.95,621.0,-71.94,,,,,,,,,23.338,852.0,120.0,-74.59,27.19,6.0,,,,,41.847969,-87.624832,,,1660413370.0
363,32.26,20.62,14.304,2638.95,621.0,-73.21,,,,,,,,,,852.0,120.0,-77.49,26.93,9.0,,,,,41.847965,-87.624847,,,1660413370.1
364,35.71,18.94,14.207,,,,,,,,,,,,,852.0,120.0,-74.86,27.62,6.0,,,,,41.847961,-87.62487,,,1660413370.2
365,33.33,16.17,6.936,2638.95,621.0,-72.38,,,,,,,,,,852.0,120.0,-74.41,26.84,8.0,,,,,41.847954,-87.624893,2270336.0,36.325,1660413370.3
366,22.58,21.83,23.207,,,,,,,,,,,,,852.0,120.0,-75.79,27.38,4.17,,,,,41.84795,-87.624916,,,1660413370.4
367,24.14,21.32,18.598,2638.95,621.0,-71.09,,,,,,,,,,852.0,120.0,-80.98,27.8,0.0,,,,,41.847946,-87.624939,,,1660413370.5
368,20.69,21.91,22.46,2638.95,621.0,-74.44,,,,,,,,,,852.0,120.0,-80.08,26.46,5.0,,,,,41.847942,-87.624954,,,1660413370.6
369,28.0,20.89,15.58,,,,,,,,,,,,,852.0,120.0,-77.8,26.39,1.0,,,,,41.847935,-87.624977,,,1660413370.7
370,18.52,20.32,21.514,2638.95,621.0,-75.13,,,,,,,,,,852.0,120.0,-76.06,27.66,5.0,,,,,41.847931,-87.625,2431874.0,38.91,1660413370.8
371,38.89,23.64,9.275,,,,,,,,,,,,,852.0,120.0,-76.48,27.77,5.83,,,,,41.847927,-87.625023,,,1660413370.9
372,16.67,24.72,29.673,2638.95,621.0,-73.18,,,,,,,,,20.752,852.0,120.0,-75.96,27.55,3.75,,,,,41.847919,-87.625038,,,1660413371.0
373,25.81,27.04,23.499,2638.95,621.0,-77.34,,,,,,,,,,852.0,120.0,-76.13,26.42,10.0,,,,,41.847916,-87.625061,,,1660413371.1
374,24.0,25.68,25.227,,,,,,,,,,,,,852.0,120.0,-76.06,25.61,1.25,,,,,41.847912,-87.625076,,,1660413371.2
375,23.08,26.9,27.675,2638.95,621.0,-73.48,,,,,,,,,,852.0,120.0,-77.23,26.84,2.0,,,,,41.847908,-87.625099,2850312.0,45.605,1660413371.3
376,18.18,27.67,33.069,,,,,,,,,,,,,852.0,120.0,-76.54,26.78,5.0,,,,,41.8479,-87.625122,,,1660413371.4
377,18.52,27.91,29.279,2638.95,621.0,-72.83,,,,,,,,,,852.0,120.0,-76.07,25.15,6.0,,,,,41.847897,-87.625137,,,1660413371.5
378,15.38,28.0,27.392,2638.95,621.0,-71.7,,,,,,,,,,852.0,120.0,-75.71,25.82,11.0,,,,,41.847893,-87.62516,,,1660413371.6
379,3.57,28.0,26.655,,,,,,,,,,,,,852.0,120.0,-76.11,24.31,12.38,,,,,41.847885,-87.625175,,,1660413371.7
380,0.0,28.0,25.824,2638.95,621.0,-71.27,,,,,,,,,,852.0,120.0,-75.59,25.02,6.0,,,,,41.847881,-87.625198,3025060.0,48.401,1660413371.8
381,3.45,28.0,31.998,2638.95,621.0,-69.99,,,,,,,,,,852.0,120.0,-75.82,24.68,3.0,,,,,41.847878,-87.625214,,,1660413371.9
382,3.23,28.0,35.794,,,,,,,,,,,,18.043,852.0,120.0,-76.19,24.16,15.0,,,,,41.847874,-87.625237,,,1660413372.0
383,14.29,28.0,32.337,2638.95,621.0,-68.06,,,,,,,,,,852.0,120.0,-77.08,24.52,5.0,,,,,41.84787,-87.625252,,,1660413372.1
384,17.86,27.22,34.177,,,,,,,,,,,,,852.0,120.0,-77.76,25.84,13.75,,,,,41.847866,-87.625275,,,1660413372.2
385,8.82,25.48,32.119,2638.95,621.0,-68.48,,,,,,,,,,852.0,120.0,-78.53,23.96,7.0,,,,,41.847862,-87.62529,2967308.0,47.477,1660413372.3
386,18.52,27.68,28.972,2638.95,621.0,-69.22,,,,,,,,,,852.0,120.0,-77.86,25.46,4.08,,,,,41.847855,-87.625305,,,1660413372.4
387,25.0,26.57,24.708,,,,,,,,,,,,,852.0,120.0,-77.38,25.97,8.08,,,,,41.847851,-87.625328,,,1660413372.5
388,17.24,27.63,30.228,2638.95,621.0,-69.55,,,,,,,,,,852.0,120.0,-77.63,23.13,7.0,,,,,41.847847,-87.625343,,,1660413372.6
389,16.67,27.72,32.936,2638.95,621.0,-69.44,,,,,,,,,,852.0,120.0,-78.9,24.34,10.0,,,,,41.847843,-87.625366,,,1660413372.7
390,15.63,28.0,29.331,,,,,,,,,,,,,852.0,120.0,-79.11,24.18,15.0,,,,,41.847839,-87.625381,2973364.0,47.574,1660413372.8
391,12.9,28.0,37.678,2638.95,621.0,-65.39,,,,,,,,,,852.0,120.0,-77.16,25.91,6.33,,,,,41.847832,-87.625397,,,1660413372.9
392,13.89,27.13,21.608,,,,,,,,,,,,17.112,852.0,120.0,-76.94,23.16,9.09,,,,,41.847828,-87.62542,,,1660413373.0
393,23.81,26.16,15.497,2638.95,621.0,-64.05,,,,,,,,,,852.0,120.0,-75.6,25.29,15.83,,,,,41.84782,-87.625435,,,1660413373.1
394,23.33,24.78,19.64,2638.95,621.0,-62.8,,,,,,,,,,852.0,120.0,-74.63,22.27,4.0,,,,,41.847816,-87.62545,,,1660413373.2
395,25.81,24.0,18.185,,,,,,,,,,,,,852.0,120.0,-74.47,22.77,7.5,,,,,41.847809,-87.625473,2476716.0,39.627,1660413373.3
396,18.6,22.89,13.384,2638.95,621.0,-62.77,,,,,,,,,,852.0,120.0,-74.41,23.81,7.5,,,,,41.847801,-87.625488,,,1660413373.4
397,20.0,23.5,26.808,,,,,,,,,,,,,852.0,120.0,-74.49,26.36,11.25,,,,,41.847797,-87.625504,,,1660413373.5
398,13.51,21.72,20.629,2638.95,621.0,-62.72,,,,,,,,,,852.0,120.0,-74.95,20.41,9.0,,,,,41.84779,-87.625519,,,1660413373.6
399,24.32,24.07,20.533,2638.95,621.0,-63.05,,,,,,,,,,852.0,120.0,-73.83,22.33,11.11,,,,,41.847786,-87.625542,,,1660413373.7
400,26.92,24.47,20.814,,,,,,,,,,,,,852.0,120.0,-77.19,24.29,1.0,,,,,41.847778,-87.625557,2231524.0,35.704,1660413373.8
401,22.22,25.48,21.716,2638.95,621.0,-64.01,,,,,,,,,,852.0,120.0,-77.63,26.49,20.0,,,,,41.847775,-87.625572,,,1660413373.9
402,20.69,26.04,22.458,2638.95,621.0,-64.44,,,,,,,,,16.427,852.0,120.0,-73.63,20.69,9.0,,,,,41.847771,-87.625595,,,1660413374.0
403,27.59,26.9,23.74,,,,,,,,,,,,,852.0,120.0,-73.19,23.37,1.25,,,,,41.847767,-87.62561,,,1660413374.1
404,28.13,25.7,21.198,2638.95,621.0,-64.63,,,,,,,,,,852.0,120.0,-74.99,26.32,11.67,,,,,41.847763,-87.625626,,,1660413374.2
405,13.79,24.0,20.837,,,,,,,,,,,,,852.0,120.0,-70.48,21.73,4.4,,,,,41.847759,-87.625641,2357788.0,37.725,1660413374.3
406,14.81,24.26,24.199,2638.95,621.0,-64.74,,,,,,,,,,852.0,120.0,-68.82,24.16,12.0,,,,,41.847755,-87.625664,,,1660413374.4
407,18.52,26.0,26.784,2638.95,621.0,-64.84,,,,,,,,,,852.0,120.0,-69.44,20.09,6.25,,,,,41.847752,-87.625679,,,1660413374.5
408,17.86,25.91,31.082,,,,,,,,,,,,,852.0,120.0,-69.15,19.18,4.04,,,,,41.847748,-87.625694,,,1660413374.6
409,32.0,25.65,20.331,2638.95,621.0,-65.7,,,,,,,,,,852.0,120.0,-70.94,24.5,0.0,,,,,41.847744,-87.625717,,,1660413374.7
410,25.0,25.5,21.38,2638.95,621.0,-67.05,,,,,,,,,,852.0,120.0,-70.2,27.14,6.25,,,,,41.84774,-87.625732,2430972.0,38.896,1660413374.8
411,18.18,27.3,28.944,,,,,,,,,,,,,852.0,120.0,-69.33,26.44,10.13,,,,,41.847733,-87.625748,,,1660413374.9
412,7.14,28.0,28.398,2638.95,621.0,-67.8,,,,,,,,,18.88,852.0,120.0,-70.2,27.6,3.8,,,,,41.847729,-87.625763,,,1660413375.0
413,12.5,27.96,34.63,,,,,,,,,,,,,852.0,120.0,-72.21,27.72,13.75,,,,,41.847721,-87.625778,,,1660413375.1
414,38.46,28.0,22.27,2638.95,621.0,-67.44,,,,,,,,,,852.0,120.0,-71.71,27.47,7.5,,,,,41.847717,-87.625793,,,1660413375.2
415,24.0,26.68,19.313,2638.95,621.0,-67.11,,,,,,,,,,852.0,120.0,-75.84,27.78,2.0,,,,,41.84771,-87.625809,2902688.0,46.443,1660413375.3
416,25.0,26.38,23.315,,,,,,,,,,,,,852.0,120.0,-76.97,26.06,15.0,,,,,41.847702,-87.625832,,,1660413375.4
417,31.03,23.1,15.718,2638.95,621.0,-65.94,,,,,,,,,,852.0,120.0,-76.67,25.51,11.11,,,,,41.847698,-87.625847,,,1660413375.5
418,26.67,23.14,19.19,2638.95,621.0,-64.57,,,,,,,,,,852.0,120.0,-77.3,24.72,4.12,,,,,41.847691,-87.625862,,,1660413375.6
419,37.93,22.67,17.162,,,,,,,,,,,,,852.0,120.0,-76.74,26.4,11.0,,,,,41.847687,-87.625877,,,1660413375.7
420,37.04,20.53,12.01,2638.95,621.0,-63.48,,,,,,,,,,852.0,120.0,-76.28,25.06,11.25,,,,,41.847679,-87.625893,2285832.0,36.573,1660413375.8
421,46.15,18.0,9.153,,,,,,,,,,,,,852.0,120.0,-76.65,25.01,9.0,,,,,41.847675,-87.625908,,,1660413375.9
422,38.46,21.0,14.077,2638.95,621.0,-62.86,,,,,,,,,18.505,852.0,120.0,-76.76,25.48,10.0,,,,,41.847672,-87.625923,,,1660413376.0
423,23.08,21.6,18.789,2638.95,621.0,-62.65,,,,,,,,,,852.0,120.0,-76.65,23.17,10.0,,,,,41.847668,-87.625946,,,1660413376.1
424,27.27,23.81,23.905,,,,,,,,,,,,,852.0,120.0,-76.83,24.33,2.0,,,,,41.847664,-87.625961,,,1660413376.2
425,29.63,23.26,16.311,2638.95,621.0,-63.02,,,,,,,,,,852.0,120.0,-78.39,25.67,15.0,,,,,41.84766,-87.625977,1891452.0,30.263,1660413376.3
426,29.63,20.58,17.888,,,,,,,,,,,,,852.0,120.0,-78.7,24.24,15.0,,,,,41.847656,-87.625992,,,1660413376.4
427,29.17,19.82,15.472,2638.95,621.0,-62.87,,,,,,,,,,852.0,120.0,-78.27,23.31,0.0,,,,,41.847652,-87.626007,,,1660413376.5
428,22.58,19.83,20.233,2638.95,621.0,-64.57,,,,,,,,,,852.0,120.0,-77.29,25.32,10.0,,,,,41.847649,-87.62603,,,1660413376.6
429,19.35,20.04,20.569,,,,,,,,,,,,,852.0,120.0,-78.63,25.2,11.11,,,,,41.847645,-87.626045,,,1660413376.7
430,25.93,23.1,21.646,2638.95,621.0,-65.88,,,,,,,,,,852.0,120.0,-79.71,23.12,6.0,,,,,41.847641,-87.62606,2291784.0,36.669,1660413376.8
431,23.33,25.0,28.873,,,,,,,,,,,,,852.0,120.0,-79.78,24.39,4.95,,,,,41.847633,-87.626076,,,1660413376.9
432,17.24,24.46,27.308,2638.95,621.0,-65.91,,,,,,,,,3.035,852.0,120.0,-78.92,23.21,16.25,,,,,41.84763,-87.626091,,,1660413377.0
433,0.0,13.0,0.099,2638.95,621.0,-66.66,,,,,,,,,,852.0,120.0,-79.91,17.28,5.26,,,,,41.847622,-87.626114,,,1660413377.1
434,0.0,11.88,0.079,,,,,,,,,,,,,852.0,120.0,-80.48,,,,,,,41.847618,-87.626129,,,1660413377.2
435,0.0,11.88,0.071,2638.95,621.0,-67.23,,,,,,,,,,852.0,120.0,-79.08,,,,,,,41.84761,-87.626144,900060.0,14.401,1660413377.3
436,0.0,9.0,0.021,,,,,,,,,,,,,852.0,120.0,-71.42,,,,,,,41.847603,-87.62616,,,1660413377.4
437,0.0,9.0,0.021,2638.95,621.0,-64.23,,,,,,,,,,852.0,120.0,-74.13,,25.0,,,,,41.847599,-87.626175,,,1660413377.5
438,0.0,9.0,0.021,,,,,,,,,,,,,,,,,,,,,,41.847591,-87.626198,,,1660413377.6
439,0.0,7.67,0.021,,,,,,,,,,,,,,,,,,,,,,41.847588,-87.626213,,,1660413377.7
440,0.0,13.0,0.021,2638.95,621.0,-60.59,,,,,,,,,,852.0,120.0,-69.31,,,,,,,41.84758,-87.626228,0.0,0.0,1660413377.8
441,0.0,9.0,0.021,,,,,,,,,,,,,,,,,,,,,,41.847576,-87.626244,,,1660413377.9
442,0.0,5.0,0.021,2638.95,621.0,-59.77,,,,,,,,,,,,,,,,,,,41.847569,-87.626259,,,1660413378.0
443,0.0,13.0,0.021,2638.95,621.0,-59.3,,,,,,,,,,,,,23.0,,,,,,41.847565,-87.626274,,,1660413378.1
444,0.0,13.0,0.021,,,,,,,,,,,,,,,,,,,,,,41.847561,-87.626289,,,1660413378.2
445,0.0,9.0,0.021,,,,,,,,,,,,,,,,,,,,,,41.847557,-87.626312,0.0,0.0,1660413378.3
446,0.0,13.0,0.021,2638.95,621.0,-62.27,,,,,,,,,,852.0,120.0,-69.09,,,,,,,41.847549,-87.626328,,,1660413378.4
447,0.0,5.0,0.021,,,,,,,,,,,,,852.0,120.0,-71.75,,,,,,,41.847546,-87.626343,,,1660413378.5
448,0.0,13.0,0.021,2638.95,621.0,-62.42,,,,,,,,,,852.0,120.0,-77.0,,,,,,,41.847542,-87.626358,,,1660413378.6
449,0.0,13.0,0.021,2638.95,621.0,-61.01,,,,,,,,,,,,,,,,,,,41.847534,-87.626373,,,1660413378.7
450,0.0,5.0,0.021,,,,,,,,,,,,,,,,,,,,,,41.84753,-87.626389,0.0,0.0,1660413378.8
451,0.0,13.0,0.021,,,,,,,,,,,,,,,,,,,,,,41.847527,-87.626404,,,1660413378.9
452,0.0,13.0,0.043,2638.95,621.0,-64.71,,,,,,,,,0.0,,,,,,,,,,41.847519,-87.626419,,,1660413379.0
453,0.0,7.67,0.021,,,,,,,,,,,,,852.0,120.0,-73.31,,,,,,,41.847515,-87.626442,,,1660413379.1
454,0.0,13.0,0.021,2638.95,621.0,-61.91,,,,,,,,,,,,,,,,,,,41.847511,-87.626457,,,1660413379.2
455,0.0,13.0,0.021,,,,,,,,,,,,,,,,,,,,,,41.847504,-87.626472,0.0,0.0,1660413379.3
456,0.0,13.0,0.011,,,,,,,,,,,,,852.0,120.0,-65.88,4.0,,,,,,41.8475,-87.626488,,,1660413379.4
457,0.0,13.0,0.032,2638.95,621.0,-56.91,,,,,,,,,,,,,,0.0,,,,,41.847496,-87.626503,,,1660413379.5
458,0.0,9.0,0.021,2638.95,621.0,-56.87,,,,,,,,,,,,,,,,,,,41.847492,-87.626526,,,1660413379.6
459,0.0,14.5,0.093,,,,,,,,,,,,,852.0,120.0,-77.22,,,,,,,41.847485,-87.626541,,,1660413379.7
460,16.67,13.0,0.05,2638.95,621.0,-55.84,,,,,,,,,,852.0,120.0,-77.28,,,,,,,41.847481,-87.626556,1261.0,0.02,1660413379.8
461,0.0,10.33,0.022,,,,,,,,,,,,,852.0,120.0,-71.44,,,,,,,41.847477,-87.626572,,,1660413379.9
462,33.33,13.0,0.021,2638.95,621.0,-54.89,,,,,,,,,0.0,,,,,,,,,,41.847469,-87.626595,,,1660413380.0
463,0.0,13.0,0.02,2638.95,621.0,-54.78,,,,,,,,,,,,,,,,,,,41.847466,-87.62661,,,1660413380.1
464,0.0,13.0,0.037,,,,,,,,,,,,,,,,,,,,,,41.847462,-87.626633,,,1660413380.2
465,0.0,10.33,0.021,,,,,,,,,,,,,852.0,120.0,-68.88,,,,,,,41.847458,-87.626648,0.0,0.0,1660413380.3
466,0.0,13.0,0.021,2638.95,621.0,-54.2,,,,,,,,,,,,,,,,,,,41.84745,-87.626663,,,1660413380.4
467,0.0,13.0,0.021,,,,,,,,,,,,,,,,,,,,,,41.847446,-87.626686,,,1660413380.5
468,0.0,10.33,0.021,2638.95,621.0,-54.69,,,,,,,,,,,,,,,,,,,41.847443,-87.626701,,,1660413380.6
469,0.0,9.0,0.021,2638.95,621.0,-56.05,,,,,,,,,,852.0,120.0,-67.81,4.0,,,,,,41.847435,-87.626724,,,1660413380.7
470,0.0,9.0,0.021,,,,,,,,,,,,,,,,,0.0,,,,,41.847431,-87.62674,0.0,0.0,1660413380.8
471,0.0,7.67,0.021,2638.95,621.0,-59.27,,,,,,,,,,,,,,,,,,,41.847427,-87.626755,,,1660413380.9
472,0.0,10.33,0.021,2638.95,621.0,-61.16,,,,,,,,,,852.0,120.0,-77.44,,,,,,,41.84742,-87.626778,,,1660413381.0
473,0.0,13.0,0.021,,,,,,,,,,,,,,,,,,,,,,41.847416,-87.626793,,,1660413381.1
474,0.0,7.67,0.021,2638.95,621.0,-64.34,,,,,,,,,,,,,,,,,,,41.847412,-87.626816,,,1660413381.2
475,0.0,13.0,0.021,,,,,,,,,,,,,852.0,120.0,-81.25,,,,,,,41.847404,-87.626831,0.0,0.0,1660413381.3
476,0.0,9.0,0.021,2638.95,621.0,-65.02,,,,,,,,,,,,,,,,,,,41.847401,-87.626846,,,1660413381.4
477,0.0,13.0,0.011,,,,,,,,,,,,,,,,,,,,,,41.847397,-87.626869,,,1660413381.5
478,0.0,9.0,0.021,2638.95,621.0,-65.93,,,,,,,,,,852.0,120.0,-81.44,,,,,,,41.847393,-87.626884,,,1660413381.6
479,0.0,9.0,0.021,2638.95,621.0,-65.46,,,,,,,,,,,,,,,,,,,41.847385,-87.626907,,,1660413381.7
480,0.0,13.0,0.021,,,,,,,,,,,,,,,,,,,,,,41.847382,-87.626923,0.0,0.0,1660413381.8
481,0.0,11.0,0.021,2638.95,621.0,-66.35,,,,,,,,,,,,,,,,,,,41.847378,-87.626938,,,1660413381.9
482,40.0,13.0,0.034,2638.95,621.0,-68.41,,,,,,,,,,,,,,,,,,,41.847374,-87.626961,,,1660413382.0
483,28.57,11.0,0.033,,,,,,,,,,,,,,,,,,,,,,41.84737,-87.626976,,,1660413382.1
484,0.0,13.0,0.021,2638.95,621.0,-70.28,,,,,,,,,,,,,,,,,,,41.847366,-87.626991,,,1660413382.2
485,0.0,7.67,0.021,,,,,,,,,,,,,852.0,120.0,-81.69,,,,,,,41.847359,-87.627014,0.0,0.0,1660413382.3
486,0.0,13.0,0.021,2638.95,621.0,-71.4,,,,,,,,,,,,,,,,,,,41.847355,-87.627029,,,1660413382.4
487,0.0,10.33,0.021,,,,,,,,,,,,,,,,,,,,,,41.847351,-87.627045,,,1660413382.5
488,0.0,13.0,0.014,,,,,,,,,,,,,852.0,120.0,-80.75,,,,,,,41.847347,-87.62706,,,1660413382.6
489,0.0,11.67,0.063,2638.95,621.0,-76.33,,,,,,,,,,,,,,,,,,,41.847343,-87.627083,,,1660413382.7
490,0.0,13.0,0.02,2638.95,621.0,-80.38,,,,,,,,,,,,,,,,,,,41.84734,-87.627098,0.0,0.0,1660413382.8
491,,,0.0,,,,,,,,,,,,,852.0,120.0,-80.81,,,,,,,41.847336,-87.627121,,,1660413382.9
492,,,0.0,2638.95,621.0,-81.19,,,,,,,,,,,,,,,,,,,41.847332,-87.627144,,,1660413383.0
493,,,0.0,,,,,,,,,,,,,,,,,,,,,,41.847328,-87.627167,,,1660413383.1
494,0.0,0.0,0.007,2638.95,621.0,-81.42,,,,,,,,,,852.0,120.0,-82.63,,,,,,,41.847324,-87.62719,,,1660413383.2
495,,,0.0,,,,,,,,,,,,,,,,,,,,,,41.847321,-87.627213,0.0,0.0,1660413383.3
496,,,0.0,2638.95,621.0,-80.89,,,,,,,,,,,,,,,,,,,41.847317,-87.627228,,,1660413383.4
497,0.0,4.0,0.002,2638.95,621.0,-79.62,,,,,,,,,,,,,,,,,,,41.847313,-87.627251,,,1660413383.5
498,,,0.0,,,,,,,,,,,,,852.0,120.0,-78.44,,,,,,,41.847309,-87.627274,,,1660413383.6
499,,,0.0,,,,,,,,,,,,,,,,,,,,,,41.847305,-87.627296,,,1660413383.7
500,,,0.0,2638.95,621.0,-78.83,,,,,,,,,,,,,,,,,,,41.847301,-87.627319,0.0,0.0,1660413383.8
501,0.0,4.0,0.002,,,,,,,,,,,,,852.0,120.0,-81.88,,,,,,,41.847298,-87.627342,,,1660413383.9
502,,,0.0,,,,,,,,,,,,,,,,,,,,,,41.847294,-87.627357,,,1660413384.0
503,,,0.0,2638.95,621.0,-78.58,,,,,,,,,,,,,,,,,,,41.847294,-87.62738,,,1660413384.1
504,0.0,0.0,0.544,2638.95,621.0,-79.97,,,,,,,,,,852.0,120.0,-79.75,,,,,,,41.84729,-87.627396,,,1660413384.2
505,,,0.0,,,,,,,,,,,,,,,,,,,,,,41.847286,-87.627419,0.0,0.0,1660413384.3
506,,,0.0,2638.95,621.0,-80.73,,,,,,,,,,,,,,,,,,,41.847282,-87.627441,,,1660413384.4
507,,,0.0,2638.95,621.0,-81.55,,,,,,,,,,852.0,120.0,-76.06,,,,,,,41.847279,-87.627457,,,1660413384.5
508,0.0,0.0,0.007,,,,,,,,,,,,,,,,,,,,,,41.847279,-87.62748,,,1660413384.6
509,,,0.0,2638.95,621.0,-80.36,,,,,,,,,,,,,,,,,,,41.847275,-87.627495,,,1660413384.7
510,,,,2638.95,621.0,-79.62,,,,,,,,,,852.0,120.0,-77.38,,,,,,,41.847271,-87.627518,0.0,0.0,1660413384.8
511,,,0.0,,,,,,,,,,,,,,,,,,,,,,41.847267,-87.627541,,,1660413384.9
512,0.0,0.0,0.001,2638.95,621.0,-79.08,,,,,,,,,,,,,,,,,,,41.847267,-87.627556,,,1660413385.0
513,,,0.0,2638.95,621.0,-76.63,,,,,,,,,,852.0,120.0,-78.63,,,,,,,41.847263,-87.627579,,,1660413385.1
514,,,0.0,,,,,,,,,,,,,,,,,,,,,,41.847263,-87.627602,,,1660413385.2
515,0.0,0.0,0.001,2638.95,621.0,-76.73,,,,,,,,,,,,,,,,,,,41.84726,-87.627625,0.0,0.0,1660413385.3
516,,,0.0,,,,,,,,,,,,,,,,,,,,,,41.84726,-87.62764,,,1660413385.4
517,,,0.0,,,,,,,,,,,,,852.0,120.0,-80.5,,,,,,,41.84726,-87.627663,,,1660413385.5
518,,,0.0,2638.95,621.0,-77.2,,,,,,,,,,,,,,,,,,,41.847256,-87.627686,,,1660413385.6
519,0.0,10.14,0.312,2638.95,621.0,-78.77,,,,,,,,,,,,,,,,,,,41.847256,-87.627701,,,1660413385.7
520,0.0,14.25,0.117,,,,,,,,,,,,,852.0,120.0,-83.5,,,,,,,41.847252,-87.627724,2644.0,0.042,1660413385.8
521,25.0,10.33,0.02,2638.95,621.0,-80.97,,,,,,,,,,,,,,,,,,,41.847252,-87.627739,,,1660413385.9
522,0.0,13.0,0.034,,,,,,,,,,,,,,,,,,,,,,41.847252,-87.627762,,,1660413386.0
523,25.0,13.0,0.032,2638.95,621.0,-79.31,,,,,,,,,,852.0,120.0,-79.88,,,,,,,41.847252,-87.627777,,,1660413386.1
524,0.0,11.4,0.035,2638.95,621.0,-80.16,,,,,,,,,,,,,,,,,,,41.847252,-87.6278,,,1660413386.2
525,0.0,13.0,0.021,,,,,,,,,,,,,,,,,,,,,,41.847252,-87.627815,0.0,0.0,1660413386.3
526,0.0,13.0,0.021,2638.95,621.0,-80.13,,,,,,,,,,852.0,120.0,-76.25,,,,,,,41.847252,-87.627831,,,1660413386.4
527,0.0,5.0,0.021,,,,,,,,,,,,,,,,,,,,,,41.847252,-87.627853,,,1660413386.5
528,0.0,13.0,0.014,2638.95,621.0,-79.79,,,,,,,,,,,,,,,,,,,41.847252,-87.627869,,,1660413386.6
529,20.0,13.0,0.028,2638.95,621.0,-79.41,,,,,,,,,,852.0,120.0,-76.5,,,,,,,41.847252,-87.627892,,,1660413386.7
530,0.0,13.0,0.021,,,,,,,,,,,,,,,,,,,,,,41.847252,-87.627907,0.0,0.0,1660413386.8
531,0.0,13.0,0.021,2638.95,621.0,-78.74,,,,,,,,,,,,,,,,,,,41.847252,-87.62793,,,1660413386.9
532,0.0,13.0,0.021,2638.95,621.0,-78.24,,,,,,,,,0.001,,,,,,,,,,41.847252,-87.627945,,,1660413387.0
533,0.0,10.33,0.021,,,,,,,,,,,,,852.0,120.0,-77.13,,,,,,,41.847252,-87.627968,,,1660413387.1
534,,,,,,,,,,,,,,PRACH: Msg1(RA),,,,,,,,,,,41.847252,-87.627968,,,1660413387.112333
535,,,,,,,,,,,,,,Received RAR[True],,,,,,,,,,,41.847252,-87.627975,,,1660413387.123151
536,,,,,,,,,,,,,,PRACH: Msg2(RAR),,,,,,,,,,,41.847252,-87.627975,,,1660413387.123165
537,,,,,,,,,,,,,,PRACH: Msg3(UE ID),,,,,,,,,,,41.847252,-87.627975,,,1660413387.123504
538,0.0,10.33,0.021,2638.95,621.0,-78.62,,,,,,,,,,852.0,120.0,-78.95,4.67,0.0,,,,,41.847252,-87.627991,,,1660413387.2
539,0.0,13.0,0.085,,,,,,,,,,,,,852.0,120.0,-79.37,,0.0,,,,,41.847252,-87.628006,0.0,0.0,1660413387.3
540,25.0,10.33,0.021,2638.95,621.0,-78.16,,,,,,,,,,852.0,120.0,-78.77,,,,,,,41.847252,-87.628029,,,1660413387.4
541,25.0,13.0,0.021,2638.95,621.0,-77.23,,,,,,,,,,852.0,120.0,-79.84,,,,,,,41.847252,-87.628052,,,1660413387.5
542,0.0,5.0,0.021,,,,,,,,,,,,,,,,,,,,,,41.847252,-87.628075,,,1660413387.6
543,40.0,10.33,0.02,,,,,,,,,,,,,,,,,,,,,,41.847252,-87.62809,,,1660413387.7
544,0.0,10.33,0.021,2638.95,621.0,-75.52,,,,,,,,,,,,,,,,,,,41.847252,-87.628113,0.0,0.0,1660413387.8
545,0.0,13.0,0.059,2638.95,621.0,-74.93,,,,,,,,,,,,,,,,,,,41.847256,-87.628136,,,1660413387.9
546,0.0,13.0,0.021,,,,,,,,,,,,0.001,852.0,120.0,-79.44,,,,,,,41.847256,-87.628151,,,1660413388.0
547,0.0,13.0,0.011,2638.95,621.0,-74.58,,,,,,,,,,,,,,,,,,,41.84726,-87.628174,,,1660413388.1
548,0.0,13.0,0.028,2638.95,621.0,-74.53,,,,,,,,,,,,,,,,,,,41.84726,-87.628189,,,1660413388.2
549,0.0,10.33,0.021,,,,,,,,,,,,,852.0,120.0,-74.75,,,,,,,41.84726,-87.628204,0.0,0.0,1660413388.3
550,0.0,5.0,0.021,,,,,,,,,,,,,,,,,,,,,,41.847263,-87.628227,,,1660413388.4
551,0.0,10.33,0.021,2638.95,621.0,-74.36,,,,,,,,,,,,,23.0,,,,,,41.847263,-87.628242,,,1660413388.5
552,0.0,11.0,0.021,2638.95,621.0,-74.31,,,,,,,,,,,,,,50.0,,,,,41.847267,-87.628265,,,1660413388.6
553,0.0,5.0,0.021,,,,,,,,,,,,,852.0,120.0,-73.69,,,,,,,41.847267,-87.628281,,,1660413388.7
554,0.0,8.5,0.02,2638.95,621.0,-74.41,,,,,,,,,,,,,,,,,,,41.847271,-87.628304,0.0,0.0,1660413388.8
555,50.0,13.0,0.007,,,,,,,,,,,,,,,,,,,,,,41.847275,-87.628319,,,1660413388.9
556,,,,,,,,,,,,,,,,852.0,120.0,-75.5,,,,,,,41.847275,-87.628342,,,1660413389.0
557,,,0.0,2638.95,621.0,-74.76,,,,,,,,,,,,,,,,,,,41.847279,-87.628357,,,1660413389.1
558,0.0,0.0,0.007,2638.95,621.0,-75.98,,,,,,,,,,,,,,,,,,,41.847279,-87.62838,,,1660413389.2
559,,,0.0,,,,,,,,,,,,,852.0,120.0,-77.69,,,,,,,41.847282,-87.628395,0.0,0.0,1660413389.3
560,,,0.0,2638.95,621.0,-76.77,,,,,,,,,,,,,,,,,,,41.847282,-87.62841,,,1660413389.4
561,0.0,0.0,0.007,2638.95,621.0,-77.55,,,,,,,,,,,,,,,,,,,41.847282,-87.628433,,,1660413389.5
562,,,,,,,,,,,,,,,,852.0,120.0,-85.19,,,,,,,41.847286,-87.628448,,,1660413389.6
563,,,0.0,,,,,,,,,,,,,,,,,,,,,,41.847286,-87.628471,,,1660413389.7
564,,,0.0,2638.95,621.0,-78.05,,,,,,,,,,,,,,,,,,,41.84729,-87.628487,0.0,0.0,1660413389.8
565,0.0,11.83,0.055,2638.95,621.0,-77.73,,,,,,,,,,852.0,120.0,-89.0,,,,,,,41.847294,-87.628502,,,1660413389.9
566,0.0,12.83,0.078,,,,,,,,,,,,,,,,,,,,,,41.847301,-87.628525,,,1660413390.0
567,0.0,13.0,0.079,2638.95,621.0,-78.05,,,,,,,,,,,,,,,,,,,41.847305,-87.62854,,,1660413390.1
568,0.0,7.67,0.02,2638.95,621.0,-78.37,,,,,,,,,,,,,,,,,,,41.847309,-87.628563,,,1660413390.2
569,0.0,10.33,0.021,,,,,,,,,,,,,852.0,120.0,-87.0,,,,,,,41.847313,-87.628578,519.0,0.008,1660413390.3
570,0.0,13.0,0.052,2638.95,621.0,-79.38,,,,,,,,,,,,,,,,,,,41.847321,-87.628593,,,1660413390.4
571,0.0,11.0,0.052,,,,,,,,,,,,,,,,,,,,,,41.847324,-87.628616,,,1660413390.5
572,0.0,11.4,0.05,2638.95,621.0,-79.35,,,,,,,,,,852.0,120.0,-88.13,,,,,,,41.847328,-87.628632,,,1660413390.6
573,0.0,13.0,0.021,,,,,,,,,,,,,,,,,,,,,,41.847336,-87.628654,,,1660413390.7
574,0.0,9.0,0.014,2638.95,621.0,-80.53,,,,,,,,,,,,,,,,,,,41.84734,-87.62867,0.0,0.0,1660413390.8
575,40.0,13.0,0.03,2638.95,621.0,-81.84,,,,,,,,,,852.0,120.0,-90.88,,,,,,,41.847343,-87.628685,,,1660413390.9
576,0.0,13.0,0.023,2638.95,621.0,-82.82,,,,,,,,,,,,,,,,,,,41.847347,-87.6287,,,1660413391.0
577,0.0,13.0,0.014,,,,,,,,,,,,,,,,,,,,,,41.847351,-87.628723,,,1660413391.1
578,0.0,13.0,0.022,2638.95,621.0,-83.91,,,,,,,,,,852.0,120.0,-89.81,,,,,,,41.847355,-87.628738,,,1660413391.2
579,0.0,13.0,0.035,2638.95,621.0,-84.81,,,,,,,,,,,,,,,,,,,41.847359,-87.628754,0.0,0.0,1660413391.3
580,0.0,13.0,0.021,,,,,,,,,,,,,,,,,,,,,,41.847366,-87.628769,,,1660413391.4
581,0.0,13.0,0.021,2638.95,621.0,-85.55,,,,,,,,,,852.0,120.0,-91.75,,,,,,,41.84737,-87.628784,,,1660413391.5
582,0.0,13.0,0.011,,,,,,,,,,,,,,,,,,,,,,41.847374,-87.628807,,,1660413391.6
583,0.0,13.0,0.021,2638.95,621.0,-85.27,,,,,,,,,,,,,,,,,,,41.847378,-87.628822,,,1660413391.7
584,0.0,13.0,0.056,,,,,,,,,,,,,,,,,,,,,,41.847382,-87.628838,,,1660413391.8
585,0.0,13.0,0.014,2638.95,621.0,-85.02,,,,,,,,,,852.0,120.0,-91.56,,,,,,,41.847382,-87.628838,,,1660413391.9
586,,,,,,,,,,,,,,eventA3,,,,,,,,,,,41.847382,-87.628838,,,1660413391.916415
587,,,,,,,,,,,,,,eventA3,,,,,,,,,,,41.847382,-87.628838,,,1660413391.991943
588,,,,2638.95,621.0,-85.02,,,,,,,,,0.001,852.0,120.0,-91.38,,0.0,,,,,41.847382,-87.628838,,,1660413392.0
589,,,,,,,,,,,,,,Handover Attempt,,,,,,,,,,,41.847382,-87.628838,,,1660413392.01058
590,,,,,,,,,,,,,,Handover Success,,,,,,,,,,,41.847382,-87.628838,,,1660413392.036532
591,,,,,,,,,,,,,,PRACH: Msg1(RA),,,,,,,,,,,41.847382,-87.628838,,,1660413392.047174
592,,,,,,,,,,,,,,Received RAR[True],,,,,,,,,,,41.847382,-87.628838,,,1660413392.056883
593,,,,,,,,,,,,,,PRACH: Msg2(RAR),,,,,,,,,,,41.847382,-87.628838,,,1660413392.056899
594,,,,,,,,,,,,,,PRACH: Msg3(UE ID),,,,,,,,,,,41.847382,-87.628838,,,1660413392.05712
595,,,,,,,,,,,,,,PRACH: Msg1(RA),,,,,,,,,,,41.847382,-87.628838,,,1660413392.0576
596,,,,,,,,,,,,,,,,,,,,,,,,,40.76675,-87.12043,0.0,0.0,1660413391.8
