TIME_STAMP,Lat,Lon,Smart Phone Smart Throughput Mobile Network DL Throughput [Mbps],Event 5G-NR/LTE Events,5G KPI PCell RF Frequency [MHz],LTE KPI PCell Serving EARFCN(DL),LTE KPI PCell Serving PCI,5G KPI PCell RF Serving PCI,LTE KPI PCell MAC DL Throughput[Mbps],LTE KPI SCell[1] MAC DL Throughput[Mbps],LTE KPI SCell[2] MAC DL Throughput[Mbps],LTE KPI SCell[3] MAC DL Throughput[Mbps],LTE KPI SCell[4] MAC DL Throughput[Mbps],5G KPI PCell Layer2 MAC DL Throughput [Mbps],5G KPI SCell[1] Layer2 MAC DL Throughput [Mbps],5G KPI SCell[2] Layer2 MAC DL Throughput [Mbps],5G KPI SCell[3] Layer2 MAC DL Throughput [Mbps],5G KPI SCell[4] Layer2 MAC DL Throughput [Mbps],5G KPI SCell[5] Layer2 MAC DL Throughput [Mbps],5G KPI SCell[6] Layer2 MAC DL Throughput [Mbps],5G KPI SCell[7] Layer2 MAC DL Throughput [Mbps],LTE KPI PCell Serving BandWidth(DL),5G KPI PCell RF BandWidth,LTE KPI PCell DL MCS0,5G KPI PCell Layer1 DL MCS (Avg),LTE KPI PDSCH BLER[%],5G KPI PCell Layer1 DL BLER [%],LTE KPI PCell Serving RSRP[dBm],5G KPI PCell RF Serving SS-RSRP [dBm],Smart Phone Smart Throughput Mobile Network UL Throughput [Mbps],LTE KPI PCell MAC UL Throughput[Mbps],LTE KPI SCell[1] MAC UL Throughput[Mbps],LTE KPI SCell[2] MAC UL Throughput[Mbps],LTE KPI SCell[3] MAC UL Throughput[Mbps],LTE KPI SCell[4] MAC UL Throughput[Mbps],5G KPI PCell Layer2 MAC UL Throughput [Mbps],5G KPI SCell[1] Layer2 MAC UL Throughput [Mbps],5G KPI SCell[2] Layer2 MAC UL Throughput [Mbps],5G KPI SCell[3] Layer2 MAC UL Throughput [Mbps],5G KPI SCell[4] Layer2 MAC UL Throughput [Mbps],5G KPI SCell[5] Layer2 MAC UL Throughput [Mbps],5G KPI SCell[6] Layer2 MAC UL Throughput [Mbps],5G KPI SCell[7] Layer2 MAC UL Throughput [Mbps],LTE KPI PCell UL MCS,5G KPI PCell Layer1 UL MCS (Avg),LTE KPI PUSCH BLER[%],5G KPI PCell Layer1 UL BLER [%],Smart Phone Smart Throughput Mobile Network Tx Byte
2022-08-13 18:59:26.000000,40.281761,-86.691833,,,,,,,0.002,,,,,,,,,,,,,,,,,,,,,,,,,,,,,,,,,,,,,,,
2022-08-13 18:59:26.503852,40.281761,-86.691833,,,,,,,,,,,,,,,,,,,,,,,,,,,,,,,,,,,,,,,,,,,,,,
2022-08-13 18:59:26.900000,40.281761,-86.691833,0.0,,,,,,,,,,,,,,,,,,,,,4.5,,0.0,,,,0.0,,,,,,,,,,,,,,,,,,0.0
2022-08-13 18:59:27.000000,40.281761,-86.691833,,,,,,,0.0,,,,,,,,,,,,,,,,,,,,,,,,,,,,,,,,,,,,,,,
2022-08-13 18:59:27.400000,40.281761,-86.691833,0.0,,,,,,,,,,,,,,,,,,,,,,,,,,,0.0,,,,,,,,,,,,,,,,,,0.0
2022-08-13 18:59:27.500000,40.281761,-86.691833,,,,66686.0,433.0,,,,,,,,,,,,,,,10.0,,2.0,,0.0,,-90.0,,,,,,,,,,,,,,,,,,,,
2022-08-13 18:59:27.900000,40.281761,-86.691833,0.0,,,,,,,,,,,,,,,,,,,,,,,,,,,0.0,,,,,,,,,,,,,,,,,,0.0
2022-08-13 18:59:28.000000,40.281761,-86.691833,,,,,,,,,,,,,,,,,,,,,,,,,,,,,,,,,,,,,,,,,,,,,,
2022-08-13 18:59:28.400000,40.281761,-86.691833,0.0,,,,,,,,,,,,,,,,,,,,,,,,,,,0.0,,,,,,,,,,,,,,,,,,0.0
2022-08-13 18:59:28.500000,40.281761,-86.691833,,,,66686.0,433.0,,,,,,,,,,,,,,,10.0,,,,,,-108.06,,,,,,,,,,,,,,,,,,,,
2022-08-13 18:59:28.800000,40.281761,-86.691833,,,,,,,,,,,,,,,,,,,,,,,,,,,,,,,,,,,,,,,,,,,,,,
2022-08-13 18:59:28.900000,40.281761,-86.691833,0.0,,,,,,,,,,,,,,,,,,,,,,,,,,,0.0,,,,,,,,,,,,,,,,,,0.0
2022-08-13 18:59:29.400000,40.281761,-86.691833,0.0,,,,,,,,,,,,,,,,,,,,,,,,,,,0.0,,,,,,,,,,,,,,,,,,0.0
2022-08-13 18:59:29.900000,40.281761,-86.691833,0.0,,,,,,,,,,,,,,,,,,,,,,,,,,,0.0,,,,,,,,,,,,,,,,,,0.0
2022-08-13 18:59:30.000000,40.281761,-86.691833,,,,,,,0.0,,,,,,,,,,,,,,,,,,,,,,,,,,,,,,,,,,,,,,,
2022-08-13 18:59:30.400000,40.281761,-86.691833,0.0,,,,,,,,,,,,,,,,,,,,,,,,,,,0.0,,,,,,,,,,,,,,,,,,0.0
2022-08-13 18:59:30.800000,40.281761,-86.691833,,,,66686.0,433.0,,,,,,,,,,,,,,,10.0,,4.0,,0.0,,-108.53,,,,,,,,,,,,,,,,,,,,
2022-08-13 18:59:30.870346,40.281761,-86.691833,,RRC Setup Start,,,,,,,,,,,,,,,,,,,,,,,,,,,,,,,,,,,,,,,,,,,,
2022-08-13 18:59:30.900000,40.281761,-86.691833,0.0,,,66686.0,433.0,,,,,,,,,,,,,,,10.0,,,,,,-106.55,,0.001,,,,,,,,,,,,,,,,,,60.0
2022-08-13 18:59:30.918824,40.281761,-86.691833,,PRACH: Msg1(RA),,,,,,,,,,,,,,,,,,,,,,,,,,,,,,,,,,,,,,,,,,,,
2022-08-13 18:59:30.919607,40.281761,-86.691833,,PRACH: Msg2(RAR),,,,,,,,,,,,,,,,,,,,,,,,,,,,,,,,,,,,,,,,,,,,
2022-08-13 18:59:30.919625,40.281761,-86.691833,,PRACH: Msg3(UE ID),,,,,,,,,,,,,,,,,,,,,,,,,,,,,,,,,,,,,,,,,,,,
2022-08-13 18:59:30.935839,40.281761,-86.691833,,PRACH: Msg4[Pass],,,,,,,,,,,,,,,,,,,,,,,,,,,,,,,,,,,,,,,,,,,,
2022-08-13 18:59:30.935862,40.281761,-86.691833,,Received RAR[True],,,,,,,,,,,,,,,,,,,,,,,,,,,,,,,,,,,,,,,,,,,,
2022-08-13 18:59:30.936976,40.281761,-86.691833,,RRC Setup Success,,,,,,,,,,,,,,,,,,,,,,,,,,,,,,,,,,,,,,,,,,,,
2022-08-13 18:59:31.000000,40.281761,-86.691833,,,,66686.0,433.0,,0.024,,0.002,,,,,,,,,,,10.0,,,,,,-107.58,,,1.417,,,,,,,,,,,,,15.42,,9.09,,
2022-08-13 18:59:31.100000,40.281761,-86.691833,,,,66686.0,433.0,,,,,,,,,,,,,,,10.0,,,,,,-106.87,,,,,,,,,,,,,,,,7.42,,20.83,,
2022-08-13 18:59:31.200000,40.281761,-86.691833,,,,66686.0,433.0,,,,,,,,,,,,,,,10.0,,3.71,,0.0,,-107.18,,,,,,,,,,,,,,,,3.07,,12.24,,
2022-08-13 18:59:31.300000,40.281761,-86.691833,,,,66686.0,433.0,,,,,,,,,,,,,,,10.0,,4.23,,4.35,,-108.33,,,,,,,,,,,,,,,,4.51,,7.14,,
2022-08-13 18:59:31.400000,40.281761,-86.691833,0.032,,,66686.0,433.0,,,,,,,,,,,,,,,10.0,,,,,,-109.01,,1.786,,,,,,,,,,,,,,5.63,,21.79,,111656.0
2022-08-13 18:59:31.500000,40.281761,-86.691833,,,,66686.0,433.0,,,,,,,,,,,,,,,10.0,,3.53,,11.11,,-108.23,,,,,,,,,,,,,,,,3.05,,8.7,,
2022-08-13 18:59:31.528674,40.281761,-86.691833,,eventB1_NR_r15,,,,,,,,,,,,,,,,,,,,,,,,,,,,,,,,,,,,,,,,,,,,
2022-08-13 18:59:31.585010,40.281761,-86.691833,,Handover Attempt,,,,,,,,,,,,,,,,,,,,,,,,,,,,,,,,,,,,,,,,,,,,
2022-08-13 18:59:31.600000,40.281761,-86.691833,,,873.85,66686.0,433.0,487.0,,,,,,0.0,,,,,,,,10.0,10.0,3.67,0.0,0.0,0.0,-102.35,-88.48,,,,,,,0.078,,,,,,,,,10.0,,33.33,
2022-08-13 18:59:31.624469,40.281761,-86.691833,,Handover Success,,,,,,,,,,,,,,,,,,,,,,,,,,,,,,,,,,,,,,,,,,,,
2022-08-13 18:59:31.664859,40.281761,-86.691833,,,,,,,,,,,,,,,,,,,,,,,,,,,,,,,,,,,,,,,,,,,,,,
2022-08-13 18:59:31.665200,40.281761,-86.691833,,PRACH: Msg1(RA),,,,,,,,,,,,,,,,,,,,,,,,,,,,,,,,,,,,,,,,,,,,
2022-08-13 18:59:31.674802,40.281761,-86.691833,,PRACH: Msg1(RA),,,,,,,,,,,,,,,,,,,,,,,,,,,,,,,,,,,,,,,,,,,,
2022-08-13 18:59:31.682464,40.281761,-86.691833,,PRACH: Msg2(RAR),,,,,,,,,,,,,,,,,,,,,,,,,,,,,,,,,,,,,,,,,,,,
2022-08-13 18:59:31.682478,40.281761,-86.691833,,PRACH: Msg3(UE ID),,,,,,,,,,,,,,,,,,,,,,,,,,,,,,,,,,,,,,,,,,,,
2022-08-13 18:59:31.682509,40.281761,-86.691833,,PRACH: Msg2(RAR),,,,,,,,,,,,,,,,,,,,,,,,,,,,,,,,,,,,,,,,,,,,
2022-08-13 18:59:31.682509,40.281761,-86.691833,,PRACH: Msg3(UE ID),,,,,,,,,,,,,,,,,,,,,,,,,,,,,,,,,,,,,,,,,,,,
2022-08-13 18:59:31.682509,40.281761,-86.691833,,PRACH: Msg4,,,,,,,,,,,,,,,,,,,,,,,,,,,,,,,,,,,,,,,,,,,,
2022-08-13 18:59:31.682509,40.281761,-86.691833,,PRACH: Msg4[Pass]			,,,,,,,,,,,,,,,,,,,,,,,,,,,,,,,,,,,,,,,,,,,,
2022-08-13 18:59:31.686231,40.281761,-86.691833,,PRACH: Msg5,,,,,,,,,,,,,,,,,,,,,,,,,,,,,,,,,,,,,,,,,,,,
2022-08-13 18:59:31.691623,40.281761,-86.691833,,Received RAR[True],,,,,,,,,,,,,,,,,,,,,,,,,,,,,,,,,,,,,,,,,,,,
2022-08-13 18:59:31.691636,40.281761,-86.691833,,PRACH: Msg4[Pass],,,,,,,,,,,,,,,,,,,,,,,,,,,,,,,,,,,,,,,,,,,,
2022-08-13 18:59:31.700000,40.281761,-86.691833,,,,66686.0,433.0,,,,,,,0.68,,,,,,,,10.0,,,21.1,,35.48,-103.08,,,,,,,,6.255,,,,,,,,9.9,11.0,17.31,20.75,
2022-08-13 18:59:31.708479,40.281761,-86.691833,,,,,,,,,,,,,,,,,,,,,,,,,,,,,,,,,,,,,,,,,,,,,,
2022-08-13 18:59:31.800000,40.281761,-86.691833,,,873.85,66686.0,433.0,487.0,,,,,,0.477,,,,,,,,10.0,10.0,1.5,14.0,0.0,33.33,-104.64,-90.09,,,,,,,1.17,,,,,,,,4.89,3.36,9.89,17.02,
2022-08-13 18:59:31.900000,40.281761,-86.691833,0.104,,873.85,66686.0,433.0,487.0,,,,,,0.834,,,,,,,,10.0,10.0,,13.23,,32.5,-104.61,-91.83,3.318,,,,,,3.299,,,,,,,,4.49,2.3,8.0,8.75,207350.0
2022-08-13 18:59:32.000000,40.281761,-86.691833,,,,66686.0,433.0,,0.002,,,,,0.525,,,,,,,,10.0,,,13.83,,38.89,-106.84,,,4.364,,,,,3.498,,,,,,,,3.79,2.54,8.0,4.05,
2022-08-13 18:59:32.100000,40.281761,-86.691833,,,873.85,66686.0,433.0,487.0,,,,,,0.796,,,,,,,,10.0,10.0,0.0,16.3,0.0,31.91,-107.69,-94.91,,,,,,,4.0,,,,,,,,3.25,3.0,6.0,17.05,
2022-08-13 18:59:32.200000,40.281761,-86.691833,,,873.85,66686.0,433.0,487.0,,,,,,1.055,,,,,,,,10.0,10.0,,15.92,,9.3,-105.24,-94.98,,,,,,,5.994,,,,,,,,4.69,4.71,9.09,4.0,
2022-08-13 18:59:32.300000,40.281761,-86.691833,,,,66686.0,433.0,,,,,,,1.054,,,,,,,,10.0,,,15.93,,10.64,-101.78,,,,,,,,8.756,,,,,,,,7.58,7.53,11.25,8.14,
2022-08-13 18:59:32.400000,40.281761,-86.691833,0.25,,873.85,66686.0,433.0,487.0,,,,,,1.016,,,,,,,,10.0,10.0,0.0,14.75,0.0,13.33,-100.17,-92.09,8.397,,,,,,4.374,,,,,,,,10.76,9.13,5.19,6.06,524810.0
2022-08-13 18:59:32.500000,40.281761,-86.691833,,,,66686.0,433.0,,,,,,,0.99,,,,,,,,10.0,,,13.9,,21.31,-99.06,,,,,,,,6.439,,,,,,,,12.49,10.57,3.95,8.0,
2022-08-13 18:59:32.600000,40.281761,-86.691833,,,873.85,66686.0,433.0,487.0,,,,,,0.623,,,,,,,,10.0,10.0,,13.17,,3.57,-96.37,-91.45,,,,,,,8.206,,,,,,,,12.96,9.29,10.34,6.67,
2022-08-13 18:59:32.700000,40.281761,-86.691833,,,873.85,66686.0,433.0,487.0,,,,,,0.646,,,,,,,,10.0,10.0,0.18,11.3,0.0,7.69,-97.17,-91.09,,,,,,,3.524,,,,,,,,14.37,11.84,9.09,10.71,
2022-08-13 18:59:32.800000,40.281761,-86.691833,,,,66686.0,433.0,,,,,,,0.628,,,,,,,,10.0,,,11.0,,2.94,-101.57,,,,,,,,8.002,,,,,,,,11.72,9.36,11.86,13.24,
2022-08-13 18:59:32.900000,40.281761,-86.691833,0.273,,873.85,66686.0,433.0,487.0,,,,,,0.769,,,,,,,,10.0,10.0,,10.66,,6.38,-104.23,-92.27,10.845,,,,,,6.802,,,,,,,,8.83,6.78,14.0,16.67,677820.0
2022-08-13 18:59:33.000000,40.281761,-86.691833,,,873.85,66686.0,433.0,487.0,0.002,,,,,0.707,,,,,,,,10.0,10.0,0.27,9.91,0.0,2.33,-102.06,-93.08,,4.667,,,,,5.053,,,,,,,,8.97,3.87,2.0,11.24,
2022-08-13 18:59:33.100000,40.281761,-86.691833,,,,66686.0,433.0,,,,,,,0.709,,,,,,,,10.0,,,9.93,,0.0,-100.18,,,,,,,,6.621,,,,,,,,10.53,4.56,8.64,3.61,
2022-08-13 18:59:33.200000,40.281761,-86.691833,,,873.85,66686.0,433.0,487.0,,,,,,0.655,,,,,,,,10.0,10.0,,9.61,,5.41,-98.39,-92.7,,,,,,,4.473,,,,,,,,12.82,6.53,10.0,10.0,
2022-08-13 18:59:33.300000,40.281761,-86.691833,,,,66686.0,433.0,,,,,,,0.668,,,,,,,,10.0,,0.15,8.91,0.0,0.0,-99.9,,,,,,,,6.347,,,,,,,,12.32,7.78,12.5,12.07,
2022-08-13 18:59:33.400000,40.281761,-86.691833,0.291,,873.85,66686.0,433.0,487.0,,,,,,0.721,,,,,,,,10.0,10.0,,9.21,,0.0,-98.0,-91.17,9.664,,,,,,5.35,,,,,,,,12.06,8.63,15.38,5.0,605234.0
2022-08-13 18:59:33.500000,40.281761,-86.691833,,,873.85,66686.0,433.0,487.0,,,,,,0.127,,,,,,,,10.0,10.0,,10.0,,0.0,-97.7,-91.7,,,,,,,0.074,,,,,,,,12.25,16.4,0.0,16.67,
2022-08-13 18:59:33.600000,40.281761,-86.691833,,,,66686.0,433.0,,,,,,,0.544,,,,,,,,10.0,,0.0,9.9,0.0,0.0,-100.5,,,,,,,,4.147,,,,,,,,11.24,8.67,10.0,10.81,
2022-08-13 18:59:33.700000,40.281761,-86.691833,,,873.85,66686.0,433.0,487.0,,,,,,0.595,,,,,,,,10.0,10.0,,11.94,,25.58,-99.99,-91.51,,,,,,,4.644,,,,,,,,7.11,4.33,6.0,9.38,
2022-08-13 18:59:33.800000,40.281761,-86.691833,,,873.85,66686.0,433.0,487.0,,,,,,0.679,,,,,,,,10.0,10.0,,9.65,,2.44,-103.58,-93.41,,,,,,,6.008,,,,,,,,7.71,4.76,14.0,5.63,
2022-08-13 18:59:33.900000,40.281761,-86.691833,0.214,,,66686.0,433.0,,,,,,,0.807,,,,,,,,10.0,,0.09,9.86,0.0,0.0,-102.73,,8.491,,,,,,6.338,,,,,,,,9.63,6.94,3.8,3.64,530700.0
2022-08-13 18:59:34.000000,40.281761,-86.691833,,,873.85,66686.0,433.0,487.0,0.159,,,,,0.563,,,,,,,,10.0,10.0,,10.0,,6.06,-105.9,-92.86,,4.85,,,,,5.431,,,,,,,,9.47,6.87,12.0,11.76,
2022-08-13 18:59:34.100000,40.281761,-86.691833,,,,66686.0,433.0,,,,,,,0.609,,,,,,,,10.0,,,9.97,,23.26,-106.89,,,,,,,,5.508,,,,,,,,7.66,4.65,10.0,19.05,
2022-08-13 18:59:34.200000,40.281761,-86.691833,,,873.85,66686.0,433.0,487.0,,,,,,0.397,,,,,,,,10.0,10.0,6.86,8.48,0.0,14.29,-106.39,-94.43,,,,,,,4.386,,,,,,,,7.6,3.61,1.28,10.29,
2022-08-13 18:59:34.300000,40.281761,-86.691833,,,873.85,66686.0,433.0,487.0,,,,,,0.068,,,,,,,,10.0,10.0,8.77,7.0,5.56,0.0,-106.59,-96.06,,,,,,,3.333,,,,,,,,5.01,3.09,21.21,9.38,
2022-08-13 18:59:34.400000,40.281761,-86.691833,0.242,,,66686.0,433.0,,,,,,,0.025,,,,,,,,10.0,,7.65,5.0,17.81,0.0,-104.45,,8.895,,,,,,1.959,,,,,,,,5.88,3.06,9.47,21.43,554840.0
2022-08-13 18:59:34.500000,40.281761,-86.691833,,,873.85,66686.0,433.0,487.0,,,,,,0.042,,,,,,,,10.0,10.0,5.97,5.0,0.0,0.0,-101.75,-94.77,,,,,,,3.002,,,,,,,,11.77,4.1,1.02,0.0,
2022-08-13 18:59:34.600000,40.281761,-86.691833,,,873.85,66686.0,433.0,487.0,,,,,,0.04,,,,,,,,10.0,10.0,10.87,5.0,2.17,0.0,-109.12,-92.7,,,,,,,3.816,,,,,,,,12.44,6.61,14.71,5.26,
2022-08-13 18:59:34.700000,40.281761,-86.691833,,,,66686.0,433.0,,,,,,,0.034,,,,,,,,10.0,,9.1,5.0,13.04,0.0,-104.69,,,,,,,,3.99,,,,,,,,9.03,6.55,14.74,2.94,
2022-08-13 18:59:34.800000,40.281761,-86.691833,,,873.85,66686.0,433.0,487.0,,,,,,0.04,,,,,,,,10.0,10.0,9.0,5.0,0.0,0.0,-98.6,-91.29,,,,,,,3.799,,,,,,,,8.05,6.78,2.53,10.0,
2022-08-13 18:59:34.900000,40.281761,-86.691833,0.155,,,66686.0,433.0,,,,,,,0.039,,,,,,,,10.0,,10.7,5.0,0.0,0.0,-97.43,,9.06,,,,,,4.444,,,,,,,,8.1,7.5,12.82,2.86,566280.0
2022-08-13 18:59:35.000000,40.281761,-86.691833,,,873.85,66686.0,433.0,487.0,0.054,,,,,0.109,,,,,,,,10.0,10.0,11.83,8.43,0.0,0.0,-97.03,-90.88,,3.282,,,,,4.313,,,,,,,,9.7,5.51,7.22,8.51,
2022-08-13 18:59:35.100000,40.281761,-86.691833,,,873.85,66686.0,433.0,487.0,,,,,,1.192,,,,,,,,10.0,10.0,11.57,17.89,0.0,6.67,-97.14,-91.05,,,,,,,9.156,,,,,,,,12.63,7.13,3.85,9.3,
2022-08-13 18:59:35.200000,40.281761,-86.691833,,,,66686.0,433.0,,,,,,,0.852,,,,,,,,10.0,,,14.63,,19.44,-102.47,,,,,,,,6.123,,,,,,,,9.51,7.06,12.5,17.24,
2022-08-13 18:59:35.300000,40.281761,-86.691833,,,873.85,66686.0,433.0,487.0,,,,,,0.656,,,,,,,,10.0,10.0,,17.31,,11.11,-98.12,-91.18,,,,,,,5.211,,,,,,,,8.21,7.84,11.39,0.0,
2022-08-13 18:59:35.400000,40.281761,-86.691833,0.141,,,66686.0,433.0,,,,,,,0.213,,,,,,,,10.0,,0.27,19.0,0.0,33.33,-102.34,,7.58,,,,,,0.049,,,,,,,,,14.0,,40.0,473726.0
2022-08-13 18:59:35.500000,40.281761,-86.691833,,,873.85,66686.0,433.0,487.0,,,,,,0.079,,,,,,,,10.0,10.0,,15.0,,0.0,-105.08,-92.54,,,,,,,0.058,,,,,,,,,11.0,,0.0,
2022-08-13 18:59:35.600000,40.281761,-86.691833,,,873.85,66686.0,433.0,487.0,,,,,,0.373,,,,,,,,10.0,10.0,,14.07,,0.0,-98.17,-92.03,,,,,,,5.363,,,,,,,,6.35,9.88,12.0,5.88,
2022-08-13 18:59:35.700000,40.281761,-86.691833,,,,66686.0,433.0,,,,,,,0.964,,,,,,,,10.0,,0.0,18.26,0.0,17.65,-92.5,,,,,,,,14.186,,,,,,,,5.1,11.64,14.29,5.81,
2022-08-13 18:59:35.800000,40.281761,-86.691833,,,873.85,66686.0,433.0,487.0,,,,,,0.837,,,,,,,,10.0,10.0,,9.86,,10.0,-94.52,-89.05,,,,,,,14.359,,,,,,,,4.94,14.92,6.0,10.45,
2022-08-13 18:59:35.900000,40.281761,-86.691833,0.147,,873.85,66686.0,433.0,487.0,,,,,,1.126,,,,,,,,10.0,10.0,,12.36,,16.28,-90.91,-85.38,15.334,,,,,,15.248,,,,,,,,7.25,15.06,1.0,12.16,958380.0
2022-08-13 18:59:36.000000,40.281761,-86.691833,,,,66686.0,433.0,,0.002,,,,,1.394,,,,,,,,10.0,,0.09,17.32,0.0,4.44,-90.15,,,5.146,,,,,17.609,,,,,,,,11.0,17.87,11.0,4.17,
2022-08-13 18:59:36.100000,40.281761,-86.691833,,,873.85,66686.0,433.0,487.0,,,,,,1.041,,,,,,,,10.0,10.0,,13.33,,5.71,-92.36,-83.07,,,,,,,15.78,,,,,,,,8.27,17.93,12.5,11.59,
2022-08-13 18:59:36.200000,40.281761,-86.691833,,,873.85,66686.0,433.0,487.0,,,,,,1.328,,,,,,,,10.0,10.0,,14.9,,9.76,-88.77,-82.55,,,,,,,25.64,,,,,,,,11.29,18.13,8.08,3.66,
2022-08-13 18:59:36.300000,40.281761,-86.691833,,,,66686.0,433.0,,,,,,,1.126,,,,,,,,10.0,,0.0,13.19,0.0,26.53,-92.81,,,,,,,,19.948,,,,,,,,9.3,17.03,4.0,9.64,
2022-08-13 18:59:36.400000,40.281761,-86.691833,0.274,,873.85,66686.0,433.0,487.0,,,,,,0.569,,,,,,,,10.0,10.0,,7.21,,16.67,-90.52,-82.51,18.673,,,,,,2.274,,,,,,,,14.0,14.44,5.56,40.0,1167062.0
2022-08-13 18:59:36.500000,40.281761,-86.691833,,,,66686.0,433.0,,,,,,,0.08,,,,,,,,10.0,,,14.33,,0.0,-93.66,,,,,,,,0.053,,,,,,,,17.44,17.0,15.79,40.0,
2022-08-13 18:59:36.600000,40.281761,-86.691833,,,873.85,66686.0,433.0,487.0,,,,,,0.451,,,,,,,,10.0,10.0,0.0,10.7,0.0,25.93,-94.78,-83.56,,,,,,,4.349,,,,,,,,14.6,7.47,12.12,10.91,
2022-08-13 18:59:36.700000,40.281761,-86.691833,,,873.85,66686.0,433.0,487.0,,,,,,0.807,,,,,,,,10.0,10.0,,15.0,,0.0,-94.17,-86.84,,,,,,,8.593,,,,,,,,12.59,8.83,7.5,10.77,
2022-08-13 18:59:36.800000,40.281761,-86.691833,,,,66686.0,433.0,,,,,,,0.586,,,,,,,,10.0,,,6.33,,8.82,-96.02,,,,,,,,6.302,,,,,,,,14.51,5.88,8.0,8.45,
2022-08-13 18:59:36.900000,40.281761,-86.691833,0.118,,873.85,66686.0,433.0,487.0,,,,,,0.808,,,,,,,,10.0,10.0,0.0,15.78,0.0,5.71,-103.08,-89.92,15.68,,,,,,9.233,,,,,,,,12.57,7.14,17.72,5.62,979992.0
2022-08-13 18:59:37.000000,40.281761,-86.691833,,,,66686.0,433.0,,0.002,,,,,0.579,,,,,,,,10.0,,,7.48,,10.0,-105.78,,,5.785,,,,,6.837,,,,,,,,12.55,7.96,4.82,15.15,
2022-08-13 18:59:37.100000,40.281761,-86.691833,,,873.85,66686.0,433.0,487.0,,,,,,0.88,,,,,,,,10.0,10.0,,11.89,,17.78,-100.71,-91.46,,,,,,,10.83,,,,,,,,13.95,9.31,3.0,1.22,
2022-08-13 18:59:37.200000,40.281761,-86.691833,,,873.85,66686.0,433.0,487.0,,,,,,0.678,,,,,,,,10.0,10.0,0.17,10.04,0.0,15.63,-98.83,-90.69,,,,,,,7.057,,,,,,,,16.99,12.4,13.0,7.89,
2022-08-13 18:59:37.300000,40.281761,-86.691833,,,,66686.0,433.0,,,,,,,1.234,,,,,,,,10.0,,,13.26,,12.5,-99.67,,,,,,,,17.599,,,,,,,,17.44,13.68,3.75,13.64,
2022-08-13 18:59:37.400000,40.281761,-86.691833,0.256,,873.85,66686.0,433.0,487.0,,,,,,1.028,,,,,,,,10.0,10.0,,8.31,,4.35,-100.53,-88.92,18.29,,,,,,9.807,,,,,,,,13.9,15.08,14.14,8.93,1145398.0
2022-08-13 18:59:37.500000,40.281761,-86.691833,,,873.85,66686.0,433.0,487.0,,,,,,0.823,,,,,,,,10.0,10.0,0.0,12.3,0.0,6.06,-98.49,-87.49,,,,,,,17.329,,,,,,,,11.88,14.36,10.0,5.19,
2022-08-13 18:59:37.600000,40.281761,-86.691833,,,,66686.0,433.0,,,,,,,0.833,,,,,,,,10.0,,,17.91,,0.0,-100.34,,,,,,,,3.943,,,,,,,,14.72,14.79,5.26,17.65,
2022-08-13 18:59:37.700000,40.281761,-86.691833,,,873.85,66686.0,433.0,487.0,,,,,,0.14,,,,,,,,10.0,10.0,,18.75,,16.67,-102.35,-87.57,,,,,,,0.041,,,,,,,,15.44,11.5,15.79,0.0,
2022-08-13 18:59:37.800000,40.281761,-86.691833,,,,66686.0,433.0,,,,,,,0.311,,,,,,,,10.0,,0.0,12.0,0.0,18.75,-103.83,,,,,,,,5.113,,,,,,,,11.15,10.55,12.5,16.42,
2022-08-13 18:59:37.900000,40.281761,-86.691833,0.136,,873.85,66686.0,433.0,487.0,,,,,,0.697,,,,,,,,10.0,10.0,,10.14,,11.9,-104.79,-90.56,12.253,,,,,,12.182,,,,,,,,5.96,10.39,10.1,8.05,764276.0
2022-08-13 18:59:38.000000,40.281761,-86.691833,,,873.85,66686.0,433.0,487.0,0.21,,,,,0.851,,,,,,,,10.0,10.0,,9.51,,15.69,-102.9,-91.52,,6.072,,,,,14.498,,,,,,,,8.87,10.7,3.75,6.25,
2022-08-13 18:59:38.100000,40.281761,-86.691833,,,,66686.0,433.0,,,,,,,0.477,,,,,,,,10.0,,0.09,6.19,0.0,20.59,-97.0,,,,,,,,12.279,,,,,,,,11.33,12.09,10.0,5.56,
2022-08-13 18:59:38.200000,40.281761,-86.691833,,,873.85,66686.0,433.0,487.0,,,,,,0.146,,,,,,,,10.0,10.0,3.65,5.22,0.0,0.0,-99.89,-92.27,,,,,,,17.756,,,,,,,,14.44,14.11,9.0,10.75,
2022-08-13 18:59:38.300000,40.281761,-86.691833,,,873.85,66686.0,433.0,487.0,,,,,,0.193,,,,,,,,10.0,10.0,6.17,10.89,0.0,10.0,-100.77,-91.18,,,,,,,22.247,,,,,,,,14.24,14.8,5.95,5.68,
2022-08-13 18:59:38.400000,40.281761,-86.691833,0.279,,,66686.0,433.0,,,,,,,0.124,,,,,,,,10.0,,10.9,10.5,13.11,0.0,-101.21,,21.779,,,,,,9.09,,,,,,,,13.73,13.96,11.22,13.85,1361166.0
2022-08-13 18:59:38.500000,40.281761,-86.691833,,,873.85,66686.0,433.0,487.0,,,,,,0.162,,,,,,,,10.0,10.0,10.5,7.1,6.45,0.0,-102.34,-92.42,,,,,,,10.222,,,,,,,,12.66,9.21,8.25,8.97,
2022-08-13 18:59:38.600000,40.281761,-86.691833,,,,66686.0,433.0,,,,,,,0.305,,,,,,,,10.0,,10.19,12.06,7.5,5.88,-103.8,,,,,,,,6.72,,,,,,,,10.36,5.89,7.69,12.16,
2022-08-13 18:59:38.700000,40.281761,-86.691833,,,873.85,66686.0,433.0,487.0,,,,,,0.187,,,,,,,,10.0,10.0,5.58,6.7,4.55,0.0,-104.92,-94.91,,,,,,,0.479,,,,,,,,11.61,9.43,15.79,12.5,
2022-08-13 18:59:38.800000,40.281761,-86.691833,,,873.85,66686.0,433.0,487.0,,,,,,0.083,,,,,,,,10.0,10.0,,11.0,,20.0,-100.74,-95.3,,,,,,,0.056,,,,,,,,19.74,20.0,5.26,0.0,
2022-08-13 18:59:38.900000,40.281761,-86.691833,0.12,,,66686.0,433.0,,,,,,,0.526,,,,,,,,10.0,,,7.26,,3.85,-96.53,,11.267,,,,,,6.387,,,,,,,,16.96,11.96,2.53,2.0,704216.0
2022-08-13 18:59:39.000000,40.281761,-86.691833,,,873.85,66686.0,433.0,487.0,0.119,,,,,0.754,,,,,,,,10.0,10.0,0.0,5.35,0.0,7.14,-98.48,-94.58,,6.879,,,,,12.22,,,,,,,,16.54,10.55,9.0,9.76,
2022-08-13 18:59:39.100000,40.281761,-86.691833,,,873.85,66686.0,433.0,487.0,,,,,,0.215,,,,,,,,10.0,10.0,9.29,5.0,27.87,7.69,-99.59,-95.08,,,,,,,11.448,,,,,,,,17.36,10.54,13.75,14.81,
2022-08-13 18:59:39.200000,40.281761,-86.691833,,,,66686.0,433.0,,,,,,,0.128,,,,,,,,10.0,,5.4,4.0,22.5,0.0,-103.63,,,,,,,,13.408,,,,,,,,12.59,9.42,5.15,3.66,
2022-08-13 18:59:39.300000,40.281761,-86.691833,,,873.85,66686.0,433.0,487.0,,,,,,0.122,,,,,,,,10.0,10.0,7.71,4.0,12.5,0.0,-104.49,-95.54,,,,,,,11.354,,,,,,,,11.77,8.33,13.54,14.77,
2022-08-13 18:59:39.400000,40.281761,-86.691833,0.24,,,66686.0,433.0,,,,,,,0.14,,,,,,,,10.0,,9.22,9.44,0.0,0.0,-104.74,,18.647,,,,,,10.946,,,,,,,,10.56,8.32,13.68,3.8,1165450.0
2022-08-13 18:59:39.500000,40.281761,-86.691833,,,873.85,66686.0,433.0,487.0,,,,,,0.628,,,,,,,,10.0,10.0,,11.03,,0.0,-102.72,-95.08,,,,,,,12.5,,,,,,,,11.18,9.48,5.0,12.22,
2022-08-13 18:59:39.600000,40.281761,-86.691833,,,873.85,66686.0,433.0,487.0,,,,,,0.828,,,,,,,,10.0,10.0,7.33,11.3,0.0,0.0,-102.24,-95.84,,,,,,,10.15,,,,,,,,12.77,8.66,8.0,14.12,
2022-08-13 18:59:39.700000,40.281761,-86.691833,,,,66686.0,433.0,,,,,,,0.591,,,,,,,,10.0,,,9.91,,0.0,-104.96,,,,,,,,12.036,,,,,,,,10.82,8.39,11.25,11.49,
2022-08-13 18:59:39.800000,40.281761,-86.691833,,,873.85,66686.0,433.0,487.0,,,,,,0.385,,,,,,,,10.0,10.0,,9.95,,0.0,-107.48,-95.56,,,,,,,5.322,,,,,,,,12.2,8.54,15.79,5.13,
2022-08-13 18:59:39.900000,40.281761,-86.691833,0.165,,873.85,66686.0,433.0,487.0,,,,,,0.056,,,,,,,,10.0,10.0,0.0,10.0,0.0,0.0,-108.14,-96.37,4.086,,,,,,0.075,,,,,,,,,20.0,,25.0,255880.0
2022-08-13 18:59:40.000000,40.281761,-86.691833,,,,66686.0,433.0,,0.033,,,,,0.224,,,,,,,,10.0,,,9.88,,0.0,-107.16,,,2.224,,,,,8.336,,,,,,,,7.77,7.75,12.0,4.23,
2022-08-13 18:59:40.100000,40.281761,-86.691833,,,873.85,66686.0,433.0,487.0,,,,,,0.581,,,,,,,,10.0,10.0,,10.77,,6.67,-107.95,-96.17,,,,,,,11.01,,,,,,,,5.67,8.02,10.0,10.87,
2022-08-13 18:59:40.200000,40.281761,-86.691833,,,,66686.0,433.0,,,,,,,0.477,,,,,,,,10.0,,0.14,9.77,0.0,9.68,-108.08,,,,,,,,8.524,,,,,,,,6.76,6.7,10.0,8.22,
2022-08-13 18:59:40.300000,40.281761,-86.691833,,,873.85,66686.0,433.0,487.0,,,,,,0.497,,,,,,,,10.0,10.0,,9.0,,3.13,-107.44,-96.38,,,,,,,7.929,,,,,,,,6.94,7.75,12.0,13.24,
2022-08-13 18:59:40.400000,40.281761,-86.691833,0.137,,873.85,66686.0,433.0,487.0,,,,,,0.354,,,,,,,,10.0,10.0,,9.29,,9.09,-107.63,-97.31,19.198,,,,,,5.488,,,,,,,,5.71,6.44,7.59,4.69,1197462.0
2022-08-13 18:59:40.500000,40.281761,-86.691833,,,,66686.0,433.0,,,,,,,0.298,,,,,,,,10.0,,0.11,8.7,0.0,0.0,-107.51,,,,,,,,3.338,,,,,,,,3.97,4.59,10.0,15.94,
2022-08-13 18:59:40.600000,40.281761,-86.691833,,,873.85,66686.0,433.0,487.0,,,,,,0.082,,,,,,,,10.0,10.0,,7.29,,12.5,-107.35,-96.66,,,,,,,2.824,,,,,,,,5.78,2.64,11.22,4.69,
2022-08-13 18:59:40.700000,40.281761,-86.691833,,,873.85,66686.0,433.0,487.0,,,,,,0.056,,,,,,,,10.0,10.0,4.91,7.0,3.23,0.0,-107.14,-97.8,,,,,,,2.777,,,,,,,,4.92,2.92,8.75,12.16,
2022-08-13 18:59:40.800000,40.281761,-86.691833,,,,66686.0,433.0,,,,,,,0.051,,,,,,,,10.0,,8.5,6.2,7.14,0.0,-105.06,,,,,,,,2.433,,,,,,,,4.37,2.3,12.77,5.08,
2022-08-13 18:59:40.900000,40.281761,-86.691833,0.072,,873.85,66686.0,433.0,487.0,,,,,,0.034,,,,,,,,10.0,10.0,8.05,5.0,5.26,0.0,-105.62,-97.04,4.828,,,,,,3.124,,,,,,,,4.73,3.74,6.9,2.27,301730.0
2022-08-13 18:59:41.000000,40.281761,-86.691833,,,,66686.0,433.0,,0.186,,,,,0.051,,,,,,,,10.0,,9.48,5.0,0.0,0.0,-105.84,,,3.835,,,,,3.508,,,,,,,,6.46,3.81,7.07,9.62,
2022-08-13 18:59:41.100000,40.281761,-86.691833,,,873.85,66686.0,433.0,487.0,,,,,,0.042,,,,,,,,10.0,10.0,4.5,5.0,19.05,0.0,-107.13,-97.23,,,,,,,4.117,,,,,,,,8.94,4.69,3.8,10.0,
2022-08-13 18:59:41.200000,40.281761,-86.691833,,,873.85,66686.0,433.0,487.0,,,,,,0.042,,,,,,,,10.0,10.0,3.26,5.0,0.0,0.0,-106.74,-98.16,,,,,,,4.321,,,,,,,,6.54,5.75,11.0,11.11,
2022-08-13 18:59:41.300000,40.281761,-86.691833,,,,66686.0,433.0,,,,,,,0.084,,,,,,,,10.0,,10.14,7.57,10.71,0.0,-105.87,,,,,,,,5.319,,,,,,,,7.92,4.72,10.2,14.08,
2022-08-13 18:59:41.400000,40.281761,-86.691833,0.121,,873.85,66686.0,433.0,487.0,,,,,,0.092,,,,,,,,10.0,10.0,9.43,8.0,5.26,0.0,-103.03,-98.26,8.672,,,,,,6.233,,,,,,,,8.9,4.22,10.0,8.64,541970.0
2022-08-13 18:59:41.500000,40.281761,-86.691833,,,873.85,66686.0,433.0,487.0,,,,,,0.096,,,,,,,,10.0,10.0,10.86,8.0,8.7,0.0,-106.23,-97.55,,,,,,,7.176,,,,,,,,4.83,5.77,14.14,5.41,
2022-08-13 18:59:41.600000,40.281761,-86.691833,,,,66686.0,433.0,,,,,,,0.128,,,,,,,,10.0,,9.65,9.44,0.0,0.0,-105.61,,,,,,,,8.494,,,,,,,,9.49,6.09,8.08,9.41,
2022-08-13 18:59:41.700000,40.281761,-86.691833,,,873.85,66686.0,433.0,487.0,,,,,,0.109,,,,,,,,10.0,10.0,10.0,10.0,8.89,0.0,-105.62,-97.22,,,,,,,8.184,,,,,,,,7.86,5.88,2.7,7.32,
2022-08-13 18:59:41.800000,40.281761,-86.691833,,,,66686.0,433.0,,,,,,,0.127,,,,,,,,10.0,,7.75,10.0,12.0,18.18,-108.16,,,,,,,,4.852,,,,,,,,5.87,3.83,17.5,14.81,
2022-08-13 18:59:41.900000,40.281761,-86.691833,0.154,,873.85,66686.0,433.0,487.0,,,,,,0.082,,,,,,,,10.0,10.0,2.16,10.0,10.26,28.57,-111.13,-98.17,1.344,,,,,,2.402,,,,,,,,3.38,2.42,21.05,16.67,84176.0
2022-08-13 18:59:42.000000,40.281761,-86.691833,,,873.85,66686.0,433.0,487.0,0.104,,,,,0.04,,,,,,,,10.0,10.0,6.33,10.0,0.0,57.14,-110.28,-98.55,,1.625,,,,,0.028,,,,,,,,,11.0,,20.0,
2022-08-13 18:59:42.100000,40.281761,-86.691833,,,,66686.0,433.0,,,,,,,0.059,,,,,,,,10.0,,,10.0,,20.0,-113.22,,,,,,,,1.78,,,,,,,,3.13,1.92,7.46,5.8,
2022-08-13 18:59:42.200000,40.281761,-86.691833,,,873.85,66686.0,433.0,487.0,,,,,,0.104,,,,,,,,10.0,10.0,,10.0,,30.0,-111.56,-98.56,,,,,,,2.798,,,,,,,,3.51,1.87,1.64,7.87,
2022-08-13 18:59:42.300000,40.281761,-86.691833,,,873.85,66686.0,433.0,487.0,,,,,,0.131,,,,,,,,10.0,10.0,4.29,9.5,0.0,18.18,-109.29,-98.45,,,,,,,6.353,,,,,,,,5.35,4.01,11.11,8.24,
2022-08-13 18:59:42.400000,40.281761,-86.691833,0.047,,,66686.0,433.0,,,,,,,0.1,,,,,,,,10.0,,6.48,9.38,0.0,0.0,-110.49,,12.232,,,,,,5.847,,,,,,,,4.59,3.95,9.0,15.79,763002.0
2022-08-13 18:59:42.500000,40.281761,-86.691833,,,873.85,66686.0,433.0,487.0,,,,,,0.129,,,,,,,,10.0,10.0,,9.25,,10.0,-111.63,-96.78,,,,,,,10.29,,,,,,,,5.7,7.12,9.0,8.33,
2022-08-13 18:59:42.600000,40.281761,-86.691833,,,,66686.0,433.0,,,,,,,0.102,,,,,,,,10.0,,5.05,9.71,0.0,12.5,-109.96,,,,,,,,4.724,,,,,,,,5.46,3.42,12.0,16.47,
2022-08-13 18:59:42.700000,40.281761,-86.691833,,,873.85,66686.0,433.0,487.0,,,,,,0.086,,,,,,,,10.0,10.0,4.96,8.67,0.0,25.0,-111.7,-97.35,,,,,,,1.265,,,,,,,,2.55,1.24,8.75,12.99,
2022-08-13 18:59:42.800000,40.281761,-86.691833,,,873.85,66686.0,433.0,487.0,,,,,,0.079,,,,,,,,10.0,10.0,4.35,7.0,0.0,0.0,-112.17,-97.63,,,,,,,2.419,,,,,,,,2.86,1.92,6.0,17.05,
2022-08-13 18:59:42.900000,40.281761,-86.691833,0.099,,,66686.0,433.0,,,,,,,0.075,,,,,,,,10.0,,4.0,7.0,0.0,0.0,-112.77,,6.406,,,,,,1.425,,,,,,,,3.45,1.11,10.1,4.71,400400.0
2022-08-13 18:59:42.972636,40.281761,-86.691833,,reportStrongestCells,,,,,,,,,,,,,,,,,,,,,,,,,,,,,,,,,,,,,,,,,,,,
2022-08-13 18:59:43.000000,40.281761,-86.691833,,,873.85,66686.0,433.0,487.0,0.077,,,,,0.102,,,,,,,,10.0,10.0,3.52,7.0,0.0,0.0,-110.9,-97.7,,1.896,,,,,6.71,,,,,,,,4.67,3.9,11.0,0.0,
2022-08-13 18:59:43.100000,40.281761,-86.691833,,,873.85,66686.0,433.0,487.0,,,,,,0.042,,,,,,,,10.0,10.0,4.65,6.5,0.0,33.33,-107.64,-97.41,,,,,,,1.681,,,,,,,,4.43,1.91,7.0,20.34,
2022-08-13 18:59:43.200000,40.281761,-86.691833,,,,66686.0,433.0,,,,,,,0.042,,,,,,,,10.0,,6.5,5.0,0.0,0.0,-109.61,,,,,,,,2.225,,,,,,,,4.71,2.03,19.0,9.23,
2022-08-13 18:59:43.300000,40.281761,-86.691833,,,873.85,66686.0,433.0,487.0,,,,,,0.025,,,,,,,,10.0,10.0,6.43,5.0,0.0,25.0,-108.53,-98.05,,,,,,,1.299,,,,,,,,3.66,1.5,12.0,22.58,
2022-08-13 18:59:43.400000,40.281761,-86.691833,0.075,,,66686.0,433.0,,,,,,,0.034,,,,,,,,10.0,,7.96,5.0,0.0,0.0,-110.02,,4.851,,,,,,0.998,,,,,,,,3.88,1.14,13.0,8.93,303160.0
2022-08-13 18:59:43.500000,40.281761,-86.691833,,,873.85,66686.0,433.0,487.0,,,,,,0.028,,,,,,,,10.0,10.0,3.33,5.0,0.0,0.0,-111.71,-98.75,,,,,,,0.691,,,,,,,,2.32,1.04,4.65,13.46,
2022-08-13 18:59:43.600000,40.281761,-86.691833,,,873.85,66686.0,433.0,487.0,,,,,,0.032,,,,,,,,10.0,10.0,,5.0,,0.0,-111.46,-99.35,,,,,,,0.951,,,,,,,,2.56,1.1,4.0,13.24,
2022-08-13 18:59:43.700000,40.281761,-86.691833,,,,66686.0,433.0,,,,,,,0.04,,,,,,,,10.0,,4.09,5.0,0.0,16.67,-112.36,,,,,,,,0.662,,,,,,,,3.59,0.98,10.0,11.86,
2022-08-13 18:59:43.800000,40.281761,-86.691833,,,873.85,66686.0,433.0,487.0,,,,,,0.025,,,,,,,,10.0,10.0,3.0,5.0,0.0,0.0,-111.78,-98.73,,,,,,,0.608,,,,,,,,4.51,1.07,12.0,8.89,
2022-08-13 18:59:43.900000,40.281761,-86.691833,0.033,,873.85,66686.0,433.0,487.0,,,,,,0.036,,,,,,,,10.0,10.0,,5.0,,0.0,-111.09,-98.88,1.785,,,,,,0.871,,,,,,,,3.52,1.14,12.0,8.93,111540.0
2022-08-13 18:59:44.000000,40.281761,-86.691833,,,,66686.0,433.0,,0.048,,,,,0.032,,,,,,,,10.0,,6.14,5.0,4.35,0.0,-109.42,,,1.133,,,,,0.964,,,,,,,,3.57,1.23,14.14,16.22,
2022-08-13 18:59:44.100000,40.281761,-86.691833,,,873.85,66686.0,433.0,487.0,,,,,,0.047,,,,,,,,10.0,10.0,6.55,4.6,0.0,0.0,-110.92,-99.02,,,,,,,1.159,,,,,,,,3.34,1.14,6.0,0.0,
2022-08-13 18:59:44.200000,40.281761,-86.691833,,,,66686.0,433.0,,,,,,,0.034,,,,,,,,10.0,,,4.75,,0.0,-110.76,,,,,,,,0.61,,,,,,,,4.04,0.77,13.0,14.29,
2022-08-13 18:59:44.300000,40.281761,-86.691833,,,873.85,66686.0,433.0,487.0,,,,,,0.026,,,,,,,,10.0,10.0,4.3,4.0,0.0,0.0,-113.42,-99.45,,,,,,,0.795,,,,,,,,3.23,1.03,4.0,7.94,
2022-08-13 18:59:44.400000,40.281761,-86.691833,0.035,,873.85,66686.0,433.0,487.0,,,,,,0.028,,,,,,,,10.0,10.0,5.5,4.0,0.0,0.0,-111.4,-98.79,2.517,,,,,,0.514,,,,,,,,3.78,0.49,10.0,12.86,157300.0
2022-08-13 18:59:44.500000,40.281761,-86.691833,,,,66686.0,433.0,,,,,,,0.027,,,,,,,,10.0,,,4.0,,0.0,-112.51,,,,,,,,0.408,,,,,,,,3.17,0.61,18.99,20.59,
2022-08-13 18:59:44.600000,40.281761,-86.691833,,,873.85,66686.0,433.0,487.0,,,,,,0.027,,,,,,,,10.0,10.0,5.61,3.4,4.35,28.57,-114.36,-98.63,,,,,,,0.305,,,,,,,,2.32,0.5,12.0,10.0,
2022-08-13 18:59:44.700000,40.281761,-86.691833,,,873.85,66686.0,433.0,487.0,,,,,,0.021,,,,,,,,10.0,10.0,5.75,4.0,0.0,0.0,-115.05,-99.15,,,,,,,0.324,,,,,,,,1.57,0.4,10.0,7.41,
2022-08-13 18:59:44.800000,40.281761,-86.691833,,,,66686.0,433.0,,,,,,,0.019,,,,,,,,10.0,,,3.33,,0.0,-116.0,,,,,,,,0.345,,,,,,,,1.84,0.48,4.9,14.29,
2022-08-13 18:59:44.900000,40.281761,-86.691833,0.033,,873.85,66686.0,433.0,487.0,,,,,,0.019,,,,,,,,10.0,10.0,3.96,3.0,0.0,0.0,-116.03,-100.41,1.579,,,,,,0.168,,,,,,,,1.67,0.28,8.0,17.86,98670.0
2022-08-13 18:59:45.000000,40.281761,-86.691833,,,,66686.0,433.0,,0.042,,,,,0.036,,,,,,,,10.0,,3.5,9.0,0.0,25.0,-114.57,,,0.661,,,,,0.211,,,,,,,,2.4,0.34,11.0,25.37,
2022-08-13 18:59:45.100000,40.281761,-86.691833,,,873.85,66686.0,433.0,487.0,,,,,,0.074,,,,,,,,10.0,10.0,,10.0,,16.67,-115.59,-100.82,,,,,,,0.301,,,,,,,,1.67,0.36,7.0,18.31,
2022-08-13 18:59:45.200000,40.281761,-86.691833,,,873.85,66686.0,433.0,487.0,,,,,,0.051,,,,,,,,10.0,10.0,,7.5,,33.33,-114.46,-100.18,,,,,,,0.461,,,,,,,,1.59,0.69,8.0,0.0,
2022-08-13 18:59:45.300000,40.281761,-86.691833,,,,66686.0,433.0,,,,,,,0.059,,,,,,,,10.0,,3.5,7.0,0.0,16.67,-115.05,,,,,,,,0.781,,,,,,,,2.65,0.83,7.0,6.58,
2022-08-13 18:59:45.400000,40.281761,-86.691833,0.037,,873.85,66686.0,433.0,487.0,,,,,,0.034,,,,,,,,10.0,10.0,6.05,5.0,4.35,0.0,-113.75,-101.0,0.984,,,,,,0.341,,,,,,,,2.19,0.49,15.0,19.64,61490.0
2022-08-13 18:59:45.500000,40.281761,-86.691833,,,873.85,66686.0,433.0,487.0,,,,,,0.024,,,,,,,,10.0,10.0,,5.0,,0.0,-113.91,-100.5,,,,,,,0.291,,,,,,,,1.7,0.4,10.0,22.39,
2022-08-13 18:59:45.600000,40.281761,-86.691833,,,,66686.0,433.0,,,,,,,0.036,,,,,,,,10.0,,5.8,5.0,0.0,0.0,-114.42,,,,,,,,0.273,,,,,,,,2.07,0.4,10.0,9.43,
2022-08-13 18:59:45.700000,40.281761,-86.691833,,,873.85,66686.0,433.0,487.0,,,,,,0.024,,,,,,,,10.0,10.0,,5.0,,40.0,-114.96,-100.43,,,,,,,0.341,,,,,,,,1.41,0.42,13.0,19.72,
2022-08-13 18:59:45.800000,40.281761,-86.691833,,,,66686.0,433.0,,,,,,,0.035,,,,,,,,10.0,,,4.2,,16.67,-114.14,,,,,,,,0.221,,,,,,,,1.49,0.3,11.0,7.02,
2022-08-13 18:59:45.900000,40.281761,-86.691833,0.028,,873.85,66686.0,433.0,487.0,,,,,,0.027,,,,,,,,10.0,10.0,3.59,4.0,0.0,20.0,-115.46,-99.66,0.755,,,,,,0.412,,,,,,,,1.83,0.53,19.0,7.81,47190.0
2022-08-13 18:59:46.000000,40.281761,-86.691833,,,873.85,66686.0,433.0,487.0,0.055,,,,,0.02,,,,,,,,10.0,10.0,,4.0,,25.0,-114.35,-98.81,,0.829,,,,,0.27,,,,,,,,1.84,0.34,8.75,24.0,
2022-08-13 18:59:46.100000,40.281761,-86.691833,,,,66686.0,433.0,,,,,,,0.021,,,,,,,,10.0,,3.87,4.0,0.0,0.0,-114.09,,,,,,,,0.3,,,,,,,,2.0,0.56,4.81,28.57,
2022-08-13 18:59:46.200000,40.281761,-86.691833,,,873.85,66686.0,433.0,487.0,,,,,,0.019,,,,,,,,10.0,10.0,3.5,3.0,0.0,42.86,-114.03,-99.89,,,,,,,0.571,,,,,,,,1.65,0.92,12.0,22.73,
2022-08-13 18:59:46.300000,40.281761,-86.691833,,,873.85,66686.0,433.0,487.0,,,,,,0.03,,,,,,,,10.0,10.0,,3.0,,33.33,-112.99,-101.08,,,,,,,0.178,,,,,,,,2.58,0.29,9.0,18.64,
2022-08-13 18:59:46.400000,40.281761,-86.691833,0.051,,,66686.0,433.0,,,,,,,0.025,,,,,,,,10.0,,5.3,3.0,0.0,37.5,-112.46,,1.35,,,,,,0.265,,,,,,,,2.21,0.5,12.0,23.33,84370.0
2022-08-13 18:59:46.500000,40.281761,-86.691833,,,873.85,66686.0,433.0,487.0,,,,,,0.011,,,,,,,,10.0,10.0,4.5,3.0,0.0,0.0,-112.63,-101.85,,,,,,,0.23,,,,,,,,2.09,0.26,10.0,6.0,
2022-08-13 18:59:46.600000,40.281761,-86.691833,,,,66686.0,433.0,,,,,,,0.023,,,,,,,,10.0,,,3.0,,0.0,-112.72,,,,,,,,0.349,,,,,,,,1.97,0.63,8.0,11.11,
2022-08-13 18:59:46.700000,40.281761,-86.691833,,,873.85,66686.0,433.0,487.0,,,,,,0.014,,,,,,,,10.0,10.0,,3.0,,25.0,-112.01,-101.84,,,,,,,0.279,,,,,,,,1.88,0.5,7.0,24.59,
2022-08-13 18:59:46.800000,40.281761,-86.691833,,,873.85,66686.0,433.0,487.0,,,,,,0.009,,,,,,,,10.0,10.0,3.71,1.0,0.0,0.0,-112.26,-101.08,,,,,,,0.333,,,,,,,,2.27,0.47,8.75,18.18,
2022-08-13 18:59:46.900000,40.281761,-86.691833,0.028,,,66686.0,433.0,,,,,,,0.009,,,,,,,,10.0,,4.96,1.0,0.0,0.0,-112.42,,0.961,,,,,,0.357,,,,,,,,2.18,0.35,10.42,14.47,60060.0
2022-08-13 18:59:47.000000,40.281761,-86.691833,,,873.85,66686.0,433.0,487.0,0.059,,,,,0.009,,,,,,,,10.0,10.0,,1.0,,20.0,-112.43,-101.24,,0.767,,,,,0.397,,,,,,,,2.88,0.52,9.0,16.67,
2022-08-13 18:59:47.100000,40.281761,-86.691833,,,873.85,66686.0,433.0,487.0,,,,,,0.011,,,,,,,,10.0,10.0,4.67,1.0,0.0,0.0,-111.34,-99.49,,,,,,,0.44,,,,,,,,2.83,0.39,7.5,11.9,
2022-08-13 18:59:47.200000,40.281761,-86.691833,,,,66686.0,433.0,,,,,,,0.011,,,,,,,,10.0,,,1.0,,0.0,-111.24,,,,,,,,0.632,,,,,,,,2.49,0.95,14.0,8.2,
2022-08-13 18:59:47.300000,40.281761,-86.691833,,,873.85,66686.0,433.0,487.0,,,,,,0.009,,,,,,,,10.0,10.0,7.36,1.0,4.35,0.0,-112.17,-99.59,,,,,,,0.755,,,,,,,,1.97,1.04,11.0,15.0,
2022-08-13 18:59:47.400000,40.281761,-86.691833,0.051,,,66686.0,433.0,,,,,,,0.009,,,,,,,,10.0,,9.15,1.0,0.0,0.0,-110.96,,1.416,,,,,,0.218,,,,,,,,2.11,0.33,10.99,15.52,88660.0
2022-08-13 18:59:47.500000,40.281761,-86.691833,,,873.85,66686.0,433.0,487.0,,,,,,0.007,,,,,,,,10.0,10.0,,1.0,,0.0,-111.73,-99.27,,,,,,,0.324,,,,,,,,1.47,0.34,11.0,12.28,
2022-08-13 18:59:47.600000,40.281761,-86.691833,,,873.85,66686.0,433.0,487.0,,,,,,0.007,,,,,,,,10.0,10.0,8.32,1.0,4.35,0.0,-112.19,-98.25,,,,,,,0.279,,,,,,,,1.53,0.33,3.85,19.05,
2022-08-13 18:59:47.700000,40.281761,-86.691833,,,,66686.0,433.0,,,,,,,0.019,,,,,,,,10.0,,5.8,2.2,0.0,0.0,-113.94,,,,,,,,0.279,,,,,,,,1.6,0.32,11.46,19.7,
2022-08-13 18:59:47.800000,40.281761,-86.691833,,,873.85,66686.0,433.0,487.0,,,,,,0.02,,,,,,,,10.0,10.0,,3.0,,0.0,-113.06,-97.79,,,,,,,0.332,,,,,,,,1.78,0.4,10.0,13.04,
2022-08-13 18:59:47.900000,40.281761,-86.691833,0.031,,873.85,66686.0,433.0,487.0,,,,,,0.019,,,,,,,,10.0,10.0,5.96,3.0,0.0,0.0,-113.57,-98.62,1.398,,,,,,0.455,,,,,,,,1.53,0.71,17.0,14.75,87230.0
2022-08-13 18:59:48.000000,40.281761,-86.691833,,,,66686.0,433.0,,0.044,,,,,0.021,,,,,,,,10.0,,6.29,3.0,0.0,0.0,-114.23,,,0.688,,,,,0.466,,,,,,,,1.42,0.63,4.0,9.26,
2022-08-13 18:59:48.092630,40.281761,-86.691833,,reportStrongestCells,,,,,,,,,,,,,,,,,,,,,,,,,,,,,,,,,,,,,,,,,,,,
2022-08-13 18:59:48.100000,40.281761,-86.691833,,,873.85,66686.0,433.0,487.0,,,,,,0.016,,,,,,,,10.0,10.0,,3.0,,0.0,-115.04,-99.61,,,,,,,0.256,,,,,,,,1.32,0.39,11.25,22.73,
2022-08-13 18:59:48.200000,40.281761,-86.691833,,,,66686.0,433.0,,,,,,,0.024,,,,,,,,10.0,,,3.0,,0.0,-114.33,,,,,,,,0.363,,,,,,,,2.17,0.48,8.0,6.94,
2022-08-13 18:59:48.300000,40.281761,-86.691833,,,873.85,66686.0,433.0,487.0,,,,,,0.02,,,,,,,,10.0,10.0,4.25,3.0,0.0,0.0,-113.64,-100.52,,,,,,,0.204,,,,,,,,2.35,0.26,9.0,9.09,
2022-08-13 18:59:48.400000,40.281761,-86.691833,0.027,,873.85,66686.0,433.0,487.0,,,,,,0.02,,,,,,,,10.0,10.0,,3.0,,0.0,-114.35,-100.64,1.347,,,,,,0.491,,,,,,,,1.9,0.48,11.0,4.76,84370.0
2022-08-13 18:59:48.500000,40.281761,-86.691833,,,,66686.0,433.0,,,,,,,0.025,,,,,,,,10.0,,,3.0,,0.0,-115.06,,,,,,,,0.625,,,,,,,,1.97,0.59,10.0,18.06,
2022-08-13 18:59:48.600000,40.281761,-86.691833,,,873.85,66686.0,433.0,487.0,,,,,,0.02,,,,,,,,10.0,10.0,5.1,3.0,4.55,0.0,-114.76,-100.87,,,,,,,0.224,,,,,,,,2.07,0.25,11.0,14.29,
2022-08-13 18:59:48.700000,40.281761,-86.691833,,,873.85,66686.0,433.0,487.0,,,,,,0.01,,,,,,,,10.0,10.0,,3.0,,0.0,-113.97,-98.59,,,,,,,0.443,,,,,,,,2.05,0.64,7.45,19.23,
2022-08-13 18:59:48.800000,40.281761,-86.691833,,,,66686.0,433.0,,,,,,,0.028,,,,,,,,10.0,,6.78,3.0,0.0,0.0,-112.31,,,,,,,,0.537,,,,,,,,2.32,0.64,7.0,7.02,
2022-08-13 18:59:48.900000,40.281761,-86.691833,0.043,,873.85,66686.0,433.0,487.0,,,,,,0.024,,,,,,,,10.0,10.0,11.0,4.0,0.0,0.0,-113.25,-97.66,2.017,,,,,,1.041,,,,,,,,2.82,1.17,5.1,3.23,125840.0
2022-08-13 18:59:49.000000,40.281761,-86.691833,,,,66686.0,433.0,,0.066,,,,,0.042,,,,,,,,10.0,,5.7,4.0,0.0,14.29,-112.69,,,1.007,,,,,0.475,,,,,,,,2.21,0.51,11.0,14.06,
2022-08-13 18:59:49.100000,40.281761,-86.691833,,,873.85,66686.0,433.0,487.0,,,,,,0.017,,,,,,,,10.0,10.0,,3.33,,0.0,-113.52,-97.99,,,,,,,0.456,,,,,,,,2.78,0.59,11.25,22.03,
2022-08-13 18:59:49.200000,40.281761,-86.691833,,,873.85,66686.0,433.0,487.0,,,,,,0.02,,,,,,,,10.0,10.0,4.75,3.0,0.0,0.0,-113.43,-98.71,,,,,,,0.813,,,,,,,,3.15,1.0,9.0,11.54,
2022-08-13 18:59:49.300000,40.281761,-86.691833,,,,66686.0,433.0,,,,,,,0.02,,,,,,,,10.0,,,3.0,,0.0,-113.38,,,,,,,,0.539,,,,,,,,2.96,0.78,9.0,10.91,
2022-08-13 18:59:49.400000,40.281761,-86.691833,0.054,,873.85,66686.0,433.0,487.0,,,,,,0.02,,,,,,,,10.0,10.0,4.87,3.0,0.0,0.0,-113.17,-99.0,0.271,,,,,,0.492,,,,,,,,2.01,0.73,10.2,13.46,16966.0
2022-08-13 18:59:49.500000,40.281761,-86.691833,,,873.85,66686.0,433.0,487.0,,,,,,0.015,,,,,,,,10.0,10.0,4.67,3.0,0.0,25.0,-111.63,-99.5,,,,,,,0.497,,,,,,,,2.27,0.8,9.09,12.28,
2022-08-13 18:59:49.600000,40.281761,-86.691833,,,,66686.0,433.0,,,,,,,0.02,,,,,,,,10.0,,,3.0,,0.0,-111.88,,,,,,,,0.328,,,,,,,,1.71,0.44,19.0,22.39,
2022-08-13 18:59:49.700000,40.281761,-86.691833,,,873.85,66686.0,433.0,487.0,,,,,,0.018,,,,,,,,10.0,10.0,6.64,3.0,8.7,0.0,-111.37,-99.09,,,,,,,0.286,,,,,,,,2.74,0.54,2.5,8.0,
2022-08-13 18:59:49.800000,40.281761,-86.691833,,,,66686.0,433.0,,,,,,,0.026,,,,,,,,10.0,,8.89,3.0,0.0,0.0,-112.25,,,,,,,,0.545,,,,,,,,2.47,0.82,18.37,6.56,
2022-08-13 18:59:49.900000,40.281761,-86.691833,0.038,,873.85,66686.0,433.0,487.0,,,,,,0.01,,,,,,,,10.0,10.0,9.68,3.0,21.05,0.0,-113.29,-97.63,0.0,,,,,,0.728,,,,,,,,1.76,0.93,14.29,6.67,0.0
2022-08-13 18:59:50.000000,40.281761,-86.691833,,,873.85,66686.0,433.0,487.0,0.051,,,,,0.025,,,,,,,,10.0,10.0,,3.0,,0.0,-114.35,-98.41,,0.581,,,,,0.303,,,,,,,,1.27,0.47,4.6,24.56,
2022-08-13 18:59:50.100000,40.281761,-86.691833,,,,66686.0,433.0,,,,,,,0.02,,,,,,,,10.0,,7.75,3.0,13.64,0.0,-114.92,,,,,,,,0.273,,,,,,,,2.87,0.42,11.69,8.62,
2022-08-13 18:59:50.200000,40.281761,-86.691833,,,873.85,66686.0,433.0,487.0,,,,,,0.011,,,,,,,,10.0,10.0,,3.0,,0.0,-115.56,-97.95,,,,,,,0.264,,,,,,,,2.56,0.42,16.33,14.89,
2022-08-13 18:59:50.300000,40.281761,-86.691833,,,873.85,66686.0,433.0,487.0,,,,,,0.019,,,,,,,,10.0,10.0,,3.0,,0.0,-116.77,-98.2,,,,,,,0.278,,,,,,,,1.25,0.41,10.0,16.92,
2022-08-13 18:59:50.400000,40.281761,-86.691833,0.032,,,66686.0,433.0,,,,,,,0.015,,,,,,,,10.0,,2.83,3.0,4.0,0.0,-117.12,,0.114,,,,,,0.209,,,,,,,,1.58,0.27,13.75,6.82,7150.0
2022-08-13 18:59:50.500000,40.281761,-86.691833,,,873.85,66686.0,433.0,487.0,,,,,,0.02,,,,,,,,10.0,10.0,,3.0,,0.0,-116.04,-99.39,,,,,,,0.361,,,,,,,,1.35,0.36,5.0,19.64,
2022-08-13 18:59:50.600000,40.281761,-86.691833,,,,66686.0,433.0,,,,,,,0.027,,,,,,,,10.0,,4.22,3.0,0.0,0.0,-115.6,,,,,,,,0.451,,,,,,,,1.8,0.41,10.13,3.9,
2022-08-13 18:59:50.700000,40.281761,-86.691833,,,873.85,66686.0,433.0,487.0,,,,,,0.027,,,,,,,,10.0,10.0,3.5,3.33,0.0,0.0,-115.99,-101.09,,,,,,,0.803,,,,,,,,1.43,0.76,11.0,11.84,
2022-08-13 18:59:50.800000,40.281761,-86.691833,,,873.85,66686.0,433.0,487.0,,,,,,0.026,,,,,,,,10.0,10.0,,4.0,,0.0,-116.1,-100.8,,,,,,,0.502,,,,,,,,1.62,0.65,9.09,21.43,
2022-08-13 18:59:50.900000,40.281761,-86.691833,0.04,,,66686.0,433.0,,,,,,,0.023,,,,,,,,10.0,,4.91,3.25,0.0,0.0,-117.29,,0.869,,,,,,0.188,,,,,,,,1.75,0.32,7.5,10.87,54340.0
2022-08-13 18:59:51.000000,40.281761,-86.691833,,,873.85,66686.0,433.0,487.0,0.032,,,,,0.011,,,,,,,,10.0,10.0,2.8,3.33,0.0,0.0,-117.8,-99.43,,0.113,,,,,0.342,,,,,,,,1.64,1.09,6.25,8.33,
2022-08-13 18:59:51.100000,40.281761,-86.691833,,,873.85,66686.0,433.0,487.0,,,,,,0.007,,,,,,,,10.0,10.0,,,,0.0,-117.18,-99.66,,,,,,,0.0,,,,,,,,,,,,
2022-08-13 18:59:51.200000,40.281761,-86.691833,,,,66686.0,433.0,,,,,,,0.013,,,,,,,,10.0,,,4.0,,0.0,-116.93,,,,,,,,0.045,,,,,,,,2.0,9.0,,40.0,
2022-08-13 18:59:51.300000,40.281761,-86.691833,,,873.85,66686.0,433.0,487.0,,,,,,0.0,,,,,,,,10.0,10.0,3.5,,0.0,,-117.31,-100.27,,,,,,,0.005,,,,,,,,,5.0,25.0,0.0,
2022-08-13 18:59:51.400000,40.281761,-86.691833,0.012,,,66686.0,433.0,,,,,,,0.0,,,,,,,,10.0,,,,,,-116.69,,0.002,,,,,,,,,,,,,,,,,,132.0
2022-08-13 18:59:51.500000,40.281761,-86.691833,,,873.85,66686.0,433.0,487.0,,,,,,0.0,,,,,,,,10.0,10.0,,,,,-117.18,-100.18,,,,,,,,,,,,,,,,,,,
2022-08-13 18:59:51.600000,40.281761,-86.691833,,,,66686.0,433.0,,,,,,,,,,,,,,,10.0,,,,,,-118.03,,,,,,,,,,,,,,,,,,,,
2022-08-13 18:59:51.800000,40.281761,-86.691833,,,873.85,,,487.0,,,,,,0.0,,,,,,,,,10.0,,,,,,-101.12,,,,,,,,,,,,,,,,,,,
2022-08-13 18:59:51.900000,40.281761,-86.691833,0.0,,873.85,,,487.0,,,,,,0.0,,,,,,,,,10.0,,,,,,-100.27,0.0,,,,,,0.048,,,,,,,,,8.0,,33.33,0.0
2022-08-13 18:59:52.000000,40.281761,-86.691833,,,,,,,0.0,,,,,0.0,,,,,,,,,,,,,,,,,0.0,,,,,,,,,,,,,,,,,
2022-08-13 18:59:52.100000,40.281761,-86.691833,,,,,,,,,,,,0.0,,,,,,,,,,,,,,,,,,,,,,,,,,,,,,,,,,
2022-08-13 18:59:52.200000,40.281761,-86.691833,,,873.85,,,487.0,,,,,,0.007,,,,,,,,,10.0,,4.0,,50.0,,-102.99,,,,,,,0.029,,,,,,,,,5.0,,0.0,
2022-08-13 18:59:52.300000,40.281761,-86.691833,,,,,,,,,,,,0.0,,,,,,,,,,,,,,,,,,,,,,,,,,,,,,,,,,
2022-08-13 18:59:52.400000,40.281761,-86.691833,0.0,,,66686.0,433.0,,,,,,,0.0,,,,,,,,10.0,,,,,,-117.69,,0.0,,,,,,,,,,,,,,,,,,0.0
2022-08-13 18:59:52.500000,40.281761,-86.691833,,,873.85,,,487.0,,,,,,0.0,,,,,,,,,10.0,4.0,,0.0,,,-99.74,,,,,,,,,,,,,,,,,,,
2022-08-13 18:59:52.700000,40.281761,-86.691833,,,873.85,,,487.0,,,,,,0.007,,,,,,,,,10.0,,11.0,,0.0,,-95.84,,,,,,,0.072,,,,,,,,1.0,5.0,0.0,0.0,
2022-08-13 18:59:52.800000,40.281761,-86.691833,,,,66686.0,433.0,,,,,,,0.0,,,,,,,,10.0,,,,,,-118.63,,,,,,,,,,,,,,,,,,,,
2022-08-13 18:59:52.900000,40.281761,-86.691833,0.0,,,,,,,,,,,,,,,,,,,,,,,,,,,0.0,,,,,,,,,,,,,,,,,,0.0
2022-08-13 18:59:53.000000,40.281761,-86.691833,,,,,,,0.0,,,,,,,,,,,,,,,,,,,,,,,,,,,,,,,,,,,,,,,
2022-08-13 18:59:53.100000,40.281761,-86.691833,,,873.85,66686.0,433.0,487.0,,,,,,0.0,,,,,,,,10.0,10.0,,,,,-116.25,-101.13,,,,,,,,,,,,,,,,,,,
2022-08-13 18:59:53.200000,40.281761,-86.691833,,,873.85,,,487.0,,,,,,0.005,,,,,,,,,10.0,,3.0,,50.0,,-98.8,,,,,,,0.058,,,,,,,,,5.0,,0.0,
2022-08-13 18:59:53.400000,40.281761,-86.691833,0.0,,,66686.0,433.0,,,,,,,0.0,,,,,,,,10.0,,,,,,-118.63,,0.0,,,,,,,,,,,,,,,,,,0.0
2022-08-13 18:59:53.449172,40.281761,-86.691833,,reportStrongestCells,,,,,,,,,,,,,,,,,,,,,,,,,,,,,,,,,,,,,,,,,,,,
2022-08-13 18:59:53.500000,40.281761,-86.691833,,,873.85,66686.0,433.0,487.0,,,,,,0.0,,,,,,,,10.0,10.0,,,,,-117.44,-98.35,,,,,,,,,,,,,,,,,,,
2022-08-13 18:59:53.600000,40.281761,-86.691833,,,873.85,66686.0,433.0,487.0,,,,,,0.0,,,,,,,,10.0,10.0,,,,,-117.15,-98.29,,,,,,,,,,,,,,,,,,,
2022-08-13 18:59:53.700000,40.281761,-86.691833,,,,66686.0,433.0,,,,,,,,,,,,,,,10.0,,0.5,,0.0,,-117.56,,,,,,,,,,,,,,,,,,,,
2022-08-13 18:59:53.900000,40.281761,-86.691833,0.0,,873.85,,,487.0,,,,,,0.0,,,,,,,,,10.0,,,,,,-101.99,0.0,,,,,,,,,,,,,,,,,,0.0
2022-08-13 18:59:54.000000,40.281761,-86.691833,,,873.85,66686.0,433.0,487.0,,,,,,0.0,,,,,,,,10.0,10.0,,,,,-120.88,-102.4,,0.001,,,,,0.028,,,,,,,,3.0,8.0,0.0,0.0,
2022-08-13 18:59:54.100000,40.281761,-86.691833,,,,,,,,,,,,0.0,,,,,,,,,,,,,,,,,,,,,,,,,,,,,,,,,,
2022-08-13 18:59:54.300000,40.281761,-86.691833,,,873.85,,,487.0,,,,,,0.0,,,,,,,,,10.0,,,,,,-95.97,,,,,,,,,,,,,,,,,,,
2022-08-13 18:59:54.400000,40.281761,-86.691833,0.0,,,66686.0,433.0,,,,,,,,,,,,,,,10.0,,,,,,-120.38,,0.0,,,,,,,,,,,,,,,,,,0.0
2022-08-13 18:59:54.500000,40.281761,-86.691833,,,873.85,,,487.0,,,,,,0.0,,,,,,,,,10.0,,,,,,-96.25,,,,,,,0.432,,,,,,,,,5.0,,0.0,
2022-08-13 18:59:54.600000,40.281761,-86.691833,,,,,,,,,,,,0.0,,,,,,,,,,,,,,,,,,,,,,,,,,,,,,,,,,
2022-08-13 18:59:54.700000,40.281761,-86.691833,,,,66686.0,433.0,,,,,,,0.0,,,,,,,,10.0,,,,,,-121.38,,,,,,,,,,,,,,,,,,,,
2022-08-13 18:59:54.800000,40.281761,-86.691833,,,873.85,,,487.0,,,,,,0.0,,,,,,,,,10.0,,,,,,-98.21,,,,,,,0.062,,,,,,,,,5.0,,50.0,
2022-08-13 18:59:54.900000,40.281761,-86.691833,0.0,,,,,,,,,,,0.011,,,,,,,,,,,11.0,,0.0,,,0.0,,,,,,0.054,,,,,,,,,5.0,,0.0,0.0
2022-08-13 18:59:55.000000,40.281761,-86.691833,,,873.85,66686.0,433.0,487.0,0.0,,,,,0.0,,,,,,,,10.0,10.0,,,,,-117.63,-99.47,,,,,,,,,,,,,,,,,,,
2022-08-13 18:59:55.200000,40.281761,-86.691833,,,873.85,,,487.0,,,,,,0.0,,,,,,,,,10.0,2.0,,0.0,,,-99.98,,,,,,,0.432,,,,,,,,,5.0,,0.0,
2022-08-13 18:59:55.300000,40.281761,-86.691833,,,,,,,,,,,,0.0,,,,,,,,,,,,,,,,,,,,,,,,,,,,,,,,,,
2022-08-13 18:59:55.400000,40.281761,-86.691833,0.0,,,,,,,,,,,,,,,,,,,,,,,,,,,0.0,,,,,,,,,,,,,,,,,,0.0
2022-08-13 18:59:55.500000,40.281761,-86.691833,,,,,,,,,,,,,,,,,,,,,,,,,,,,,,,,,,,,,,,,,,,,,,
2022-08-13 18:59:55.600000,40.281761,-86.691833,,,873.85,66686.0,433.0,487.0,,,,,,0.005,,,,,,,,10.0,10.0,,10.0,,0.0,-118.0,-93.63,,,,,,,0.138,,,,,,,,,8.0,,0.0,
2022-08-13 18:59:55.900000,40.281761,-86.691833,0.0,,,,,,,,,,,0.0,,,,,,,,,,,,,,,,0.0,,,,,,,,,,,,,,,,,,0.0
2022-08-13 18:59:56.000000,40.281761,-86.691833,,,873.85,66686.0,433.0,487.0,0.0,,,,,0.0,,,,,,,,10.0,10.0,,,,,-116.69,-93.5,,,,,,,,,,,,,,,,,,,
2022-08-13 18:59:56.100000,40.281761,-86.691833,,,873.85,,,487.0,,,,,,0.0,,,,,,,,,10.0,,,,,,-94.65,,,,,,,,,,,,,,,,,,,
2022-08-13 18:59:56.200000,40.281761,-86.691833,,,873.85,,,487.0,,,,,,0.0,,,,,,,,,10.0,,11.0,,100.0,,-96.19,,,,,,,0.077,,,,,,,,,8.0,,33.33,
2022-08-13 18:59:56.300000,40.281761,-86.691833,,,,66686.0,433.0,,,,,,,0.018,,,,,,,,10.0,,,,,0.0,-121.5,,,,,,,,,,,,,,,,,,,,
2022-08-13 18:59:56.400000,40.281761,-86.691833,0.0,,,,,,,,,,,,,,,,,,,,,,,,,,,0.0,,,,,,,,,,,,,,,,,,0.0
2022-08-13 18:59:56.500000,40.281761,-86.691833,,,,,,,,,,,,0.0,,,,,,,,,,,,,,,,,,,,,,,,,,,,,,,,,,
2022-08-13 18:59:56.600000,40.281761,-86.691833,,,873.85,66686.0,433.0,487.0,,,,,,0.0,,,,,,,,10.0,10.0,2.0,,0.0,,-115.31,-102.7,,,,,,,,,,,,,,,,,,,
2022-08-13 18:59:56.700000,40.281761,-86.691833,,,,,,,,,,,,0.0,,,,,,,,,,,,,,,,,,,,,,,,,,,,,,,,,,
2022-08-13 18:59:56.900000,40.281761,-86.691833,0.0,,873.85,66686.0,433.0,487.0,,,,,,0.0,,,,,,,,10.0,10.0,,,,,-120.56,-103.51,0.0,,,,,,0.432,,,,,,,,,5.0,,0.0,0.0
2022-08-13 18:59:57.000000,40.281761,-86.691833,,,,,,,0.0,,,,,0.0,,,,,,,,,,,,,,,,,,,,,,,,,,,,,,,,,,
2022-08-13 18:59:57.200000,40.281761,-86.691833,,,873.85,,,487.0,,,,,,0.0,,,,,,,,,10.0,,,,,,-99.7,,,,,,,0.432,,,,,,,,,5.0,,0.0,
2022-08-13 18:59:57.300000,40.281761,-86.691833,,,873.85,66686.0,433.0,487.0,,,,,,0.0,,,,,,,,10.0,10.0,0.0,,0.0,,-117.21,-99.83,,,,,,,0.432,,,,,,,,,5.0,,0.0,
2022-08-13 18:59:57.400000,40.281761,-86.691833,0.0,,,66686.0,433.0,,,,,,,0.0,,,,,,,,10.0,,,,,,-115.54,,0.0,,,,,,,,,,,,,,,,,,0.0
2022-08-13 18:59:57.434189,40.281761,-86.691833,,RRC Connection Release,,,,,,,,,,,,,,,,,,,,,,,,,,,,,,,,,,,,,,,,,,,,
2022-08-13 18:59:57.500000,40.281761,-86.691833,,,,,,,,,,,,,,,,,,,,,,,,,,,,,,,,,,,,,,,,,,,,,,
2022-08-13 18:59:57.518162,40.281761,-86.691833,,Cell Searching Start,,,,,,,,,,,,,,,,,,,,,,,,,,,,,,,,,,,,,,,,,,,,
2022-08-13 18:59:57.600000,40.281761,-86.691833,,,,,,,,,,,,,,,,,,,,,,1.0,,0.0,,,,,,,,,,,,,,,,,,,,,,
2022-08-13 18:59:57.691046,40.281761,-86.691833,,Cell Camp On,,,,,,,,,,,,,,,,,,,,,,,,,,,,,,,,,,,,,,,,,,,,
2022-08-13 18:59:57.700000,40.281761,-86.691833,,,,66686.0,433.0,,,,,,,,,,,,,,,10.0,,,,,,-111.94,,,,,,,,,,,,,,,,,,,,
2022-08-13 18:59:57.900000,40.281761,-86.691833,0.0,,,,,,,,,,,,,,,,,,,,,,,,,,,0.0,,,,,,,,,,,,,,,,,,0.0
2022-08-13 18:59:58.000000,40.281761,-86.691833,,,,,,,0.0,,,,,,,,,,,,,,,,,,,,,,0.003,,,,,,,,,,,,,,,,,
2022-08-13 18:59:58.300000,40.281761,-86.691833,,,,,,,,,,,,,,,,,,,,,,4.0,,0.0,,,,,,,,,,,,,,,,,,,,,,
2022-08-13 18:59:58.400000,40.281761,-86.691833,0.0,,,,,,,,,,,,,,,,,,,,,,,,,,,0.0,,,,,,,,,,,,,,,,,,0.0
2022-08-13 18:59:58.700000,40.281761,-86.691833,,,,,,,,,,,,,,,,,,,,,,,,,,,,,,,,,,,,,,,,,,0.0,,0.0,,
2022-08-13 18:59:58.900000,40.281761,-86.691833,0.0,,,,,,,,,,,,,,,,,,,,,,,,,,,0.0,,,,,,,,,,,,,,,,,,0.0
2022-08-13 18:59:59.000000,40.281761,-86.691833,,,,,,,0.0,,,,,,,,,,,,,,,,,,,,,,,,,,,,,,,,,,,,,,,
2022-08-13 18:59:59.000000,40.281761,-86.691833,,,,,,,,,,,,,,,,,,,,,,,,,,,,,,,,,,,,,,,,,,,,,,
2022-08-13 18:59:59.100000,40.281761,-86.691833,,,,66686.0,433.0,,,,,,,,,,,,,,,10.0,,4.0,,0.0,,-116.69,,,,,,,,,,,,,,,,,,,,
2022-08-13 18:59:59.400000,40.281761,-86.691833,0.0,,,,,,,,,,,,,,,,,,,,,,,,,,,0.0,,,,,,,,,,,,,,,,,,0.0
2022-08-13 18:59:59.700000,40.281761,-86.691833,,,,,,,,,,,,,,,,,,,,,,,,,,,,,,,,,,,,,,,,,,,,,,
2022-08-13 18:59:59.900000,40.281761,-86.691833,0.0,,,,,,,,,,,,,,,,,,,,,,,,,,,0.0,,,,,,,,,,,,,,,,,,0.0
2022-08-13 19:00:00.000000,40.281761,-86.691833,,,,,,,,,,,,,,,,,,,,,,,,,,,,,,,,,,,,,,,,,,,,,,
2022-08-13 19:00:00.400000,40.281761,-86.691833,0.0,,,,,,,,,,,,,,,,,,,,,,,,,,,0.0,,,,,,,,,,,,,,,,,,0.0
2022-08-13 19:00:00.600000,40.281761,-86.691833,,,,66686.0,433.0,,,,,,,,,,,,,,,10.0,,,,,,-116.94,,,,,,,,,,,,,,,,,,,,
